# ************************************************************
# Sequel Pro SQL dump
# Version 4096
#
# http://www.sequelpro.com/
# http://code.google.com/p/sequel-pro/
#
# Host: rdsna2yuazjavf2.mysql.rds.aliyuncs.com (MySQL 5.5.18.1-Alibaba-4410-log)
# Database: fx
# Generation Time: 2014-03-11 07:49:23 +0000
# ************************************************************


/*!40101 SET @OLD_CHARACTER_SET_CLIENT=@@CHARACTER_SET_CLIENT */;
/*!40101 SET @OLD_CHARACTER_SET_RESULTS=@@CHARACTER_SET_RESULTS */;
/*!40101 SET @OLD_COLLATION_CONNECTION=@@COLLATION_CONNECTION */;
/*!40101 SET NAMES utf8 */;
/*!40014 SET @OLD_FOREIGN_KEY_CHECKS=@@FOREIGN_KEY_CHECKS, FOREIGN_KEY_CHECKS=0 */;
/*!40101 SET @OLD_SQL_MODE=@@SQL_MODE, SQL_MODE='NO_AUTO_VALUE_ON_ZERO' */;
/*!40111 SET @OLD_SQL_NOTES=@@SQL_NOTES, SQL_NOTES=0 */;


# Dump of table admin
# ------------------------------------------------------------

DROP TABLE IF EXISTS `admin`;

CREATE TABLE `admin` (
  `id` int(10) unsigned NOT NULL AUTO_INCREMENT,
  `rid` int(11) DEFAULT '0' COMMENT 'redmine的用户id',
  `account` varchar(100) NOT NULL,
  `password` varchar(100) NOT NULL,
  `salt` varchar(64) DEFAULT NULL,
  `name` varchar(100) DEFAULT NULL,
  `gender` enum('male','female') NOT NULL DEFAULT 'male',
  `email` varchar(100) DEFAULT NULL,
  `mobile` varchar(100) DEFAULT NULL,
  `birthday` date DEFAULT NULL,
  `identity` varchar(100) DEFAULT NULL,
  `role_id` int(10) unsigned DEFAULT NULL COMMENT '角色id',
  `status` tinyint(1) NOT NULL DEFAULT '1' COMMENT '状态 0-弃用，1-启用',
  `created_by` int(10) unsigned DEFAULT NULL,
  `created_at` timestamp NOT NULL DEFAULT '0000-00-00 00:00:00',
  `updated_at` timestamp NOT NULL DEFAULT '0000-00-00 00:00:00',
  `deleted_at` timestamp NULL DEFAULT NULL,
  `is_super` enum('0','1') NOT NULL DEFAULT '0' COMMENT '是否超级管理员 0：否 1：是',
  PRIMARY KEY (`id`),
  UNIQUE KEY `admin_account_unique` (`account`),
  KEY `created_by` (`created_by`),
  CONSTRAINT `admin_ibfk_1` FOREIGN KEY (`created_by`) REFERENCES `admin` (`id`)
) ENGINE=InnoDB DEFAULT CHARSET=utf8 COMMENT='后台用户';

LOCK TABLES `admin` WRITE;
/*!40000 ALTER TABLE `admin` DISABLE KEYS */;

INSERT INTO `admin` (`id`, `rid`, `account`, `password`, `salt`, `name`, `gender`, `email`, `mobile`, `birthday`, `identity`, `role_id`, `status`, `created_by`, `created_at`, `updated_at`, `deleted_at`, `is_super`)
VALUES
	(1,0,'admin','c754c7ade5bb24bc5cfa623af8c687f904f5440f','e7cce229aa523306fee888a14a1115f4','超级管理员','male','admin@ihuilian.com','18621527275','1987-08-18','870105198708182098',NULL,1,1,'2014-02-25 17:21:31','2014-02-25 18:32:44',NULL,'1'),
	(2,60,'wubin','c5a48d25a1694798c1e96c78768e59198a6d4979','89a052513617f2d00f9705aed0a6dd23','斌吴','male','wubin@ihuilian.com','',NULL,NULL,2,1,1,'2014-02-27 15:56:45','2014-02-28 16:54:25',NULL,'0'),
	(3,3,'liuhe','e4cb14e27f946bea2635da9ece68fa9d79573722','bd2943c4675a3caae04022e62f56945e','刘和','male','liuhe@ihuilian.com',NULL,NULL,NULL,1,1,1,'2014-02-27 16:42:08','0000-00-00 00:00:00',NULL,'0'),
	(4,42,'xuqian','e4260656a64a1a43382404c30c335c2dc85d3e41','c9040f115535596dc1e85bf048352f60','徐倩','male','xuqian@ihuilian.com',NULL,NULL,NULL,1,1,1,'2014-02-27 16:42:08','0000-00-00 00:00:00',NULL,'0'),
	(5,55,'cuiyulei','4f00a480bfa6945a463fa257ebf938cabc368b52','b1bbdb8f9f4804a9241690e28063e7a8','崔玉磊','male','cuiyulei@ihuilian.com','',NULL,NULL,1,1,1,'2014-02-27 16:42:08','2014-02-28 16:29:10',NULL,'0'),
	(6,12,'xiexiao','38d9f3014a0c0096985b7b8842b52a7f30fafc56','d4d17dc52967f3fc17909a3e6f5546bc','谢晓','male','xiexiao@ihuilian.com',NULL,NULL,NULL,1,1,1,'2014-02-27 16:42:08','0000-00-00 00:00:00',NULL,'0'),
	(7,43,'weiyujie','af9a20365c86ddbedfe169cc5afcba702ab48adf','12a87394fa4757546fe3324894314ddd','卫玉杰','male','weiyujie@ihuilian.com',NULL,NULL,NULL,1,1,1,'2014-02-27 16:42:08','0000-00-00 00:00:00',NULL,'0'),
	(8,6,'zhouli','2a78818d24ada9042581ae18aef74c8a76c8f96a','dd26235c5756caaac73cfce1c55b54a3','周黎','male','zhouli@ihuilian.com',NULL,NULL,NULL,1,1,1,'2014-02-27 16:42:08','0000-00-00 00:00:00',NULL,'0'),
	(9,14,'gaoshi','45a0ea4ef49711579f9c49edd2d618e4233649fa','7ec981adef2708a652b61c9574f72d59','高视','male','gaoshi@ihuilian.com',NULL,NULL,NULL,1,1,1,'2014-02-27 16:42:08','0000-00-00 00:00:00',NULL,'0'),
	(10,7,'shenxiaoyan','270a3c94957fdf95d5fb9388ef153b8ac3b57894','591febe34613aa75fee9e4962836e303','沈小燕','male','shenxiaoyan@ihuilian.com',NULL,NULL,NULL,1,1,1,'2014-02-27 16:42:08','0000-00-00 00:00:00',NULL,'0'),
	(20,201,'fangshixiang','8934dc01dec66a4fabcd1af1cddd47039aeac45b','9c14772d0b5d1f706d314bffbc4f386f','方世祥','male','fangshixiang@ihuilian.com','',NULL,NULL,2,1,2,'2014-03-11 15:00:14','2014-03-11 15:00:37',NULL,'0');

/*!40000 ALTER TABLE `admin` ENABLE KEYS */;
UNLOCK TABLES;


# Dump of table admin_role
# ------------------------------------------------------------

DROP TABLE IF EXISTS `admin_role`;

CREATE TABLE `admin_role` (
  `id` int(11) NOT NULL AUTO_INCREMENT COMMENT 'ID',
  `name` varchar(30) NOT NULL DEFAULT '' COMMENT '角色名',
  `description` varchar(255) NOT NULL DEFAULT '' COMMENT '角色说明',
  `permissions` text NOT NULL COMMENT '拥有权限',
  `disabled` tinyint(1) DEFAULT '0' COMMENT '是否删除',
  PRIMARY KEY (`id`)
) ENGINE=MyISAM DEFAULT CHARSET=utf8 COMMENT='后台角色';

LOCK TABLES `admin_role` WRITE;
/*!40000 ALTER TABLE `admin_role` DISABLE KEYS */;

INSERT INTO `admin_role` (`id`, `name`, `description`, `permissions`, `disabled`)
VALUES
	(1,'普通权限','新添加员工的权限','organization_lists,organization_add,organization_poi,ticket_index,ticket_type,order_search,order_detail,order_check,refund_verify,refund_record,bill_payable,system_repass',0),
	(2,'超级管理员','最高权限','organization_lists,organization_add,organization_poi,ticket_index,ticket_type,order_search,order_detail,order_check,refund_verify,refund_record,bill_payable,message_notice,message_publish,system_config,system_role,system_staff,system_repass',0);

/*!40000 ALTER TABLE `admin_role` ENABLE KEYS */;
UNLOCK TABLES;


# Dump of table attachments
# ------------------------------------------------------------

DROP TABLE IF EXISTS `attachments`;

CREATE TABLE `attachments` (
  `id` int(10) unsigned NOT NULL AUTO_INCREMENT,
  `md5` varchar(32) NOT NULL,
  `url` varchar(255) NOT NULL,
  `ext` varchar(100) DEFAULT NULL,
  `mime` varchar(100) NOT NULL,
  `created_by` int(10) unsigned DEFAULT NULL,
  `created_at` timestamp NOT NULL DEFAULT '0000-00-00 00:00:00',
  `updated_at` timestamp NOT NULL DEFAULT '0000-00-00 00:00:00',
  `deleted_at` timestamp NULL DEFAULT NULL,
  PRIMARY KEY (`id`),
  UNIQUE KEY `attachments_md5_unique` (`md5`)
) ENGINE=MyISAM DEFAULT CHARSET=utf8;

LOCK TABLES `attachments` WRITE;
/*!40000 ALTER TABLE `attachments` DISABLE KEYS */;

INSERT INTO `attachments` (`id`, `md5`, `url`, `ext`, `mime`, `created_by`, `created_at`, `updated_at`, `deleted_at`)
VALUES
	(56,'88392743fadd9dae59c8c68a7453a308','Uploads/88/39/88392743fadd9dae59c8c68a7453a308.jpg','jpg','image/jpeg',9,'2013-12-17 18:52:30','0000-00-00 00:00:00',NULL),
	(55,'6b32bb87c220246f2dc423ae2c2c3e10','Uploads/6b/32/6b32bb87c220246f2dc423ae2c2c3e10.PNG','PNG','image/png',9,'2013-12-17 11:25:45','0000-00-00 00:00:00',NULL),
	(54,'6ada320efd85a85a6d43bc28e8b5b3e0','Uploads/6a/da/6ada320efd85a85a6d43bc28e8b5b3e0.jpg','jpg','image/jpeg',9,'2013-12-16 11:22:31','2014-01-10 14:22:05',NULL),
	(53,'152c0eb81e4d7c808a51d4d58f4b4696','Uploads/15/2c/152c0eb81e4d7c808a51d4d58f4b4696.jpg','jpg','image/jpeg',9,'2013-12-11 17:02:58','0000-00-00 00:00:00',NULL),
	(52,'150bbf6adbc8c7fdbd0b2841af469217','Uploads/15/0b/150bbf6adbc8c7fdbd0b2841af469217.jpg','jpg','image/jpeg',8,'2013-12-06 15:31:32','0000-00-00 00:00:00',NULL),
	(51,'01aee4401485da62bcb5bdd345a9b2ad','Uploads/01/ae/01aee4401485da62bcb5bdd345a9b2ad.jpg','jpg','image/jpeg',8,'2013-12-06 15:19:39','2014-01-24 11:22:14',NULL),
	(57,'6bb965c98d105e3006305135288e996f','Uploads/6b/b9/6bb965c98d105e3006305135288e996f.PNG','PNG','image/png',35,'2013-12-20 15:08:14','0000-00-00 00:00:00',NULL),
	(58,'a63ec027f0fe47491ea0ec2bc4c02dc0','Uploads/a6/3e/a63ec027f0fe47491ea0ec2bc4c02dc0.jpg','jpg','image/jpeg',35,'2013-12-24 11:01:36','2013-12-27 14:40:18',NULL),
	(59,'7b78d367396e90528de74fc318eaeee7','Uploads/7b/78/7b78d367396e90528de74fc318eaeee7.jpg','jpg','image/jpeg',35,'2013-12-26 11:42:32','2013-12-27 11:25:28',NULL),
	(60,'9d377b10ce778c4938b3c7e2c63a229a','Uploads/9d/37/9d377b10ce778c4938b3c7e2c63a229a.jpg','jpg','image/jpeg',16,'2013-12-26 19:27:06','0000-00-00 00:00:00',NULL),
	(61,'5a44c7ba5bbe4ec867233d67e4806848','Uploads/5a/44/5a44c7ba5bbe4ec867233d67e4806848.jpg','jpg','image/jpeg',35,'2013-12-27 11:25:08','0000-00-00 00:00:00',NULL),
	(62,'fafa5efeaf3cbe3b23b2748d13e629a1','Uploads/fa/fa/fafa5efeaf3cbe3b23b2748d13e629a1.jpg','jpg','image/jpeg',44,'2014-01-02 17:19:56','0000-00-00 00:00:00',NULL),
	(63,'6d5e8db049ca7839fc5d05947e8178c2','Uploads/6d/5e/6d5e8db049ca7839fc5d05947e8178c2.png','png','image/png',12,'2014-01-07 14:52:51','0000-00-00 00:00:00',NULL),
	(64,'7c58a98944081596e01028d35d58e23e','Uploads/7c/58/7c58a98944081596e01028d35d58e23e.png','png','image/png',35,'2014-01-07 17:59:26','0000-00-00 00:00:00',NULL),
	(65,'4dff2268cc0f979bea50d03e5b9367dc','Uploads/4d/ff/4dff2268cc0f979bea50d03e5b9367dc.png','png','image/png',0,'2014-01-07 19:08:03','0000-00-00 00:00:00',NULL),
	(66,'2ec952ec57c759ff47516e648bbe3222','Uploads/2e/c9/2ec952ec57c759ff47516e648bbe3222.jpeg','jpeg','image/jpeg',0,'2014-01-07 19:28:06','0000-00-00 00:00:00',NULL),
	(67,'e4f38daa27671841a1c24bf409d4ea96','Uploads/e4/f3/e4f38daa27671841a1c24bf409d4ea96.jpeg','jpeg','image/jpeg',0,'2014-01-07 19:28:19','0000-00-00 00:00:00',NULL),
	(68,'403b0e89a2014a7e0e2581115fc722d3','Uploads/40/3b/403b0e89a2014a7e0e2581115fc722d3.jpg','jpg','image/jpeg',9,'2014-01-08 11:25:55','0000-00-00 00:00:00',NULL),
	(69,'bf2f30591cd259e66d8fe46f9bb0df1a','Uploads/bf/2f/bf2f30591cd259e66d8fe46f9bb0df1a.jpg','jpg','image/jpeg',9,'2014-01-08 11:26:03','0000-00-00 00:00:00',NULL),
	(70,'b9083dcff52359d695edefbac8e15ea8','Uploads/b9/08/b9083dcff52359d695edefbac8e15ea8.jpg','jpg','image/jpeg',35,'2014-01-16 18:35:59','0000-00-00 00:00:00',NULL),
	(71,'90b6dba2caf45e25d1805982b9dc6686','Uploads/90/b6/90b6dba2caf45e25d1805982b9dc6686.jpg','jpg','image/jpeg',35,'2014-01-17 14:04:24','0000-00-00 00:00:00',NULL),
	(72,'7aaae27955da699d5eb275ca04e9b505','Uploads/7a/aa/7aaae27955da699d5eb275ca04e9b505.jpg','jpg','image/jpeg',35,'2014-01-17 14:04:59','0000-00-00 00:00:00',NULL),
	(73,'c7598a3b834df791d68c3d8d0589aa1d','Uploads/c7/59/c7598a3b834df791d68c3d8d0589aa1d.jpg','jpg','image/jpeg',35,'2014-01-17 14:29:50','0000-00-00 00:00:00',NULL),
	(74,'811429465d73f7336d47566000905cec','Uploads/81/14/811429465d73f7336d47566000905cec.jpg','jpg','image/jpeg',12,'2014-01-19 15:37:28','0000-00-00 00:00:00',NULL),
	(75,'24589d286ea667490551a6eda539ef46','Uploads/24/58/24589d286ea667490551a6eda539ef46.jpg','jpg','image/jpeg',12,'2014-01-19 15:57:51','0000-00-00 00:00:00',NULL),
	(76,'9c235bfa150cad4b0f3e7b6e5624e4d2','Uploads/9c/23/9c235bfa150cad4b0f3e7b6e5624e4d2.jpg','jpg','image/jpeg',9,'2014-01-20 11:51:38','0000-00-00 00:00:00',NULL),
	(77,'7699b404be405cba929b15ce6ae80235','Uploads/76/99/7699b404be405cba929b15ce6ae80235.jpg','jpg','image/jpeg',9,'2014-01-20 16:19:49','0000-00-00 00:00:00',NULL),
	(78,'8969288f4245120e7c3870287cce0ff3','Uploads/89/69/8969288f4245120e7c3870287cce0ff3.jpg','jpg','image/jpeg',41,'2014-01-21 11:56:09','0000-00-00 00:00:00',NULL),
	(79,'12cc7a533857c3ec93365923a4c2b827','Uploads/12/cc/12cc7a533857c3ec93365923a4c2b827.JPG','JPG','application/octet-stream',44,'2014-01-22 00:09:35','0000-00-00 00:00:00',NULL),
	(80,'b93c019f7ebc02d727a01f675a30af85','Uploads/b9/3c/b93c019f7ebc02d727a01f675a30af85.JPG','JPG','application/octet-stream',44,'2014-01-22 00:10:22','0000-00-00 00:00:00',NULL),
	(81,'745ba5e832e83e88eb76ea0cecfd29ab','Uploads/74/5b/745ba5e832e83e88eb76ea0cecfd29ab.JPG','JPG','application/octet-stream',44,'2014-01-22 00:10:37','0000-00-00 00:00:00',NULL),
	(82,'2af675dadc346ebd1232a8959f9b1117','Uploads/2a/f6/2af675dadc346ebd1232a8959f9b1117.JPG','JPG','application/octet-stream',44,'2014-01-22 00:10:46','0000-00-00 00:00:00',NULL),
	(83,'9e45132d935e3ae3d7791a9203a11180','Uploads/9e/45/9e45132d935e3ae3d7791a9203a11180.JPG','JPG','application/octet-stream',6,'2014-01-22 10:51:41','0000-00-00 00:00:00',NULL),
	(84,'45f983b9f2584d5eefc2f6fdcc3d659f','Uploads/45/f9/45f983b9f2584d5eefc2f6fdcc3d659f.JPG','JPG','application/octet-stream',6,'2014-01-22 10:52:20','0000-00-00 00:00:00',NULL),
	(85,'1eee4cd76d94f4ac819819ec7096ceb2','Uploads/1e/ee/1eee4cd76d94f4ac819819ec7096ceb2.jpg','jpg','application/octet-stream',41,'2014-01-23 18:01:46','0000-00-00 00:00:00',NULL),
	(86,'68733da8b55e88bab9d6426c13f0bb02','Uploads/68/73/68733da8b55e88bab9d6426c13f0bb02.jpg','jpg','image/jpeg',9,'2014-01-23 18:55:44','0000-00-00 00:00:00',NULL),
	(87,'7be17fa4264e209fa2b2c8adac2b4453','Uploads/7b/e1/7be17fa4264e209fa2b2c8adac2b4453.jpg','jpg','application/octet-stream',6,'2014-02-11 16:41:13','0000-00-00 00:00:00',NULL),
	(88,'b927c0d425ee60727b9e1a1d6c7707fb','Uploads/b9/27/b927c0d425ee60727b9e1a1d6c7707fb.jpeg','jpeg','application/octet-stream',44,'2014-02-12 17:02:51','0000-00-00 00:00:00',NULL),
	(89,'4558cff652552a8e941a0c40269fc5b5','Uploads/45/58/4558cff652552a8e941a0c40269fc5b5.jpg','jpg','application/octet-stream',9,'2014-02-14 18:16:30','0000-00-00 00:00:00',NULL),
	(90,'43e738b47ec5ff64b175ff0c5ed3ed5f','Uploads/43/e7/43e738b47ec5ff64b175ff0c5ed3ed5f.gif','gif','application/octet-stream',35,'2014-02-27 11:07:29','0000-00-00 00:00:00',NULL),
	(91,'c621577b611b2b707061eb2de2c9aba7','Uploads/c6/21/c621577b611b2b707061eb2de2c9aba7.jpg','jpg','application/octet-stream',9,'2014-02-28 11:46:25','0000-00-00 00:00:00',NULL),
	(92,'047282ac00a6db301ab6c7573777b997','Uploads/04/72/047282ac00a6db301ab6c7573777b997.jpg','jpg','application/octet-stream',35,'2014-02-28 12:01:50','0000-00-00 00:00:00',NULL),
	(93,'b7ae7a8a5efd0827936ff738deb0a740','Uploads/b7/ae/b7ae7a8a5efd0827936ff738deb0a740.jpg','jpg','image/jpeg',2,'2014-02-28 15:24:37','0000-00-00 00:00:00',NULL);

/*!40000 ALTER TABLE `attachments` ENABLE KEYS */;
UNLOCK TABLES;


# Dump of table bankcard_account
# ------------------------------------------------------------

DROP TABLE IF EXISTS `bankcard_account`;

CREATE TABLE `bankcard_account` (
  `id` int(11) NOT NULL AUTO_INCREMENT,
  `organization_id` int(11) NOT NULL COMMENT '机构id',
  `bank_name` varchar(100) NOT NULL COMMENT '银行名称',
  `account` varchar(100) NOT NULL COMMENT '账号/卡号',
  `account_name` varchar(50) NOT NULL COMMENT '账户名',
  `type` enum('bank','alipay') DEFAULT NULL,
  `status` enum('normal','disable') DEFAULT NULL,
  PRIMARY KEY (`id`),
  UNIQUE KEY `organization_id` (`organization_id`,`bank_name`,`account`)
) ENGINE=InnoDB DEFAULT CHARSET=utf8;

LOCK TABLES `bankcard_account` WRITE;
/*!40000 ALTER TABLE `bankcard_account` DISABLE KEYS */;

INSERT INTO `bankcard_account` (`id`, `organization_id`, `bank_name`, `account`, `account_name`, `type`, `status`)
VALUES
	(2,3,'工商银行','4342342','435345345345354','bank','normal'),
	(3,1,'上饶银行','程序','6222128479987623456','bank','normal'),
	(6,5,'工商银行','4342342','435345345345354','bank','normal'),
	(7,22,'工商银行','小斗牛场','6222021001143056784','bank','normal'),
	(8,2,'支付宝','liuhe9','刘德华','alipay','normal'),
	(9,2,'日照银行','622221313123133131312','刘德华','bank','disable'),
	(10,5,'支付宝','213@123.com','kkk','alipay',NULL),
	(11,5,'南阳市商业银行','fds','323','bank',NULL);

/*!40000 ALTER TABLE `bankcard_account` ENABLE KEYS */;
UNLOCK TABLES;


# Dump of table banks
# ------------------------------------------------------------

DROP TABLE IF EXISTS `banks`;

CREATE TABLE `banks` (
  `id` int(11) NOT NULL AUTO_INCREMENT,
  `name` varchar(100) NOT NULL,
  PRIMARY KEY (`id`)
) ENGINE=InnoDB DEFAULT CHARSET=utf8;

LOCK TABLES `banks` WRITE;
/*!40000 ALTER TABLE `banks` DISABLE KEYS */;

INSERT INTO `banks` (`id`, `name`)
VALUES
	(1,'南京银行'),
	(2,'宁夏银行'),
	(3,'南阳市商业银行'),
	(4,'青岛银行'),
	(5,'青海银行'),
	(6,'日照银行'),
	(7,'上海银行'),
	(8,'浦发银行'),
	(9,'上饶银行'),
	(10,'绍兴银行'),
	(11,'苏州银行'),
	(12,'天津银行'),
	(13,'天津农商银行'),
	(14,'潍坊银行'),
	(15,'外换银行'),
	(16,'乌鲁木齐市商业银行'),
	(17,'新韩银行'),
	(18,'厦门银行'),
	(19,'兴业银行'),
	(20,'云南省农村信用社'),
	(21,'中国光大银行'),
	(22,'中国建设银行'),
	(23,'中国农业银行'),
	(24,'中国银行'),
	(25,'张家港农村商业银行'),
	(26,'浙江民泰商业银行'),
	(27,'招商银行'),
	(28,'浙商银行'),
	(29,'郑州银行'),
	(30,'南昌银行'),
	(31,'桂林银行'),
	(32,'浙江省农村信用社联合社'),
	(33,'嘉兴银行'),
	(34,'深圳平安银行'),
	(35,'广东华兴银行'),
	(36,'济宁银行'),
	(37,'江苏省农村信用社联合社'),
	(38,'交通银行'),
	(39,'鄞州银行'),
	(40,'昆仑银行'),
	(41,'漯河市商业银行'),
	(42,'临商银行'),
	(43,'洛阳银行'),
	(44,'兰州银行'),
	(45,'宁波银行'),
	(46,'内蒙古银行'),
	(47,'宁夏黄河农村商业银行'),
	(48,'攀枝花市商业银行'),
	(49,'齐商银行'),
	(50,'顺德农商银行'),
	(51,'上海农商银行'),
	(52,'商丘市商业银行'),
	(53,'深圳农村商业银行'),
	(54,'泰安市商业银行'),
	(55,'台州银行'),
	(56,'威海市商业银行'),
	(57,'吴江农村商业银行'),
	(58,'温州银行'),
	(59,'邢台银行'),
	(60,'营口银行'),
	(61,'烟台银行'),
	(62,'中国工商银行'),
	(63,'中国民生银行'),
	(64,'中国邮政储蓄银行'),
	(65,'张家口市商业银行'),
	(66,'浙江泰隆商业银行'),
	(67,'中信银行'),
	(68,'安徽省农村信用社'),
	(69,'北京银行'),
	(70,'北京农商行'),
	(71,'渤海银行'),
	(72,'包商银行'),
	(73,'承德银行'),
	(74,'重庆农商行'),
	(75,'重庆银行'),
	(76,'常熟农商银行'),
	(77,'长沙银行'),
	(78,'浙江稠州商业银行'),
	(79,'沧州银行'),
	(80,'东莞银行'),
	(81,'东莞农村商业银行'),
	(82,'大连银行'),
	(83,'东营银行'),
	(84,'德阳银行'),
	(85,'德州银行'),
	(86,'鄂尔多斯银行'),
	(87,'富滇银行'),
	(88,'福建海峡银行'),
	(89,'福建省农村信用社联合社'),
	(90,'阜新银行'),
	(91,'广发银行'),
	(92,'广西北部湾银行'),
	(93,'广西壮族自治区农村信用社联合社'),
	(94,'贵阳银行'),
	(95,'广州银行'),
	(96,'广州农村商业银行'),
	(97,'赣州银行'),
	(98,'湖北省农村信用合作联社'),
	(99,'河北银行'),
	(100,'邯郸银行'),
	(101,'哈尔滨银行'),
	(102,'恒丰银行'),
	(103,'韩国企业银行'),
	(104,'汉口银行'),
	(105,'葫芦岛银行'),
	(106,'海南省农村信用社'),
	(107,'徽商银行'),
	(108,'华夏银行'),
	(109,'韩亚银行'),
	(110,'湖州银行'),
	(111,'杭州银行'),
	(112,'吉林银行'),
	(113,'江苏银行'),
	(114,'晋商银行'),
	(115,'晋城银行'),
	(116,'锦州银行'),
	(117,'开封市商业银行'),
	(118,'昆山农村商业银行'),
	(119,'龙江银行'),
	(120,'莱商银行'),
	(121,'柳州银行'),
	(122,'绵阳市商业银行'),
	(123,'广东南粤银行'),
	(124,'吉林省农村信用社联合社'),
	(125,'山东省农村信用社联合社'),
	(126,'友利银行'),
	(127,'长安银行'),
	(128,'珠海华润银行');

/*!40000 ALTER TABLE `banks` ENABLE KEYS */;
UNLOCK TABLES;


# Dump of table bills
# ------------------------------------------------------------

DROP TABLE IF EXISTS `bills`;

CREATE TABLE `bills` (
  `id` bigint(20) unsigned NOT NULL AUTO_INCREMENT,
  `distributor` int(10) unsigned DEFAULT NULL COMMENT '分销商',
  `supplier` int(10) unsigned DEFAULT NULL COMMENT '供应商',
  `total_amount` decimal(20,2) NOT NULL DEFAULT '0.00' COMMENT '账单金额',
  `pay_status` enum('unpaid','paid') NOT NULL DEFAULT 'unpaid' COMMENT '支付状态',
  `bill_type` enum('online','credit') NOT NULL COMMENT '单据类型：online|credit,在线付款|信用支付',
  `payed_img_id` int(10) unsigned DEFAULT NULL COMMENT '打款凭证',
  `created_at` date NOT NULL COMMENT '生成日期',
  `updated_at` timestamp NOT NULL DEFAULT '0000-00-00 00:00:00' COMMENT '更新日期',
  PRIMARY KEY (`id`)
) ENGINE=InnoDB DEFAULT CHARSET=utf8 COMMENT='账款单';

LOCK TABLES `bills` WRITE;
/*!40000 ALTER TABLE `bills` DISABLE KEYS */;

INSERT INTO `bills` (`id`, `distributor`, `supplier`, `total_amount`, `pay_status`, `bill_type`, `payed_img_id`, `created_at`, `updated_at`)
VALUES
	(20,2,3,404.00,'unpaid','credit',NULL,'2013-12-16','0000-00-00 00:00:00'),
	(21,5,2,105.00,'paid','credit',57,'2013-12-16','2013-12-20 15:08:14'),
	(22,5,2,39.00,'paid','credit',51,'2013-12-17','2014-01-24 11:22:14'),
	(23,5,2,118.00,'unpaid','credit',NULL,'2014-01-23','0000-00-00 00:00:00'),
	(24,5,2,16.00,'unpaid','credit',NULL,'2014-01-28','0000-00-00 00:00:00'),
	(25,5,2,32.00,'unpaid','credit',NULL,'2014-02-04','0000-00-00 00:00:00'),
	(26,5,2,0.50,'unpaid','credit',NULL,'2014-02-25','0000-00-00 00:00:00'),
	(27,5,2,0.10,'paid','online',93,'2014-02-28','2014-02-28 15:24:37'),
	(28,2,3,202.00,'unpaid','credit',NULL,'2014-02-28','0000-00-00 00:00:00'),
	(29,5,2,0.05,'unpaid','credit',NULL,'2014-03-07','0000-00-00 00:00:00');

/*!40000 ALTER TABLE `bills` ENABLE KEYS */;
UNLOCK TABLES;


# Dump of table bills_items
# ------------------------------------------------------------

DROP TABLE IF EXISTS `bills_items`;

CREATE TABLE `bills_items` (
  `id` bigint(20) unsigned NOT NULL AUTO_INCREMENT,
  `bill_id` bigint(20) unsigned NOT NULL DEFAULT '0' COMMENT '账单id',
  `order_id` bigint(20) unsigned NOT NULL DEFAULT '0' COMMENT '订单id',
  PRIMARY KEY (`id`),
  UNIQUE KEY `bill_id_order_id` (`bill_id`,`order_id`)
) ENGINE=InnoDB DEFAULT CHARSET=utf8 COMMENT='账款单明细';

LOCK TABLES `bills_items` WRITE;
/*!40000 ALTER TABLE `bills_items` DISABLE KEYS */;

INSERT INTO `bills_items` (`id`, `bill_id`, `order_id`)
VALUES
	(11,20,2),
	(12,21,6),
	(13,22,11),
	(17,23,10),
	(14,23,18),
	(15,23,21),
	(16,23,41),
	(18,24,42),
	(19,25,43),
	(20,26,52),
	(21,26,55),
	(22,27,22),
	(23,27,23),
	(24,27,24),
	(25,27,25),
	(26,27,26),
	(30,27,29),
	(27,27,35),
	(28,27,44),
	(29,27,45),
	(31,28,15),
	(32,29,56);

/*!40000 ALTER TABLE `bills_items` ENABLE KEYS */;
UNLOCK TABLES;


# Dump of table config
# ------------------------------------------------------------

DROP TABLE IF EXISTS `config`;

CREATE TABLE `config` (
  `id` int(11) unsigned NOT NULL AUTO_INCREMENT,
  `type` enum('settle') DEFAULT 'settle' COMMENT '类型',
  `setting` text COMMENT '设置',
  `created_by` int(11) DEFAULT NULL COMMENT '操作员（admin表）',
  `created_at` timestamp NULL DEFAULT NULL COMMENT '设置时间',
  `updated_at` timestamp NULL DEFAULT NULL COMMENT '更新时间',
  PRIMARY KEY (`id`)
) ENGINE=MyISAM DEFAULT CHARSET=utf8;



# Dump of table districts
# ------------------------------------------------------------

DROP TABLE IF EXISTS `districts`;

CREATE TABLE `districts` (
  `id` int(10) unsigned NOT NULL,
  `name` varchar(100) NOT NULL,
  `level` smallint(5) unsigned NOT NULL DEFAULT '0',
  `parent_id` int(10) unsigned DEFAULT NULL,
  `rank` int(10) unsigned DEFAULT NULL,
  `created_at` timestamp NOT NULL DEFAULT '0000-00-00 00:00:00',
  `updated_at` timestamp NOT NULL DEFAULT '0000-00-00 00:00:00',
  `deleted_at` timestamp NULL DEFAULT NULL,
  PRIMARY KEY (`id`),
  KEY `districts_parent_id_index` (`parent_id`)
) ENGINE=MyISAM DEFAULT CHARSET=utf8;

LOCK TABLES `districts` WRITE;
/*!40000 ALTER TABLE `districts` DISABLE KEYS */;

INSERT INTO `districts` (`id`, `name`, `level`, `parent_id`, `rank`, `created_at`, `updated_at`, `deleted_at`)
VALUES
	(0,'中华人民共和国',0,0,1,'0000-00-00 00:00:00','2013-09-10 12:48:27',NULL),
	(110000,'北京市',1,0,NULL,'0000-00-00 00:00:00','0000-00-00 00:00:00',NULL),
	(110100,'市辖区',2,110000,NULL,'0000-00-00 00:00:00','0000-00-00 00:00:00',NULL),
	(110101,'东城区',3,110100,NULL,'0000-00-00 00:00:00','0000-00-00 00:00:00',NULL),
	(110102,'西城区',3,110100,NULL,'0000-00-00 00:00:00','0000-00-00 00:00:00',NULL),
	(110105,'朝阳区',3,110100,NULL,'0000-00-00 00:00:00','0000-00-00 00:00:00',NULL),
	(110106,'丰台区',3,110100,NULL,'0000-00-00 00:00:00','0000-00-00 00:00:00',NULL),
	(110107,'石景山区',3,110100,NULL,'0000-00-00 00:00:00','0000-00-00 00:00:00',NULL),
	(110108,'海淀区',3,110100,NULL,'0000-00-00 00:00:00','0000-00-00 00:00:00',NULL),
	(110109,'门头沟区',3,110100,NULL,'0000-00-00 00:00:00','0000-00-00 00:00:00',NULL),
	(110111,'房山区',3,110100,NULL,'0000-00-00 00:00:00','0000-00-00 00:00:00',NULL),
	(110112,'通州区',3,110100,NULL,'0000-00-00 00:00:00','0000-00-00 00:00:00',NULL),
	(110113,'顺义区',3,110100,NULL,'0000-00-00 00:00:00','0000-00-00 00:00:00',NULL),
	(110114,'昌平区',3,110100,NULL,'0000-00-00 00:00:00','0000-00-00 00:00:00',NULL),
	(110115,'大兴区',3,110100,NULL,'0000-00-00 00:00:00','0000-00-00 00:00:00',NULL),
	(110116,'怀柔区',3,110100,NULL,'0000-00-00 00:00:00','0000-00-00 00:00:00',NULL),
	(110117,'平谷区',3,110100,NULL,'0000-00-00 00:00:00','0000-00-00 00:00:00',NULL),
	(110200,'县',2,110000,NULL,'0000-00-00 00:00:00','0000-00-00 00:00:00',NULL),
	(110228,'密云县',3,110200,NULL,'0000-00-00 00:00:00','0000-00-00 00:00:00',NULL),
	(110229,'延庆县',3,110200,NULL,'0000-00-00 00:00:00','0000-00-00 00:00:00',NULL),
	(120000,'天津市',1,0,NULL,'0000-00-00 00:00:00','0000-00-00 00:00:00',NULL),
	(120100,'市辖区',2,120000,NULL,'0000-00-00 00:00:00','0000-00-00 00:00:00',NULL),
	(120101,'和平区',3,120100,NULL,'0000-00-00 00:00:00','0000-00-00 00:00:00',NULL),
	(120102,'河东区',3,120100,NULL,'0000-00-00 00:00:00','0000-00-00 00:00:00',NULL),
	(120103,'河西区',3,120100,NULL,'0000-00-00 00:00:00','0000-00-00 00:00:00',NULL),
	(120104,'南开区',3,120100,NULL,'0000-00-00 00:00:00','0000-00-00 00:00:00',NULL),
	(120105,'河北区',3,120100,NULL,'0000-00-00 00:00:00','0000-00-00 00:00:00',NULL),
	(120106,'红桥区',3,120100,NULL,'0000-00-00 00:00:00','0000-00-00 00:00:00',NULL),
	(120110,'东丽区',3,120100,NULL,'0000-00-00 00:00:00','0000-00-00 00:00:00',NULL),
	(120111,'西青区',3,120100,NULL,'0000-00-00 00:00:00','0000-00-00 00:00:00',NULL),
	(120112,'津南区',3,120100,NULL,'0000-00-00 00:00:00','0000-00-00 00:00:00',NULL),
	(120113,'北辰区',3,120100,NULL,'0000-00-00 00:00:00','0000-00-00 00:00:00',NULL),
	(120114,'武清区',3,120100,NULL,'0000-00-00 00:00:00','0000-00-00 00:00:00',NULL),
	(120115,'宝坻区',3,120100,NULL,'0000-00-00 00:00:00','0000-00-00 00:00:00',NULL),
	(120116,'滨海新区',3,120100,NULL,'0000-00-00 00:00:00','0000-00-00 00:00:00',NULL),
	(120200,'县',2,120000,NULL,'0000-00-00 00:00:00','0000-00-00 00:00:00',NULL),
	(120221,'宁河县',3,120200,NULL,'0000-00-00 00:00:00','0000-00-00 00:00:00',NULL),
	(120223,'静海县',3,120200,NULL,'0000-00-00 00:00:00','0000-00-00 00:00:00',NULL),
	(120225,'蓟县',3,120200,NULL,'0000-00-00 00:00:00','0000-00-00 00:00:00',NULL),
	(130000,'河北省',1,0,NULL,'0000-00-00 00:00:00','0000-00-00 00:00:00',NULL),
	(130100,'石家庄市',2,130000,NULL,'0000-00-00 00:00:00','0000-00-00 00:00:00',NULL),
	(130101,'市辖区',3,130100,NULL,'0000-00-00 00:00:00','0000-00-00 00:00:00',NULL),
	(130102,'长安区',3,130100,NULL,'0000-00-00 00:00:00','0000-00-00 00:00:00',NULL),
	(130103,'桥东区',3,130100,NULL,'0000-00-00 00:00:00','0000-00-00 00:00:00',NULL),
	(130104,'桥西区',3,130100,NULL,'0000-00-00 00:00:00','0000-00-00 00:00:00',NULL),
	(130105,'新华区',3,130100,NULL,'0000-00-00 00:00:00','0000-00-00 00:00:00',NULL),
	(130107,'井陉矿区',3,130100,NULL,'0000-00-00 00:00:00','0000-00-00 00:00:00',NULL),
	(130108,'裕华区',3,130100,NULL,'0000-00-00 00:00:00','0000-00-00 00:00:00',NULL),
	(130121,'井陉县',3,130100,NULL,'0000-00-00 00:00:00','0000-00-00 00:00:00',NULL),
	(130123,'正定县',3,130100,NULL,'0000-00-00 00:00:00','0000-00-00 00:00:00',NULL),
	(130124,'栾城县',3,130100,NULL,'0000-00-00 00:00:00','0000-00-00 00:00:00',NULL),
	(130125,'行唐县',3,130100,NULL,'0000-00-00 00:00:00','0000-00-00 00:00:00',NULL),
	(130126,'灵寿县',3,130100,NULL,'0000-00-00 00:00:00','0000-00-00 00:00:00',NULL),
	(130127,'高邑县',3,130100,NULL,'0000-00-00 00:00:00','0000-00-00 00:00:00',NULL),
	(130128,'深泽县',3,130100,NULL,'0000-00-00 00:00:00','0000-00-00 00:00:00',NULL),
	(130129,'赞皇县',3,130100,NULL,'0000-00-00 00:00:00','0000-00-00 00:00:00',NULL),
	(130130,'无极县',3,130100,NULL,'0000-00-00 00:00:00','0000-00-00 00:00:00',NULL),
	(130131,'平山县',3,130100,NULL,'0000-00-00 00:00:00','0000-00-00 00:00:00',NULL),
	(130132,'元氏县',3,130100,NULL,'0000-00-00 00:00:00','0000-00-00 00:00:00',NULL),
	(130133,'赵县',3,130100,NULL,'0000-00-00 00:00:00','0000-00-00 00:00:00',NULL),
	(130181,'辛集市',3,130100,NULL,'0000-00-00 00:00:00','0000-00-00 00:00:00',NULL),
	(130182,'藁城市',3,130100,NULL,'0000-00-00 00:00:00','0000-00-00 00:00:00',NULL),
	(130183,'晋州市',3,130100,NULL,'0000-00-00 00:00:00','0000-00-00 00:00:00',NULL),
	(130184,'新乐市',3,130100,NULL,'0000-00-00 00:00:00','0000-00-00 00:00:00',NULL),
	(130185,'鹿泉市',3,130100,NULL,'0000-00-00 00:00:00','0000-00-00 00:00:00',NULL),
	(130200,'唐山市',2,130000,NULL,'0000-00-00 00:00:00','0000-00-00 00:00:00',NULL),
	(130201,'市辖区',3,130200,NULL,'0000-00-00 00:00:00','0000-00-00 00:00:00',NULL),
	(130202,'路南区',3,130200,NULL,'0000-00-00 00:00:00','0000-00-00 00:00:00',NULL),
	(130203,'路北区',3,130200,NULL,'0000-00-00 00:00:00','0000-00-00 00:00:00',NULL),
	(130204,'古冶区',3,130200,NULL,'0000-00-00 00:00:00','0000-00-00 00:00:00',NULL),
	(130205,'开平区',3,130200,NULL,'0000-00-00 00:00:00','0000-00-00 00:00:00',NULL),
	(130207,'丰南区',3,130200,NULL,'0000-00-00 00:00:00','0000-00-00 00:00:00',NULL),
	(130208,'丰润区',3,130200,NULL,'0000-00-00 00:00:00','0000-00-00 00:00:00',NULL),
	(130209,'曹妃甸区',3,130200,NULL,'0000-00-00 00:00:00','0000-00-00 00:00:00',NULL),
	(130223,'滦县',3,130200,NULL,'0000-00-00 00:00:00','0000-00-00 00:00:00',NULL),
	(130224,'滦南县',3,130200,NULL,'0000-00-00 00:00:00','0000-00-00 00:00:00',NULL),
	(130225,'乐亭县',3,130200,NULL,'0000-00-00 00:00:00','0000-00-00 00:00:00',NULL),
	(130227,'迁西县',3,130200,NULL,'0000-00-00 00:00:00','0000-00-00 00:00:00',NULL),
	(130229,'玉田县',3,130200,NULL,'0000-00-00 00:00:00','0000-00-00 00:00:00',NULL),
	(130281,'遵化市',3,130200,NULL,'0000-00-00 00:00:00','0000-00-00 00:00:00',NULL),
	(130283,'迁安市',3,130200,NULL,'0000-00-00 00:00:00','0000-00-00 00:00:00',NULL),
	(130300,'秦皇岛市',2,130000,NULL,'0000-00-00 00:00:00','0000-00-00 00:00:00',NULL),
	(130301,'市辖区',3,130300,NULL,'0000-00-00 00:00:00','0000-00-00 00:00:00',NULL),
	(130302,'海港区',3,130300,NULL,'0000-00-00 00:00:00','0000-00-00 00:00:00',NULL),
	(130303,'山海关区',3,130300,NULL,'0000-00-00 00:00:00','0000-00-00 00:00:00',NULL),
	(130304,'北戴河区',3,130300,NULL,'0000-00-00 00:00:00','0000-00-00 00:00:00',NULL),
	(130321,'青龙满族自治县',3,130300,NULL,'0000-00-00 00:00:00','0000-00-00 00:00:00',NULL),
	(130322,'昌黎县',3,130300,NULL,'0000-00-00 00:00:00','0000-00-00 00:00:00',NULL),
	(130323,'抚宁县',3,130300,NULL,'0000-00-00 00:00:00','0000-00-00 00:00:00',NULL),
	(130324,'卢龙县',3,130300,NULL,'0000-00-00 00:00:00','0000-00-00 00:00:00',NULL),
	(130400,'邯郸市',2,130000,NULL,'0000-00-00 00:00:00','0000-00-00 00:00:00',NULL),
	(130401,'市辖区',3,130400,NULL,'0000-00-00 00:00:00','0000-00-00 00:00:00',NULL),
	(130402,'邯山区',3,130400,NULL,'0000-00-00 00:00:00','0000-00-00 00:00:00',NULL),
	(130403,'丛台区',3,130400,NULL,'0000-00-00 00:00:00','0000-00-00 00:00:00',NULL),
	(130404,'复兴区',3,130400,NULL,'0000-00-00 00:00:00','0000-00-00 00:00:00',NULL),
	(130406,'峰峰矿区',3,130400,NULL,'0000-00-00 00:00:00','0000-00-00 00:00:00',NULL),
	(130421,'邯郸县',3,130400,NULL,'0000-00-00 00:00:00','0000-00-00 00:00:00',NULL),
	(130423,'临漳县',3,130400,NULL,'0000-00-00 00:00:00','0000-00-00 00:00:00',NULL),
	(130424,'成安县',3,130400,NULL,'0000-00-00 00:00:00','0000-00-00 00:00:00',NULL),
	(130425,'大名县',3,130400,NULL,'0000-00-00 00:00:00','0000-00-00 00:00:00',NULL),
	(130426,'涉县',3,130400,NULL,'0000-00-00 00:00:00','0000-00-00 00:00:00',NULL),
	(130427,'磁县',3,130400,NULL,'0000-00-00 00:00:00','0000-00-00 00:00:00',NULL),
	(130428,'肥乡县',3,130400,NULL,'0000-00-00 00:00:00','0000-00-00 00:00:00',NULL),
	(130429,'永年县',3,130400,NULL,'0000-00-00 00:00:00','0000-00-00 00:00:00',NULL),
	(130430,'邱县',3,130400,NULL,'0000-00-00 00:00:00','0000-00-00 00:00:00',NULL),
	(130431,'鸡泽县',3,130400,NULL,'0000-00-00 00:00:00','0000-00-00 00:00:00',NULL),
	(130432,'广平县',3,130400,NULL,'0000-00-00 00:00:00','0000-00-00 00:00:00',NULL),
	(130433,'馆陶县',3,130400,NULL,'0000-00-00 00:00:00','0000-00-00 00:00:00',NULL),
	(130434,'魏县',3,130400,NULL,'0000-00-00 00:00:00','0000-00-00 00:00:00',NULL),
	(130435,'曲周县',3,130400,NULL,'0000-00-00 00:00:00','0000-00-00 00:00:00',NULL),
	(130481,'武安市',3,130400,NULL,'0000-00-00 00:00:00','0000-00-00 00:00:00',NULL),
	(130500,'邢台市',2,130000,NULL,'0000-00-00 00:00:00','0000-00-00 00:00:00',NULL),
	(130501,'市辖区',3,130500,NULL,'0000-00-00 00:00:00','0000-00-00 00:00:00',NULL),
	(130502,'桥东区',3,130500,NULL,'0000-00-00 00:00:00','0000-00-00 00:00:00',NULL),
	(130503,'桥西区',3,130500,NULL,'0000-00-00 00:00:00','0000-00-00 00:00:00',NULL),
	(130521,'邢台县',3,130500,NULL,'0000-00-00 00:00:00','0000-00-00 00:00:00',NULL),
	(130522,'临城县',3,130500,NULL,'0000-00-00 00:00:00','0000-00-00 00:00:00',NULL),
	(130523,'内丘县',3,130500,NULL,'0000-00-00 00:00:00','0000-00-00 00:00:00',NULL),
	(130524,'柏乡县',3,130500,NULL,'0000-00-00 00:00:00','0000-00-00 00:00:00',NULL),
	(130525,'隆尧县',3,130500,NULL,'0000-00-00 00:00:00','0000-00-00 00:00:00',NULL),
	(130526,'任县',3,130500,NULL,'0000-00-00 00:00:00','0000-00-00 00:00:00',NULL),
	(130527,'南和县',3,130500,NULL,'0000-00-00 00:00:00','0000-00-00 00:00:00',NULL),
	(130528,'宁晋县',3,130500,NULL,'0000-00-00 00:00:00','0000-00-00 00:00:00',NULL),
	(130529,'巨鹿县',3,130500,NULL,'0000-00-00 00:00:00','0000-00-00 00:00:00',NULL),
	(130530,'新河县',3,130500,NULL,'0000-00-00 00:00:00','0000-00-00 00:00:00',NULL),
	(130531,'广宗县',3,130500,NULL,'0000-00-00 00:00:00','0000-00-00 00:00:00',NULL),
	(130532,'平乡县',3,130500,NULL,'0000-00-00 00:00:00','0000-00-00 00:00:00',NULL),
	(130533,'威县',3,130500,NULL,'0000-00-00 00:00:00','0000-00-00 00:00:00',NULL),
	(130534,'清河县',3,130500,NULL,'0000-00-00 00:00:00','0000-00-00 00:00:00',NULL),
	(130535,'临西县',3,130500,NULL,'0000-00-00 00:00:00','0000-00-00 00:00:00',NULL),
	(130581,'南宫市',3,130500,NULL,'0000-00-00 00:00:00','0000-00-00 00:00:00',NULL),
	(130582,'沙河市',3,130500,NULL,'0000-00-00 00:00:00','0000-00-00 00:00:00',NULL),
	(130600,'保定市',2,130000,NULL,'0000-00-00 00:00:00','0000-00-00 00:00:00',NULL),
	(130601,'市辖区',3,130600,NULL,'0000-00-00 00:00:00','0000-00-00 00:00:00',NULL),
	(130602,'新市区',3,130600,NULL,'0000-00-00 00:00:00','0000-00-00 00:00:00',NULL),
	(130603,'北市区',3,130600,NULL,'0000-00-00 00:00:00','0000-00-00 00:00:00',NULL),
	(130604,'南市区',3,130600,NULL,'0000-00-00 00:00:00','0000-00-00 00:00:00',NULL),
	(130621,'满城县',3,130600,NULL,'0000-00-00 00:00:00','0000-00-00 00:00:00',NULL),
	(130622,'清苑县',3,130600,NULL,'0000-00-00 00:00:00','0000-00-00 00:00:00',NULL),
	(130623,'涞水县',3,130600,NULL,'0000-00-00 00:00:00','0000-00-00 00:00:00',NULL),
	(130624,'阜平县',3,130600,NULL,'0000-00-00 00:00:00','0000-00-00 00:00:00',NULL),
	(130625,'徐水县',3,130600,NULL,'0000-00-00 00:00:00','0000-00-00 00:00:00',NULL),
	(130626,'定兴县',3,130600,NULL,'0000-00-00 00:00:00','0000-00-00 00:00:00',NULL),
	(130627,'唐县',3,130600,NULL,'0000-00-00 00:00:00','0000-00-00 00:00:00',NULL),
	(130628,'高阳县',3,130600,NULL,'0000-00-00 00:00:00','0000-00-00 00:00:00',NULL),
	(130629,'容城县',3,130600,NULL,'0000-00-00 00:00:00','0000-00-00 00:00:00',NULL),
	(130630,'涞源县',3,130600,NULL,'0000-00-00 00:00:00','0000-00-00 00:00:00',NULL),
	(130631,'望都县',3,130600,NULL,'0000-00-00 00:00:00','0000-00-00 00:00:00',NULL),
	(130632,'安新县',3,130600,NULL,'0000-00-00 00:00:00','0000-00-00 00:00:00',NULL),
	(130633,'易县',3,130600,NULL,'0000-00-00 00:00:00','0000-00-00 00:00:00',NULL),
	(130634,'曲阳县',3,130600,NULL,'0000-00-00 00:00:00','0000-00-00 00:00:00',NULL),
	(130635,'蠡县',3,130600,NULL,'0000-00-00 00:00:00','0000-00-00 00:00:00',NULL),
	(130636,'顺平县',3,130600,NULL,'0000-00-00 00:00:00','0000-00-00 00:00:00',NULL),
	(130637,'博野县',3,130600,NULL,'0000-00-00 00:00:00','0000-00-00 00:00:00',NULL),
	(130638,'雄县',3,130600,NULL,'0000-00-00 00:00:00','0000-00-00 00:00:00',NULL),
	(130681,'涿州市',3,130600,NULL,'0000-00-00 00:00:00','0000-00-00 00:00:00',NULL),
	(130682,'定州市',3,130600,NULL,'0000-00-00 00:00:00','0000-00-00 00:00:00',NULL),
	(130683,'安国市',3,130600,NULL,'0000-00-00 00:00:00','0000-00-00 00:00:00',NULL),
	(130684,'高碑店市',3,130600,NULL,'0000-00-00 00:00:00','0000-00-00 00:00:00',NULL),
	(130700,'张家口市',2,130000,NULL,'0000-00-00 00:00:00','0000-00-00 00:00:00',NULL),
	(130701,'市辖区',3,130700,NULL,'0000-00-00 00:00:00','0000-00-00 00:00:00',NULL),
	(130702,'桥东区',3,130700,NULL,'0000-00-00 00:00:00','0000-00-00 00:00:00',NULL),
	(130703,'桥西区',3,130700,NULL,'0000-00-00 00:00:00','0000-00-00 00:00:00',NULL),
	(130705,'宣化区',3,130700,NULL,'0000-00-00 00:00:00','0000-00-00 00:00:00',NULL),
	(130706,'下花园区',3,130700,NULL,'0000-00-00 00:00:00','0000-00-00 00:00:00',NULL),
	(130721,'宣化县',3,130700,NULL,'0000-00-00 00:00:00','0000-00-00 00:00:00',NULL),
	(130722,'张北县',3,130700,NULL,'0000-00-00 00:00:00','0000-00-00 00:00:00',NULL),
	(130723,'康保县',3,130700,NULL,'0000-00-00 00:00:00','0000-00-00 00:00:00',NULL),
	(130724,'沽源县',3,130700,NULL,'0000-00-00 00:00:00','0000-00-00 00:00:00',NULL),
	(130725,'尚义县',3,130700,NULL,'0000-00-00 00:00:00','0000-00-00 00:00:00',NULL),
	(130726,'蔚县',3,130700,NULL,'0000-00-00 00:00:00','0000-00-00 00:00:00',NULL),
	(130727,'阳原县',3,130700,NULL,'0000-00-00 00:00:00','0000-00-00 00:00:00',NULL),
	(130728,'怀安县',3,130700,NULL,'0000-00-00 00:00:00','0000-00-00 00:00:00',NULL),
	(130729,'万全县',3,130700,NULL,'0000-00-00 00:00:00','0000-00-00 00:00:00',NULL),
	(130730,'怀来县',3,130700,NULL,'0000-00-00 00:00:00','0000-00-00 00:00:00',NULL),
	(130731,'涿鹿县',3,130700,NULL,'0000-00-00 00:00:00','0000-00-00 00:00:00',NULL),
	(130732,'赤城县',3,130700,NULL,'0000-00-00 00:00:00','0000-00-00 00:00:00',NULL),
	(130733,'崇礼县',3,130700,NULL,'0000-00-00 00:00:00','0000-00-00 00:00:00',NULL),
	(130800,'承德市',2,130000,NULL,'0000-00-00 00:00:00','0000-00-00 00:00:00',NULL),
	(130801,'市辖区',3,130800,NULL,'0000-00-00 00:00:00','0000-00-00 00:00:00',NULL),
	(130802,'双桥区',3,130800,NULL,'0000-00-00 00:00:00','0000-00-00 00:00:00',NULL),
	(130803,'双滦区',3,130800,NULL,'0000-00-00 00:00:00','0000-00-00 00:00:00',NULL),
	(130804,'鹰手营子矿区',3,130800,NULL,'0000-00-00 00:00:00','0000-00-00 00:00:00',NULL),
	(130821,'承德县',3,130800,NULL,'0000-00-00 00:00:00','0000-00-00 00:00:00',NULL),
	(130822,'兴隆县',3,130800,NULL,'0000-00-00 00:00:00','0000-00-00 00:00:00',NULL),
	(130823,'平泉县',3,130800,NULL,'0000-00-00 00:00:00','0000-00-00 00:00:00',NULL),
	(130824,'滦平县',3,130800,NULL,'0000-00-00 00:00:00','0000-00-00 00:00:00',NULL),
	(130825,'隆化县',3,130800,NULL,'0000-00-00 00:00:00','0000-00-00 00:00:00',NULL),
	(130826,'丰宁满族自治县',3,130800,NULL,'0000-00-00 00:00:00','0000-00-00 00:00:00',NULL),
	(130827,'宽城满族自治县',3,130800,NULL,'0000-00-00 00:00:00','0000-00-00 00:00:00',NULL),
	(130828,'围场满族蒙古族自治县',3,130800,NULL,'0000-00-00 00:00:00','0000-00-00 00:00:00',NULL),
	(130900,'沧州市',2,130000,NULL,'0000-00-00 00:00:00','0000-00-00 00:00:00',NULL),
	(130901,'市辖区',3,130900,NULL,'0000-00-00 00:00:00','0000-00-00 00:00:00',NULL),
	(130902,'新华区',3,130900,NULL,'0000-00-00 00:00:00','0000-00-00 00:00:00',NULL),
	(130903,'运河区',3,130900,NULL,'0000-00-00 00:00:00','0000-00-00 00:00:00',NULL),
	(130921,'沧县',3,130900,NULL,'0000-00-00 00:00:00','0000-00-00 00:00:00',NULL),
	(130922,'青县',3,130900,NULL,'0000-00-00 00:00:00','0000-00-00 00:00:00',NULL),
	(130923,'东光县',3,130900,NULL,'0000-00-00 00:00:00','0000-00-00 00:00:00',NULL),
	(130924,'海兴县',3,130900,NULL,'0000-00-00 00:00:00','0000-00-00 00:00:00',NULL),
	(130925,'盐山县',3,130900,NULL,'0000-00-00 00:00:00','0000-00-00 00:00:00',NULL),
	(130926,'肃宁县',3,130900,NULL,'0000-00-00 00:00:00','0000-00-00 00:00:00',NULL),
	(130927,'南皮县',3,130900,NULL,'0000-00-00 00:00:00','0000-00-00 00:00:00',NULL),
	(130928,'吴桥县',3,130900,NULL,'0000-00-00 00:00:00','0000-00-00 00:00:00',NULL),
	(130929,'献县',3,130900,NULL,'0000-00-00 00:00:00','0000-00-00 00:00:00',NULL),
	(130930,'孟村回族自治县',3,130900,NULL,'0000-00-00 00:00:00','0000-00-00 00:00:00',NULL),
	(130981,'泊头市',3,130900,NULL,'0000-00-00 00:00:00','0000-00-00 00:00:00',NULL),
	(130982,'任丘市',3,130900,NULL,'0000-00-00 00:00:00','0000-00-00 00:00:00',NULL),
	(130983,'黄骅市',3,130900,NULL,'0000-00-00 00:00:00','0000-00-00 00:00:00',NULL),
	(130984,'河间市',3,130900,NULL,'0000-00-00 00:00:00','0000-00-00 00:00:00',NULL),
	(131000,'廊坊市',2,130000,NULL,'0000-00-00 00:00:00','0000-00-00 00:00:00',NULL),
	(131001,'市辖区',3,131000,NULL,'0000-00-00 00:00:00','0000-00-00 00:00:00',NULL),
	(131002,'安次区',3,131000,NULL,'0000-00-00 00:00:00','0000-00-00 00:00:00',NULL),
	(131003,'广阳区',3,131000,NULL,'0000-00-00 00:00:00','0000-00-00 00:00:00',NULL),
	(131022,'固安县',3,131000,NULL,'0000-00-00 00:00:00','0000-00-00 00:00:00',NULL),
	(131023,'永清县',3,131000,NULL,'0000-00-00 00:00:00','0000-00-00 00:00:00',NULL),
	(131024,'香河县',3,131000,NULL,'0000-00-00 00:00:00','0000-00-00 00:00:00',NULL),
	(131025,'大城县',3,131000,NULL,'0000-00-00 00:00:00','0000-00-00 00:00:00',NULL),
	(131026,'文安县',3,131000,NULL,'0000-00-00 00:00:00','0000-00-00 00:00:00',NULL),
	(131028,'大厂回族自治县',3,131000,NULL,'0000-00-00 00:00:00','0000-00-00 00:00:00',NULL),
	(131081,'霸州市',3,131000,NULL,'0000-00-00 00:00:00','0000-00-00 00:00:00',NULL),
	(131082,'三河市',3,131000,NULL,'0000-00-00 00:00:00','0000-00-00 00:00:00',NULL),
	(131100,'衡水市',2,130000,NULL,'0000-00-00 00:00:00','0000-00-00 00:00:00',NULL),
	(131101,'市辖区',3,131100,NULL,'0000-00-00 00:00:00','0000-00-00 00:00:00',NULL),
	(131102,'桃城区',3,131100,NULL,'0000-00-00 00:00:00','0000-00-00 00:00:00',NULL),
	(131121,'枣强县',3,131100,NULL,'0000-00-00 00:00:00','0000-00-00 00:00:00',NULL),
	(131122,'武邑县',3,131100,NULL,'0000-00-00 00:00:00','0000-00-00 00:00:00',NULL),
	(131123,'武强县',3,131100,NULL,'0000-00-00 00:00:00','0000-00-00 00:00:00',NULL),
	(131124,'饶阳县',3,131100,NULL,'0000-00-00 00:00:00','0000-00-00 00:00:00',NULL),
	(131125,'安平县',3,131100,NULL,'0000-00-00 00:00:00','0000-00-00 00:00:00',NULL),
	(131126,'故城县',3,131100,NULL,'0000-00-00 00:00:00','0000-00-00 00:00:00',NULL),
	(131127,'景县',3,131100,NULL,'0000-00-00 00:00:00','0000-00-00 00:00:00',NULL),
	(131128,'阜城县',3,131100,NULL,'0000-00-00 00:00:00','0000-00-00 00:00:00',NULL),
	(131181,'冀州市',3,131100,NULL,'0000-00-00 00:00:00','0000-00-00 00:00:00',NULL),
	(131182,'深州市',3,131100,NULL,'0000-00-00 00:00:00','0000-00-00 00:00:00',NULL),
	(140000,'山西省',1,0,NULL,'0000-00-00 00:00:00','0000-00-00 00:00:00',NULL),
	(140100,'太原市',2,140000,NULL,'0000-00-00 00:00:00','0000-00-00 00:00:00',NULL),
	(140101,'市辖区',3,140100,NULL,'0000-00-00 00:00:00','0000-00-00 00:00:00',NULL),
	(140105,'小店区',3,140100,NULL,'0000-00-00 00:00:00','0000-00-00 00:00:00',NULL),
	(140106,'迎泽区',3,140100,NULL,'0000-00-00 00:00:00','0000-00-00 00:00:00',NULL),
	(140107,'杏花岭区',3,140100,NULL,'0000-00-00 00:00:00','0000-00-00 00:00:00',NULL),
	(140108,'尖草坪区',3,140100,NULL,'0000-00-00 00:00:00','0000-00-00 00:00:00',NULL),
	(140109,'万柏林区',3,140100,NULL,'0000-00-00 00:00:00','0000-00-00 00:00:00',NULL),
	(140110,'晋源区',3,140100,NULL,'0000-00-00 00:00:00','0000-00-00 00:00:00',NULL),
	(140121,'清徐县',3,140100,NULL,'0000-00-00 00:00:00','0000-00-00 00:00:00',NULL),
	(140122,'阳曲县',3,140100,NULL,'0000-00-00 00:00:00','0000-00-00 00:00:00',NULL),
	(140123,'娄烦县',3,140100,NULL,'0000-00-00 00:00:00','0000-00-00 00:00:00',NULL),
	(140181,'古交市',3,140100,NULL,'0000-00-00 00:00:00','0000-00-00 00:00:00',NULL),
	(140200,'大同市',2,140000,NULL,'0000-00-00 00:00:00','0000-00-00 00:00:00',NULL),
	(140201,'市辖区',3,140200,NULL,'0000-00-00 00:00:00','0000-00-00 00:00:00',NULL),
	(140202,'城区',3,140200,NULL,'0000-00-00 00:00:00','0000-00-00 00:00:00',NULL),
	(140203,'矿区',3,140200,NULL,'0000-00-00 00:00:00','0000-00-00 00:00:00',NULL),
	(140211,'南郊区',3,140200,NULL,'0000-00-00 00:00:00','0000-00-00 00:00:00',NULL),
	(140212,'新荣区',3,140200,NULL,'0000-00-00 00:00:00','0000-00-00 00:00:00',NULL),
	(140221,'阳高县',3,140200,NULL,'0000-00-00 00:00:00','0000-00-00 00:00:00',NULL),
	(140222,'天镇县',3,140200,NULL,'0000-00-00 00:00:00','0000-00-00 00:00:00',NULL),
	(140223,'广灵县',3,140200,NULL,'0000-00-00 00:00:00','0000-00-00 00:00:00',NULL),
	(140224,'灵丘县',3,140200,NULL,'0000-00-00 00:00:00','0000-00-00 00:00:00',NULL),
	(140225,'浑源县',3,140200,NULL,'0000-00-00 00:00:00','0000-00-00 00:00:00',NULL),
	(140226,'左云县',3,140200,NULL,'0000-00-00 00:00:00','0000-00-00 00:00:00',NULL),
	(140227,'大同县',3,140200,NULL,'0000-00-00 00:00:00','0000-00-00 00:00:00',NULL),
	(140300,'阳泉市',2,140000,NULL,'0000-00-00 00:00:00','0000-00-00 00:00:00',NULL),
	(140301,'市辖区',3,140300,NULL,'0000-00-00 00:00:00','0000-00-00 00:00:00',NULL),
	(140302,'城区',3,140300,NULL,'0000-00-00 00:00:00','0000-00-00 00:00:00',NULL),
	(140303,'矿区',3,140300,NULL,'0000-00-00 00:00:00','0000-00-00 00:00:00',NULL),
	(140311,'郊区',3,140300,NULL,'0000-00-00 00:00:00','0000-00-00 00:00:00',NULL),
	(140321,'平定县',3,140300,NULL,'0000-00-00 00:00:00','0000-00-00 00:00:00',NULL),
	(140322,'盂县',3,140300,NULL,'0000-00-00 00:00:00','0000-00-00 00:00:00',NULL),
	(140400,'长治市',2,140000,NULL,'0000-00-00 00:00:00','0000-00-00 00:00:00',NULL),
	(140401,'市辖区',3,140400,NULL,'0000-00-00 00:00:00','0000-00-00 00:00:00',NULL),
	(140402,'城区',3,140400,NULL,'0000-00-00 00:00:00','0000-00-00 00:00:00',NULL),
	(140411,'郊区',3,140400,NULL,'0000-00-00 00:00:00','0000-00-00 00:00:00',NULL),
	(140421,'长治县',3,140400,NULL,'0000-00-00 00:00:00','0000-00-00 00:00:00',NULL),
	(140423,'襄垣县',3,140400,NULL,'0000-00-00 00:00:00','0000-00-00 00:00:00',NULL),
	(140424,'屯留县',3,140400,NULL,'0000-00-00 00:00:00','0000-00-00 00:00:00',NULL),
	(140425,'平顺县',3,140400,NULL,'0000-00-00 00:00:00','0000-00-00 00:00:00',NULL),
	(140426,'黎城县',3,140400,NULL,'0000-00-00 00:00:00','0000-00-00 00:00:00',NULL),
	(140427,'壶关县',3,140400,NULL,'0000-00-00 00:00:00','0000-00-00 00:00:00',NULL),
	(140428,'长子县',3,140400,NULL,'0000-00-00 00:00:00','0000-00-00 00:00:00',NULL),
	(140429,'武乡县',3,140400,NULL,'0000-00-00 00:00:00','0000-00-00 00:00:00',NULL),
	(140430,'沁县',3,140400,NULL,'0000-00-00 00:00:00','0000-00-00 00:00:00',NULL),
	(140431,'沁源县',3,140400,NULL,'0000-00-00 00:00:00','0000-00-00 00:00:00',NULL),
	(140481,'潞城市',3,140400,NULL,'0000-00-00 00:00:00','0000-00-00 00:00:00',NULL),
	(140500,'晋城市',2,140000,NULL,'0000-00-00 00:00:00','0000-00-00 00:00:00',NULL),
	(140501,'晋城市市辖区',3,140500,NULL,'0000-00-00 00:00:00','0000-00-00 00:00:00',NULL),
	(140502,'城区',3,140500,NULL,'0000-00-00 00:00:00','0000-00-00 00:00:00',NULL),
	(140521,'沁水县',3,140500,NULL,'0000-00-00 00:00:00','0000-00-00 00:00:00',NULL),
	(140522,'阳城县',3,140500,NULL,'0000-00-00 00:00:00','0000-00-00 00:00:00',NULL),
	(140524,'陵川县',3,140500,NULL,'0000-00-00 00:00:00','0000-00-00 00:00:00',NULL),
	(140525,'泽州县',3,140500,NULL,'0000-00-00 00:00:00','0000-00-00 00:00:00',NULL),
	(140581,'高平市',3,140500,NULL,'0000-00-00 00:00:00','0000-00-00 00:00:00',NULL),
	(140600,'朔州市',2,140000,NULL,'0000-00-00 00:00:00','0000-00-00 00:00:00',NULL),
	(140601,'市辖区',3,140600,NULL,'0000-00-00 00:00:00','0000-00-00 00:00:00',NULL),
	(140602,'朔城区',3,140600,NULL,'0000-00-00 00:00:00','0000-00-00 00:00:00',NULL),
	(140603,'平鲁区',3,140600,NULL,'0000-00-00 00:00:00','0000-00-00 00:00:00',NULL),
	(140621,'山阴县',3,140600,NULL,'0000-00-00 00:00:00','0000-00-00 00:00:00',NULL),
	(140622,'应县',3,140600,NULL,'0000-00-00 00:00:00','0000-00-00 00:00:00',NULL),
	(140623,'右玉县',3,140600,NULL,'0000-00-00 00:00:00','0000-00-00 00:00:00',NULL),
	(140624,'怀仁县',3,140600,NULL,'0000-00-00 00:00:00','0000-00-00 00:00:00',NULL),
	(140700,'晋中市',2,140000,NULL,'0000-00-00 00:00:00','0000-00-00 00:00:00',NULL),
	(140701,'市辖区',3,140700,NULL,'0000-00-00 00:00:00','0000-00-00 00:00:00',NULL),
	(140702,'榆次区',3,140700,NULL,'0000-00-00 00:00:00','0000-00-00 00:00:00',NULL),
	(140721,'榆社县',3,140700,NULL,'0000-00-00 00:00:00','0000-00-00 00:00:00',NULL),
	(140722,'左权县',3,140700,NULL,'0000-00-00 00:00:00','0000-00-00 00:00:00',NULL),
	(140723,'和顺县',3,140700,NULL,'0000-00-00 00:00:00','0000-00-00 00:00:00',NULL),
	(140724,'昔阳县',3,140700,NULL,'0000-00-00 00:00:00','0000-00-00 00:00:00',NULL),
	(140725,'寿阳县',3,140700,NULL,'0000-00-00 00:00:00','0000-00-00 00:00:00',NULL),
	(140726,'太谷县',3,140700,NULL,'0000-00-00 00:00:00','0000-00-00 00:00:00',NULL),
	(140727,'祁县',3,140700,NULL,'0000-00-00 00:00:00','0000-00-00 00:00:00',NULL),
	(140728,'平遥县',3,140700,NULL,'0000-00-00 00:00:00','0000-00-00 00:00:00',NULL),
	(140729,'灵石县',3,140700,NULL,'0000-00-00 00:00:00','0000-00-00 00:00:00',NULL),
	(140781,'介休市',3,140700,NULL,'0000-00-00 00:00:00','0000-00-00 00:00:00',NULL),
	(140800,'运城市',2,140000,NULL,'0000-00-00 00:00:00','0000-00-00 00:00:00',NULL),
	(140801,'市辖区',3,140800,NULL,'0000-00-00 00:00:00','0000-00-00 00:00:00',NULL),
	(140802,'盐湖区',3,140800,NULL,'0000-00-00 00:00:00','0000-00-00 00:00:00',NULL),
	(140821,'临猗县',3,140800,NULL,'0000-00-00 00:00:00','0000-00-00 00:00:00',NULL),
	(140822,'万荣县',3,140800,NULL,'0000-00-00 00:00:00','0000-00-00 00:00:00',NULL),
	(140823,'闻喜县',3,140800,NULL,'0000-00-00 00:00:00','0000-00-00 00:00:00',NULL),
	(140824,'稷山县',3,140800,NULL,'0000-00-00 00:00:00','0000-00-00 00:00:00',NULL),
	(140825,'新绛县',3,140800,NULL,'0000-00-00 00:00:00','0000-00-00 00:00:00',NULL),
	(140826,'绛县',3,140800,NULL,'0000-00-00 00:00:00','0000-00-00 00:00:00',NULL),
	(140827,'垣曲县',3,140800,NULL,'0000-00-00 00:00:00','0000-00-00 00:00:00',NULL),
	(140828,'夏县',3,140800,NULL,'0000-00-00 00:00:00','0000-00-00 00:00:00',NULL),
	(140829,'平陆县',3,140800,NULL,'0000-00-00 00:00:00','0000-00-00 00:00:00',NULL),
	(140830,'芮城县',3,140800,NULL,'0000-00-00 00:00:00','0000-00-00 00:00:00',NULL),
	(140881,'永济市',3,140800,NULL,'0000-00-00 00:00:00','0000-00-00 00:00:00',NULL),
	(140882,'河津市',3,140800,NULL,'0000-00-00 00:00:00','0000-00-00 00:00:00',NULL),
	(140900,'忻州市',2,140000,NULL,'0000-00-00 00:00:00','0000-00-00 00:00:00',NULL),
	(140901,'市辖区',3,140900,NULL,'0000-00-00 00:00:00','0000-00-00 00:00:00',NULL),
	(140902,'忻府区',3,140900,NULL,'0000-00-00 00:00:00','0000-00-00 00:00:00',NULL),
	(140921,'定襄县',3,140900,NULL,'0000-00-00 00:00:00','0000-00-00 00:00:00',NULL),
	(140922,'五台县',3,140900,NULL,'0000-00-00 00:00:00','0000-00-00 00:00:00',NULL),
	(140923,'代县',3,140900,NULL,'0000-00-00 00:00:00','0000-00-00 00:00:00',NULL),
	(140924,'繁峙县',3,140900,NULL,'0000-00-00 00:00:00','0000-00-00 00:00:00',NULL),
	(140925,'宁武县',3,140900,NULL,'0000-00-00 00:00:00','0000-00-00 00:00:00',NULL),
	(140926,'静乐县',3,140900,NULL,'0000-00-00 00:00:00','0000-00-00 00:00:00',NULL),
	(140927,'神池县',3,140900,NULL,'0000-00-00 00:00:00','0000-00-00 00:00:00',NULL),
	(140928,'五寨县',3,140900,NULL,'0000-00-00 00:00:00','0000-00-00 00:00:00',NULL),
	(140929,'岢岚县',3,140900,NULL,'0000-00-00 00:00:00','0000-00-00 00:00:00',NULL),
	(140930,'河曲县',3,140900,NULL,'0000-00-00 00:00:00','0000-00-00 00:00:00',NULL),
	(140931,'保德县',3,140900,NULL,'0000-00-00 00:00:00','0000-00-00 00:00:00',NULL),
	(140932,'偏关县',3,140900,NULL,'0000-00-00 00:00:00','0000-00-00 00:00:00',NULL),
	(140981,'原平市',3,140900,NULL,'0000-00-00 00:00:00','0000-00-00 00:00:00',NULL),
	(141000,'临汾市',2,140000,NULL,'0000-00-00 00:00:00','0000-00-00 00:00:00',NULL),
	(141001,'市辖区',3,141000,NULL,'0000-00-00 00:00:00','0000-00-00 00:00:00',NULL),
	(141002,'尧都区',3,141000,NULL,'0000-00-00 00:00:00','0000-00-00 00:00:00',NULL),
	(141021,'曲沃县',3,141000,NULL,'0000-00-00 00:00:00','0000-00-00 00:00:00',NULL),
	(141022,'翼城县',3,141000,NULL,'0000-00-00 00:00:00','0000-00-00 00:00:00',NULL),
	(141023,'襄汾县',3,141000,NULL,'0000-00-00 00:00:00','0000-00-00 00:00:00',NULL),
	(141024,'洪洞县',3,141000,NULL,'0000-00-00 00:00:00','0000-00-00 00:00:00',NULL),
	(141025,'古县',3,141000,NULL,'0000-00-00 00:00:00','0000-00-00 00:00:00',NULL),
	(141026,'安泽县',3,141000,NULL,'0000-00-00 00:00:00','0000-00-00 00:00:00',NULL),
	(141027,'浮山县',3,141000,NULL,'0000-00-00 00:00:00','0000-00-00 00:00:00',NULL),
	(141028,'吉县',3,141000,NULL,'0000-00-00 00:00:00','0000-00-00 00:00:00',NULL),
	(141029,'乡宁县',3,141000,NULL,'0000-00-00 00:00:00','0000-00-00 00:00:00',NULL),
	(141030,'大宁县',3,141000,NULL,'0000-00-00 00:00:00','0000-00-00 00:00:00',NULL),
	(141031,'隰县',3,141000,NULL,'0000-00-00 00:00:00','0000-00-00 00:00:00',NULL),
	(141032,'永和县',3,141000,NULL,'0000-00-00 00:00:00','0000-00-00 00:00:00',NULL),
	(141033,'蒲县',3,141000,NULL,'0000-00-00 00:00:00','0000-00-00 00:00:00',NULL),
	(141034,'汾西县',3,141000,NULL,'0000-00-00 00:00:00','0000-00-00 00:00:00',NULL),
	(141081,'侯马市',3,141000,NULL,'0000-00-00 00:00:00','0000-00-00 00:00:00',NULL),
	(141082,'霍州市',3,141000,NULL,'0000-00-00 00:00:00','0000-00-00 00:00:00',NULL),
	(141100,'吕梁市',2,140000,NULL,'0000-00-00 00:00:00','0000-00-00 00:00:00',NULL),
	(141101,'市辖区',3,141100,NULL,'0000-00-00 00:00:00','0000-00-00 00:00:00',NULL),
	(141102,'离石区',3,141100,NULL,'0000-00-00 00:00:00','0000-00-00 00:00:00',NULL),
	(141121,'文水县',3,141100,NULL,'0000-00-00 00:00:00','0000-00-00 00:00:00',NULL),
	(141122,'交城县',3,141100,NULL,'0000-00-00 00:00:00','0000-00-00 00:00:00',NULL),
	(141123,'兴县',3,141100,NULL,'0000-00-00 00:00:00','0000-00-00 00:00:00',NULL),
	(141124,'临县',3,141100,NULL,'0000-00-00 00:00:00','0000-00-00 00:00:00',NULL),
	(141125,'柳林县',3,141100,NULL,'0000-00-00 00:00:00','0000-00-00 00:00:00',NULL),
	(141126,'石楼县',3,141100,NULL,'0000-00-00 00:00:00','0000-00-00 00:00:00',NULL),
	(141127,'岚县',3,141100,NULL,'0000-00-00 00:00:00','0000-00-00 00:00:00',NULL),
	(141128,'方山县',3,141100,NULL,'0000-00-00 00:00:00','0000-00-00 00:00:00',NULL),
	(141129,'中阳县',3,141100,NULL,'0000-00-00 00:00:00','0000-00-00 00:00:00',NULL),
	(141130,'交口县',3,141100,NULL,'0000-00-00 00:00:00','0000-00-00 00:00:00',NULL),
	(141181,'孝义市',3,141100,NULL,'0000-00-00 00:00:00','0000-00-00 00:00:00',NULL),
	(141182,'汾阳市',3,141100,NULL,'0000-00-00 00:00:00','0000-00-00 00:00:00',NULL),
	(150000,'内蒙古自治区',1,0,NULL,'0000-00-00 00:00:00','0000-00-00 00:00:00',NULL),
	(150100,'呼和浩特市',2,150000,NULL,'0000-00-00 00:00:00','0000-00-00 00:00:00',NULL),
	(150101,'市辖区',3,150100,NULL,'0000-00-00 00:00:00','0000-00-00 00:00:00',NULL),
	(150102,'新城区',3,150100,NULL,'0000-00-00 00:00:00','0000-00-00 00:00:00',NULL),
	(150103,'回民区',3,150100,NULL,'0000-00-00 00:00:00','0000-00-00 00:00:00',NULL),
	(150104,'玉泉区',3,150100,NULL,'0000-00-00 00:00:00','0000-00-00 00:00:00',NULL),
	(150105,'赛罕区',3,150100,NULL,'0000-00-00 00:00:00','0000-00-00 00:00:00',NULL),
	(150121,'土默特左旗',3,150100,NULL,'0000-00-00 00:00:00','0000-00-00 00:00:00',NULL),
	(150122,'托克托县',3,150100,NULL,'0000-00-00 00:00:00','0000-00-00 00:00:00',NULL),
	(150123,'和林格尔县',3,150100,NULL,'0000-00-00 00:00:00','0000-00-00 00:00:00',NULL),
	(150124,'清水河县',3,150100,NULL,'0000-00-00 00:00:00','0000-00-00 00:00:00',NULL),
	(150125,'武川县',3,150100,NULL,'0000-00-00 00:00:00','0000-00-00 00:00:00',NULL),
	(150200,'包头市',2,150000,NULL,'0000-00-00 00:00:00','0000-00-00 00:00:00',NULL),
	(150201,'市辖区',3,150200,NULL,'0000-00-00 00:00:00','0000-00-00 00:00:00',NULL),
	(150202,'东河区',3,150200,NULL,'0000-00-00 00:00:00','0000-00-00 00:00:00',NULL),
	(150203,'昆都仑区',3,150200,NULL,'0000-00-00 00:00:00','0000-00-00 00:00:00',NULL),
	(150204,'青山区',3,150200,NULL,'0000-00-00 00:00:00','0000-00-00 00:00:00',NULL),
	(150205,'石拐区',3,150200,NULL,'0000-00-00 00:00:00','0000-00-00 00:00:00',NULL),
	(150206,'白云鄂博矿区',3,150200,NULL,'0000-00-00 00:00:00','0000-00-00 00:00:00',NULL),
	(150207,'九原区',3,150200,NULL,'0000-00-00 00:00:00','0000-00-00 00:00:00',NULL),
	(150221,'土默特右旗',3,150200,NULL,'0000-00-00 00:00:00','0000-00-00 00:00:00',NULL),
	(150222,'固阳县',3,150200,NULL,'0000-00-00 00:00:00','0000-00-00 00:00:00',NULL),
	(150223,'达尔罕茂明安联合旗',3,150200,NULL,'0000-00-00 00:00:00','0000-00-00 00:00:00',NULL),
	(150300,'乌海市',2,150000,NULL,'0000-00-00 00:00:00','0000-00-00 00:00:00',NULL),
	(150301,'市辖区',3,150300,NULL,'0000-00-00 00:00:00','0000-00-00 00:00:00',NULL),
	(150302,'海勃湾区',3,150300,NULL,'0000-00-00 00:00:00','0000-00-00 00:00:00',NULL),
	(150303,'海南区',3,150300,NULL,'0000-00-00 00:00:00','0000-00-00 00:00:00',NULL),
	(150304,'乌达区',3,150300,NULL,'0000-00-00 00:00:00','0000-00-00 00:00:00',NULL),
	(150400,'赤峰市',2,150000,NULL,'0000-00-00 00:00:00','0000-00-00 00:00:00',NULL),
	(150401,'市辖区',3,150400,NULL,'0000-00-00 00:00:00','0000-00-00 00:00:00',NULL),
	(150402,'红山区',3,150400,NULL,'0000-00-00 00:00:00','0000-00-00 00:00:00',NULL),
	(150403,'元宝山区',3,150400,NULL,'0000-00-00 00:00:00','0000-00-00 00:00:00',NULL),
	(150404,'松山区',3,150400,NULL,'0000-00-00 00:00:00','0000-00-00 00:00:00',NULL),
	(150421,'阿鲁科尔沁旗',3,150400,NULL,'0000-00-00 00:00:00','0000-00-00 00:00:00',NULL),
	(150422,'巴林左旗',3,150400,NULL,'0000-00-00 00:00:00','0000-00-00 00:00:00',NULL),
	(150423,'巴林右旗',3,150400,NULL,'0000-00-00 00:00:00','0000-00-00 00:00:00',NULL),
	(150424,'林西县',3,150400,NULL,'0000-00-00 00:00:00','0000-00-00 00:00:00',NULL),
	(150425,'克什克腾旗',3,150400,NULL,'0000-00-00 00:00:00','0000-00-00 00:00:00',NULL),
	(150426,'翁牛特旗',3,150400,NULL,'0000-00-00 00:00:00','0000-00-00 00:00:00',NULL),
	(150428,'喀喇沁旗',3,150400,NULL,'0000-00-00 00:00:00','0000-00-00 00:00:00',NULL),
	(150429,'宁城县',3,150400,NULL,'0000-00-00 00:00:00','0000-00-00 00:00:00',NULL),
	(150430,'敖汉旗',3,150400,NULL,'0000-00-00 00:00:00','0000-00-00 00:00:00',NULL),
	(150500,'通辽市',2,150000,NULL,'0000-00-00 00:00:00','0000-00-00 00:00:00',NULL),
	(150501,'市辖区',3,150500,NULL,'0000-00-00 00:00:00','0000-00-00 00:00:00',NULL),
	(150502,'科尔沁区',3,150500,NULL,'0000-00-00 00:00:00','0000-00-00 00:00:00',NULL),
	(150521,'科尔沁左翼中旗',3,150500,NULL,'0000-00-00 00:00:00','0000-00-00 00:00:00',NULL),
	(150522,'科尔沁左翼后旗',3,150500,NULL,'0000-00-00 00:00:00','0000-00-00 00:00:00',NULL),
	(150523,'开鲁县',3,150500,NULL,'0000-00-00 00:00:00','0000-00-00 00:00:00',NULL),
	(150524,'库伦旗',3,150500,NULL,'0000-00-00 00:00:00','0000-00-00 00:00:00',NULL),
	(150525,'奈曼旗',3,150500,NULL,'0000-00-00 00:00:00','0000-00-00 00:00:00',NULL),
	(150526,'扎鲁特旗',3,150500,NULL,'0000-00-00 00:00:00','0000-00-00 00:00:00',NULL),
	(150581,'霍林郭勒市',3,150500,NULL,'0000-00-00 00:00:00','0000-00-00 00:00:00',NULL),
	(150600,'鄂尔多斯市',2,150000,NULL,'0000-00-00 00:00:00','0000-00-00 00:00:00',NULL),
	(150601,'市辖区',3,150600,NULL,'0000-00-00 00:00:00','0000-00-00 00:00:00',NULL),
	(150602,'东胜区',3,150600,NULL,'0000-00-00 00:00:00','0000-00-00 00:00:00',NULL),
	(150621,'达拉特旗',3,150600,NULL,'0000-00-00 00:00:00','0000-00-00 00:00:00',NULL),
	(150622,'准格尔旗',3,150600,NULL,'0000-00-00 00:00:00','0000-00-00 00:00:00',NULL),
	(150623,'鄂托克前旗',3,150600,NULL,'0000-00-00 00:00:00','0000-00-00 00:00:00',NULL),
	(150624,'鄂托克旗',3,150600,NULL,'0000-00-00 00:00:00','0000-00-00 00:00:00',NULL),
	(150625,'杭锦旗',3,150600,NULL,'0000-00-00 00:00:00','0000-00-00 00:00:00',NULL),
	(150626,'乌审旗',3,150600,NULL,'0000-00-00 00:00:00','0000-00-00 00:00:00',NULL),
	(150627,'伊金霍洛旗',3,150600,NULL,'0000-00-00 00:00:00','0000-00-00 00:00:00',NULL),
	(150700,'呼伦贝尔市',2,150000,NULL,'0000-00-00 00:00:00','0000-00-00 00:00:00',NULL),
	(150701,'市辖区',3,150700,NULL,'0000-00-00 00:00:00','0000-00-00 00:00:00',NULL),
	(150702,'海拉尔区',3,150700,NULL,'0000-00-00 00:00:00','0000-00-00 00:00:00',NULL),
	(150721,'阿荣旗',3,150700,NULL,'0000-00-00 00:00:00','0000-00-00 00:00:00',NULL),
	(150722,'莫力达瓦达斡尔族自治旗',3,150700,NULL,'0000-00-00 00:00:00','0000-00-00 00:00:00',NULL),
	(150723,'鄂伦春自治旗',3,150700,NULL,'0000-00-00 00:00:00','0000-00-00 00:00:00',NULL),
	(150724,'鄂温克族自治旗',3,150700,NULL,'0000-00-00 00:00:00','0000-00-00 00:00:00',NULL),
	(150725,'陈巴尔虎旗',3,150700,NULL,'0000-00-00 00:00:00','0000-00-00 00:00:00',NULL),
	(150726,'新巴尔虎左旗',3,150700,NULL,'0000-00-00 00:00:00','0000-00-00 00:00:00',NULL),
	(150727,'新巴尔虎右旗',3,150700,NULL,'0000-00-00 00:00:00','0000-00-00 00:00:00',NULL),
	(150781,'满洲里市',3,150700,NULL,'0000-00-00 00:00:00','0000-00-00 00:00:00',NULL),
	(150782,'牙克石市',3,150700,NULL,'0000-00-00 00:00:00','0000-00-00 00:00:00',NULL),
	(150783,'扎兰屯市',3,150700,NULL,'0000-00-00 00:00:00','0000-00-00 00:00:00',NULL),
	(150784,'额尔古纳市',3,150700,NULL,'0000-00-00 00:00:00','0000-00-00 00:00:00',NULL),
	(150785,'根河市',3,150700,NULL,'0000-00-00 00:00:00','0000-00-00 00:00:00',NULL),
	(150800,'巴彦淖尔市',2,150000,NULL,'0000-00-00 00:00:00','0000-00-00 00:00:00',NULL),
	(150801,'市辖区',3,150800,NULL,'0000-00-00 00:00:00','0000-00-00 00:00:00',NULL),
	(150802,'临河区',3,150800,NULL,'0000-00-00 00:00:00','0000-00-00 00:00:00',NULL),
	(150821,'五原县',3,150800,NULL,'0000-00-00 00:00:00','0000-00-00 00:00:00',NULL),
	(150822,'磴口县',3,150800,NULL,'0000-00-00 00:00:00','0000-00-00 00:00:00',NULL),
	(150823,'乌拉特前旗',3,150800,NULL,'0000-00-00 00:00:00','0000-00-00 00:00:00',NULL),
	(150824,'乌拉特中旗',3,150800,NULL,'0000-00-00 00:00:00','0000-00-00 00:00:00',NULL),
	(150825,'乌拉特后旗',3,150800,NULL,'0000-00-00 00:00:00','0000-00-00 00:00:00',NULL),
	(150826,'杭锦后旗',3,150800,NULL,'0000-00-00 00:00:00','0000-00-00 00:00:00',NULL),
	(150900,'乌兰察布市',2,150000,NULL,'0000-00-00 00:00:00','0000-00-00 00:00:00',NULL),
	(150901,'市辖区',3,150900,NULL,'0000-00-00 00:00:00','0000-00-00 00:00:00',NULL),
	(150902,'集宁区',3,150900,NULL,'0000-00-00 00:00:00','0000-00-00 00:00:00',NULL),
	(150921,'卓资县',3,150900,NULL,'0000-00-00 00:00:00','0000-00-00 00:00:00',NULL),
	(150922,'化德县',3,150900,NULL,'0000-00-00 00:00:00','0000-00-00 00:00:00',NULL),
	(150923,'商都县',3,150900,NULL,'0000-00-00 00:00:00','0000-00-00 00:00:00',NULL),
	(150924,'兴和县',3,150900,NULL,'0000-00-00 00:00:00','0000-00-00 00:00:00',NULL),
	(150925,'凉城县',3,150900,NULL,'0000-00-00 00:00:00','0000-00-00 00:00:00',NULL),
	(150926,'察哈尔右翼前旗',3,150900,NULL,'0000-00-00 00:00:00','0000-00-00 00:00:00',NULL),
	(150927,'察哈尔右翼中旗',3,150900,NULL,'0000-00-00 00:00:00','0000-00-00 00:00:00',NULL),
	(150928,'察哈尔右翼后旗',3,150900,NULL,'0000-00-00 00:00:00','0000-00-00 00:00:00',NULL),
	(150929,'四子王旗',3,150900,NULL,'0000-00-00 00:00:00','0000-00-00 00:00:00',NULL),
	(150981,'丰镇市',3,150900,NULL,'0000-00-00 00:00:00','0000-00-00 00:00:00',NULL),
	(152200,'兴安盟',2,150000,NULL,'0000-00-00 00:00:00','0000-00-00 00:00:00',NULL),
	(152201,'乌兰浩特市',3,152200,NULL,'0000-00-00 00:00:00','0000-00-00 00:00:00',NULL),
	(152202,'阿尔山市',3,152200,NULL,'0000-00-00 00:00:00','0000-00-00 00:00:00',NULL),
	(152221,'科尔沁右翼前旗',3,152200,NULL,'0000-00-00 00:00:00','0000-00-00 00:00:00',NULL),
	(152222,'科尔沁右翼中旗',3,152200,NULL,'0000-00-00 00:00:00','0000-00-00 00:00:00',NULL),
	(152223,'扎赉特旗',3,152200,NULL,'0000-00-00 00:00:00','0000-00-00 00:00:00',NULL),
	(152224,'突泉县',3,152200,NULL,'0000-00-00 00:00:00','0000-00-00 00:00:00',NULL),
	(152500,'锡林郭勒盟',2,150000,NULL,'0000-00-00 00:00:00','0000-00-00 00:00:00',NULL),
	(152501,'二连浩特市',3,152500,NULL,'0000-00-00 00:00:00','0000-00-00 00:00:00',NULL),
	(152502,'锡林浩特市',3,152500,NULL,'0000-00-00 00:00:00','0000-00-00 00:00:00',NULL),
	(152522,'阿巴嘎旗',3,152500,NULL,'0000-00-00 00:00:00','0000-00-00 00:00:00',NULL),
	(152523,'苏尼特左旗',3,152500,NULL,'0000-00-00 00:00:00','0000-00-00 00:00:00',NULL),
	(152524,'苏尼特右旗',3,152500,NULL,'0000-00-00 00:00:00','0000-00-00 00:00:00',NULL),
	(152525,'东乌珠穆沁旗',3,152500,NULL,'0000-00-00 00:00:00','0000-00-00 00:00:00',NULL),
	(152526,'西乌珠穆沁旗',3,152500,NULL,'0000-00-00 00:00:00','0000-00-00 00:00:00',NULL),
	(152527,'太仆寺旗',3,152500,NULL,'0000-00-00 00:00:00','0000-00-00 00:00:00',NULL),
	(152528,'镶黄旗',3,152500,NULL,'0000-00-00 00:00:00','0000-00-00 00:00:00',NULL),
	(152529,'正镶白旗',3,152500,NULL,'0000-00-00 00:00:00','0000-00-00 00:00:00',NULL),
	(152530,'正蓝旗',3,152500,NULL,'0000-00-00 00:00:00','0000-00-00 00:00:00',NULL),
	(152531,'多伦县',3,152500,NULL,'0000-00-00 00:00:00','0000-00-00 00:00:00',NULL),
	(152900,'阿拉善盟',2,150000,NULL,'0000-00-00 00:00:00','0000-00-00 00:00:00',NULL),
	(152921,'阿拉善左旗',3,152900,NULL,'0000-00-00 00:00:00','0000-00-00 00:00:00',NULL),
	(152922,'阿拉善右旗',3,152900,NULL,'0000-00-00 00:00:00','0000-00-00 00:00:00',NULL),
	(152923,'额济纳旗',3,152900,NULL,'0000-00-00 00:00:00','0000-00-00 00:00:00',NULL),
	(210000,'辽宁省',1,0,NULL,'0000-00-00 00:00:00','0000-00-00 00:00:00',NULL),
	(210100,'沈阳市',2,210000,NULL,'0000-00-00 00:00:00','0000-00-00 00:00:00',NULL),
	(210101,'市辖区',3,210100,NULL,'0000-00-00 00:00:00','0000-00-00 00:00:00',NULL),
	(210102,'和平区',3,210100,NULL,'0000-00-00 00:00:00','0000-00-00 00:00:00',NULL),
	(210103,'沈河区',3,210100,NULL,'0000-00-00 00:00:00','0000-00-00 00:00:00',NULL),
	(210104,'大东区',3,210100,NULL,'0000-00-00 00:00:00','0000-00-00 00:00:00',NULL),
	(210105,'皇姑区',3,210100,NULL,'0000-00-00 00:00:00','0000-00-00 00:00:00',NULL),
	(210106,'铁西区',3,210100,NULL,'0000-00-00 00:00:00','0000-00-00 00:00:00',NULL),
	(210111,'苏家屯区',3,210100,NULL,'0000-00-00 00:00:00','0000-00-00 00:00:00',NULL),
	(210112,'东陵区',3,210100,NULL,'0000-00-00 00:00:00','0000-00-00 00:00:00',NULL),
	(210113,'沈北新区',3,210100,NULL,'0000-00-00 00:00:00','0000-00-00 00:00:00',NULL),
	(210114,'于洪区',3,210100,NULL,'0000-00-00 00:00:00','0000-00-00 00:00:00',NULL),
	(210122,'辽中县',3,210100,NULL,'0000-00-00 00:00:00','0000-00-00 00:00:00',NULL),
	(210123,'康平县',3,210100,NULL,'0000-00-00 00:00:00','0000-00-00 00:00:00',NULL),
	(210124,'法库县',3,210100,NULL,'0000-00-00 00:00:00','0000-00-00 00:00:00',NULL),
	(210181,'新民市',3,210100,NULL,'0000-00-00 00:00:00','0000-00-00 00:00:00',NULL),
	(210200,'大连市',2,210000,NULL,'0000-00-00 00:00:00','0000-00-00 00:00:00',NULL),
	(210201,'市辖区',3,210200,NULL,'0000-00-00 00:00:00','0000-00-00 00:00:00',NULL),
	(210202,'中山区',3,210200,NULL,'0000-00-00 00:00:00','0000-00-00 00:00:00',NULL),
	(210203,'西岗区',3,210200,NULL,'0000-00-00 00:00:00','0000-00-00 00:00:00',NULL),
	(210204,'沙河口区',3,210200,NULL,'0000-00-00 00:00:00','0000-00-00 00:00:00',NULL),
	(210211,'甘井子区',3,210200,NULL,'0000-00-00 00:00:00','0000-00-00 00:00:00',NULL),
	(210212,'旅顺口区',3,210200,NULL,'0000-00-00 00:00:00','0000-00-00 00:00:00',NULL),
	(210213,'金州区',3,210200,NULL,'0000-00-00 00:00:00','0000-00-00 00:00:00',NULL),
	(210224,'长海县',3,210200,NULL,'0000-00-00 00:00:00','0000-00-00 00:00:00',NULL),
	(210281,'瓦房店市',3,210200,NULL,'0000-00-00 00:00:00','0000-00-00 00:00:00',NULL),
	(210282,'普兰店市',3,210200,NULL,'0000-00-00 00:00:00','0000-00-00 00:00:00',NULL),
	(210283,'庄河市',3,210200,NULL,'0000-00-00 00:00:00','0000-00-00 00:00:00',NULL),
	(210300,'鞍山市',2,210000,NULL,'0000-00-00 00:00:00','0000-00-00 00:00:00',NULL),
	(210301,'市辖区',3,210300,NULL,'0000-00-00 00:00:00','0000-00-00 00:00:00',NULL),
	(210302,'铁东区',3,210300,NULL,'0000-00-00 00:00:00','0000-00-00 00:00:00',NULL),
	(210303,'铁西区',3,210300,NULL,'0000-00-00 00:00:00','0000-00-00 00:00:00',NULL),
	(210304,'立山区',3,210300,NULL,'0000-00-00 00:00:00','0000-00-00 00:00:00',NULL),
	(210311,'千山区',3,210300,NULL,'0000-00-00 00:00:00','0000-00-00 00:00:00',NULL),
	(210321,'台安县',3,210300,NULL,'0000-00-00 00:00:00','0000-00-00 00:00:00',NULL),
	(210323,'岫岩满族自治县',3,210300,NULL,'0000-00-00 00:00:00','0000-00-00 00:00:00',NULL),
	(210381,'海城市',3,210300,NULL,'0000-00-00 00:00:00','0000-00-00 00:00:00',NULL),
	(210400,'抚顺市',2,210000,NULL,'0000-00-00 00:00:00','0000-00-00 00:00:00',NULL),
	(210401,'市辖区',3,210400,NULL,'0000-00-00 00:00:00','0000-00-00 00:00:00',NULL),
	(210402,'新抚区',3,210400,NULL,'0000-00-00 00:00:00','0000-00-00 00:00:00',NULL),
	(210403,'东洲区',3,210400,NULL,'0000-00-00 00:00:00','0000-00-00 00:00:00',NULL),
	(210404,'望花区',3,210400,NULL,'0000-00-00 00:00:00','0000-00-00 00:00:00',NULL),
	(210411,'顺城区',3,210400,NULL,'0000-00-00 00:00:00','0000-00-00 00:00:00',NULL),
	(210421,'抚顺县',3,210400,NULL,'0000-00-00 00:00:00','0000-00-00 00:00:00',NULL),
	(210422,'新宾满族自治县',3,210400,NULL,'0000-00-00 00:00:00','0000-00-00 00:00:00',NULL),
	(210423,'清原满族自治县',3,210400,NULL,'0000-00-00 00:00:00','0000-00-00 00:00:00',NULL),
	(210500,'本溪市',2,210000,NULL,'0000-00-00 00:00:00','0000-00-00 00:00:00',NULL),
	(210501,'市辖区',3,210500,NULL,'0000-00-00 00:00:00','0000-00-00 00:00:00',NULL),
	(210502,'平山区',3,210500,NULL,'0000-00-00 00:00:00','0000-00-00 00:00:00',NULL),
	(210503,'溪湖区',3,210500,NULL,'0000-00-00 00:00:00','0000-00-00 00:00:00',NULL),
	(210504,'明山区',3,210500,NULL,'0000-00-00 00:00:00','0000-00-00 00:00:00',NULL),
	(210505,'南芬区',3,210500,NULL,'0000-00-00 00:00:00','0000-00-00 00:00:00',NULL),
	(210521,'本溪满族自治县',3,210500,NULL,'0000-00-00 00:00:00','0000-00-00 00:00:00',NULL),
	(210522,'桓仁满族自治县',3,210500,NULL,'0000-00-00 00:00:00','0000-00-00 00:00:00',NULL),
	(210600,'丹东市',2,210000,NULL,'0000-00-00 00:00:00','0000-00-00 00:00:00',NULL),
	(210601,'市辖区',3,210600,NULL,'0000-00-00 00:00:00','0000-00-00 00:00:00',NULL),
	(210602,'元宝区',3,210600,NULL,'0000-00-00 00:00:00','0000-00-00 00:00:00',NULL),
	(210603,'振兴区',3,210600,NULL,'0000-00-00 00:00:00','0000-00-00 00:00:00',NULL),
	(210604,'振安区',3,210600,NULL,'0000-00-00 00:00:00','0000-00-00 00:00:00',NULL),
	(210624,'宽甸满族自治县',3,210600,NULL,'0000-00-00 00:00:00','0000-00-00 00:00:00',NULL),
	(210681,'东港市',3,210600,NULL,'0000-00-00 00:00:00','0000-00-00 00:00:00',NULL),
	(210682,'凤城市',3,210600,NULL,'0000-00-00 00:00:00','0000-00-00 00:00:00',NULL),
	(210700,'锦州市',2,210000,NULL,'0000-00-00 00:00:00','0000-00-00 00:00:00',NULL),
	(210701,'市辖区',3,210700,NULL,'0000-00-00 00:00:00','0000-00-00 00:00:00',NULL),
	(210702,'古塔区',3,210700,NULL,'0000-00-00 00:00:00','0000-00-00 00:00:00',NULL),
	(210703,'凌河区',3,210700,NULL,'0000-00-00 00:00:00','0000-00-00 00:00:00',NULL),
	(210711,'太和区',3,210700,NULL,'0000-00-00 00:00:00','0000-00-00 00:00:00',NULL),
	(210726,'黑山县',3,210700,NULL,'0000-00-00 00:00:00','0000-00-00 00:00:00',NULL),
	(210727,'义县',3,210700,NULL,'0000-00-00 00:00:00','0000-00-00 00:00:00',NULL),
	(210781,'凌海市',3,210700,NULL,'0000-00-00 00:00:00','0000-00-00 00:00:00',NULL),
	(210782,'北镇市',3,210700,NULL,'0000-00-00 00:00:00','0000-00-00 00:00:00',NULL),
	(210800,'营口市',2,210000,NULL,'0000-00-00 00:00:00','0000-00-00 00:00:00',NULL),
	(210801,'市辖区',3,210800,NULL,'0000-00-00 00:00:00','0000-00-00 00:00:00',NULL),
	(210802,'站前区',3,210800,NULL,'0000-00-00 00:00:00','0000-00-00 00:00:00',NULL),
	(210803,'西市区',3,210800,NULL,'0000-00-00 00:00:00','0000-00-00 00:00:00',NULL),
	(210804,'鲅鱼圈区',3,210800,NULL,'0000-00-00 00:00:00','0000-00-00 00:00:00',NULL),
	(210811,'老边区',3,210800,NULL,'0000-00-00 00:00:00','0000-00-00 00:00:00',NULL),
	(210881,'盖州市',3,210800,NULL,'0000-00-00 00:00:00','0000-00-00 00:00:00',NULL),
	(210882,'大石桥市',3,210800,NULL,'0000-00-00 00:00:00','0000-00-00 00:00:00',NULL),
	(210900,'阜新市',2,210000,NULL,'0000-00-00 00:00:00','0000-00-00 00:00:00',NULL),
	(210901,'市辖区',3,210900,NULL,'0000-00-00 00:00:00','0000-00-00 00:00:00',NULL),
	(210902,'海州区',3,210900,NULL,'0000-00-00 00:00:00','0000-00-00 00:00:00',NULL),
	(210903,'新邱区',3,210900,NULL,'0000-00-00 00:00:00','0000-00-00 00:00:00',NULL),
	(210904,'太平区',3,210900,NULL,'0000-00-00 00:00:00','0000-00-00 00:00:00',NULL),
	(210905,'清河门区',3,210900,NULL,'0000-00-00 00:00:00','0000-00-00 00:00:00',NULL),
	(210911,'细河区',3,210900,NULL,'0000-00-00 00:00:00','0000-00-00 00:00:00',NULL),
	(210921,'阜新蒙古族自治县',3,210900,NULL,'0000-00-00 00:00:00','0000-00-00 00:00:00',NULL),
	(210922,'彰武县',3,210900,NULL,'0000-00-00 00:00:00','0000-00-00 00:00:00',NULL),
	(211000,'辽阳市',2,210000,NULL,'0000-00-00 00:00:00','0000-00-00 00:00:00',NULL),
	(211001,'市辖区',3,211000,NULL,'0000-00-00 00:00:00','0000-00-00 00:00:00',NULL),
	(211002,'白塔区',3,211000,NULL,'0000-00-00 00:00:00','0000-00-00 00:00:00',NULL),
	(211003,'文圣区',3,211000,NULL,'0000-00-00 00:00:00','0000-00-00 00:00:00',NULL),
	(211004,'宏伟区',3,211000,NULL,'0000-00-00 00:00:00','0000-00-00 00:00:00',NULL),
	(211005,'弓长岭区',3,211000,NULL,'0000-00-00 00:00:00','0000-00-00 00:00:00',NULL),
	(211011,'太子河区',3,211000,NULL,'0000-00-00 00:00:00','0000-00-00 00:00:00',NULL),
	(211021,'辽阳县',3,211000,NULL,'0000-00-00 00:00:00','0000-00-00 00:00:00',NULL),
	(211081,'灯塔市',3,211000,NULL,'0000-00-00 00:00:00','0000-00-00 00:00:00',NULL),
	(211100,'盘锦市',2,210000,NULL,'0000-00-00 00:00:00','0000-00-00 00:00:00',NULL),
	(211101,'市辖区',3,211100,NULL,'0000-00-00 00:00:00','0000-00-00 00:00:00',NULL),
	(211102,'双台子区',3,211100,NULL,'0000-00-00 00:00:00','0000-00-00 00:00:00',NULL),
	(211103,'兴隆台区',3,211100,NULL,'0000-00-00 00:00:00','0000-00-00 00:00:00',NULL),
	(211121,'大洼县',3,211100,NULL,'0000-00-00 00:00:00','0000-00-00 00:00:00',NULL),
	(211122,'盘山县',3,211100,NULL,'0000-00-00 00:00:00','0000-00-00 00:00:00',NULL),
	(211200,'铁岭市',2,210000,NULL,'0000-00-00 00:00:00','0000-00-00 00:00:00',NULL),
	(211201,'市辖区',3,211200,NULL,'0000-00-00 00:00:00','0000-00-00 00:00:00',NULL),
	(211202,'银州区',3,211200,NULL,'0000-00-00 00:00:00','0000-00-00 00:00:00',NULL),
	(211204,'清河区',3,211200,NULL,'0000-00-00 00:00:00','0000-00-00 00:00:00',NULL),
	(211221,'铁岭县',3,211200,NULL,'0000-00-00 00:00:00','0000-00-00 00:00:00',NULL),
	(211223,'西丰县',3,211200,NULL,'0000-00-00 00:00:00','0000-00-00 00:00:00',NULL),
	(211224,'昌图县',3,211200,NULL,'0000-00-00 00:00:00','0000-00-00 00:00:00',NULL),
	(211281,'调兵山市',3,211200,NULL,'0000-00-00 00:00:00','0000-00-00 00:00:00',NULL),
	(211282,'开原市',3,211200,NULL,'0000-00-00 00:00:00','0000-00-00 00:00:00',NULL),
	(211300,'朝阳市',2,210000,NULL,'0000-00-00 00:00:00','0000-00-00 00:00:00',NULL),
	(211301,'市辖区',3,211300,NULL,'0000-00-00 00:00:00','0000-00-00 00:00:00',NULL),
	(211302,'双塔区',3,211300,NULL,'0000-00-00 00:00:00','0000-00-00 00:00:00',NULL),
	(211303,'龙城区',3,211300,NULL,'0000-00-00 00:00:00','0000-00-00 00:00:00',NULL),
	(211321,'朝阳县',3,211300,NULL,'0000-00-00 00:00:00','0000-00-00 00:00:00',NULL),
	(211322,'建平县',3,211300,NULL,'0000-00-00 00:00:00','0000-00-00 00:00:00',NULL),
	(211324,'喀喇沁左翼蒙古族自治县',3,211300,NULL,'0000-00-00 00:00:00','0000-00-00 00:00:00',NULL),
	(211381,'北票市',3,211300,NULL,'0000-00-00 00:00:00','0000-00-00 00:00:00',NULL),
	(211382,'凌源市',3,211300,NULL,'0000-00-00 00:00:00','0000-00-00 00:00:00',NULL),
	(211400,'葫芦岛市',2,210000,NULL,'0000-00-00 00:00:00','0000-00-00 00:00:00',NULL),
	(211401,'市辖区',3,211400,NULL,'0000-00-00 00:00:00','0000-00-00 00:00:00',NULL),
	(211402,'连山区',3,211400,NULL,'0000-00-00 00:00:00','0000-00-00 00:00:00',NULL),
	(211403,'龙港区',3,211400,NULL,'0000-00-00 00:00:00','0000-00-00 00:00:00',NULL),
	(211404,'南票区',3,211400,NULL,'0000-00-00 00:00:00','0000-00-00 00:00:00',NULL),
	(211421,'绥中县',3,211400,NULL,'0000-00-00 00:00:00','0000-00-00 00:00:00',NULL),
	(211422,'建昌县',3,211400,NULL,'0000-00-00 00:00:00','0000-00-00 00:00:00',NULL),
	(211481,'兴城市',3,211400,NULL,'0000-00-00 00:00:00','0000-00-00 00:00:00',NULL),
	(220000,'吉林省',1,0,NULL,'0000-00-00 00:00:00','0000-00-00 00:00:00',NULL),
	(220100,'长春市',2,220000,NULL,'0000-00-00 00:00:00','0000-00-00 00:00:00',NULL),
	(220101,'市辖区',3,220100,NULL,'0000-00-00 00:00:00','0000-00-00 00:00:00',NULL),
	(220102,'南关区',3,220100,NULL,'0000-00-00 00:00:00','0000-00-00 00:00:00',NULL),
	(220103,'宽城区',3,220100,NULL,'0000-00-00 00:00:00','0000-00-00 00:00:00',NULL),
	(220104,'朝阳区',3,220100,NULL,'0000-00-00 00:00:00','0000-00-00 00:00:00',NULL),
	(220105,'二道区',3,220100,NULL,'0000-00-00 00:00:00','0000-00-00 00:00:00',NULL),
	(220106,'绿园区',3,220100,NULL,'0000-00-00 00:00:00','0000-00-00 00:00:00',NULL),
	(220112,'双阳区',3,220100,NULL,'0000-00-00 00:00:00','0000-00-00 00:00:00',NULL),
	(220122,'农安县',3,220100,NULL,'0000-00-00 00:00:00','0000-00-00 00:00:00',NULL),
	(220181,'九台市',3,220100,NULL,'0000-00-00 00:00:00','0000-00-00 00:00:00',NULL),
	(220182,'榆树市',3,220100,NULL,'0000-00-00 00:00:00','0000-00-00 00:00:00',NULL),
	(220183,'德惠市',3,220100,NULL,'0000-00-00 00:00:00','0000-00-00 00:00:00',NULL),
	(220200,'吉林市',2,220000,NULL,'0000-00-00 00:00:00','0000-00-00 00:00:00',NULL),
	(220201,'市辖区',3,220200,NULL,'0000-00-00 00:00:00','0000-00-00 00:00:00',NULL),
	(220202,'昌邑区',3,220200,NULL,'0000-00-00 00:00:00','0000-00-00 00:00:00',NULL),
	(220203,'龙潭区',3,220200,NULL,'0000-00-00 00:00:00','0000-00-00 00:00:00',NULL),
	(220204,'船营区',3,220200,NULL,'0000-00-00 00:00:00','0000-00-00 00:00:00',NULL),
	(220211,'丰满区',3,220200,NULL,'0000-00-00 00:00:00','0000-00-00 00:00:00',NULL),
	(220221,'永吉县',3,220200,NULL,'0000-00-00 00:00:00','0000-00-00 00:00:00',NULL),
	(220281,'蛟河市',3,220200,NULL,'0000-00-00 00:00:00','0000-00-00 00:00:00',NULL),
	(220282,'桦甸市',3,220200,NULL,'0000-00-00 00:00:00','0000-00-00 00:00:00',NULL),
	(220283,'舒兰市',3,220200,NULL,'0000-00-00 00:00:00','0000-00-00 00:00:00',NULL),
	(220284,'磐石市',3,220200,NULL,'0000-00-00 00:00:00','0000-00-00 00:00:00',NULL),
	(220300,'四平市',2,220000,NULL,'0000-00-00 00:00:00','0000-00-00 00:00:00',NULL),
	(220301,'市辖区',3,220300,NULL,'0000-00-00 00:00:00','0000-00-00 00:00:00',NULL),
	(220302,'铁西区',3,220300,NULL,'0000-00-00 00:00:00','0000-00-00 00:00:00',NULL),
	(220303,'铁东区',3,220300,NULL,'0000-00-00 00:00:00','0000-00-00 00:00:00',NULL),
	(220322,'梨树县',3,220300,NULL,'0000-00-00 00:00:00','0000-00-00 00:00:00',NULL),
	(220323,'伊通满族自治县',3,220300,NULL,'0000-00-00 00:00:00','0000-00-00 00:00:00',NULL),
	(220381,'公主岭市',3,220300,NULL,'0000-00-00 00:00:00','0000-00-00 00:00:00',NULL),
	(220382,'双辽市',3,220300,NULL,'0000-00-00 00:00:00','0000-00-00 00:00:00',NULL),
	(220400,'辽源市',2,220000,NULL,'0000-00-00 00:00:00','0000-00-00 00:00:00',NULL),
	(220401,'市辖区',3,220400,NULL,'0000-00-00 00:00:00','0000-00-00 00:00:00',NULL),
	(220402,'龙山区',3,220400,NULL,'0000-00-00 00:00:00','0000-00-00 00:00:00',NULL),
	(220403,'西安区',3,220400,NULL,'0000-00-00 00:00:00','0000-00-00 00:00:00',NULL),
	(220421,'东丰县',3,220400,NULL,'0000-00-00 00:00:00','0000-00-00 00:00:00',NULL),
	(220422,'东辽县',3,220400,NULL,'0000-00-00 00:00:00','0000-00-00 00:00:00',NULL),
	(220500,'通化市',2,220000,NULL,'0000-00-00 00:00:00','0000-00-00 00:00:00',NULL),
	(220501,'市辖区',3,220500,NULL,'0000-00-00 00:00:00','0000-00-00 00:00:00',NULL),
	(220502,'东昌区',3,220500,NULL,'0000-00-00 00:00:00','0000-00-00 00:00:00',NULL),
	(220503,'二道江区',3,220500,NULL,'0000-00-00 00:00:00','0000-00-00 00:00:00',NULL),
	(220521,'通化县',3,220500,NULL,'0000-00-00 00:00:00','0000-00-00 00:00:00',NULL),
	(220523,'辉南县',3,220500,NULL,'0000-00-00 00:00:00','0000-00-00 00:00:00',NULL),
	(220524,'柳河县',3,220500,NULL,'0000-00-00 00:00:00','0000-00-00 00:00:00',NULL),
	(220581,'梅河口市',3,220500,NULL,'0000-00-00 00:00:00','0000-00-00 00:00:00',NULL),
	(220582,'集安市',3,220500,NULL,'0000-00-00 00:00:00','0000-00-00 00:00:00',NULL),
	(220600,'白山市',2,220000,NULL,'0000-00-00 00:00:00','0000-00-00 00:00:00',NULL),
	(220601,'市辖区',3,220600,NULL,'0000-00-00 00:00:00','0000-00-00 00:00:00',NULL),
	(220602,'浑江区',3,220600,NULL,'0000-00-00 00:00:00','0000-00-00 00:00:00',NULL),
	(220605,'江源区',3,220600,NULL,'0000-00-00 00:00:00','0000-00-00 00:00:00',NULL),
	(220621,'抚松县',3,220600,NULL,'0000-00-00 00:00:00','0000-00-00 00:00:00',NULL),
	(220622,'靖宇县',3,220600,NULL,'0000-00-00 00:00:00','0000-00-00 00:00:00',NULL),
	(220623,'长白朝鲜族自治县',3,220600,NULL,'0000-00-00 00:00:00','0000-00-00 00:00:00',NULL),
	(220681,'临江市',3,220600,NULL,'0000-00-00 00:00:00','0000-00-00 00:00:00',NULL),
	(220700,'松原市',2,220000,NULL,'0000-00-00 00:00:00','0000-00-00 00:00:00',NULL),
	(220701,'市辖区',3,220700,NULL,'0000-00-00 00:00:00','0000-00-00 00:00:00',NULL),
	(220702,'宁江区',3,220700,NULL,'0000-00-00 00:00:00','0000-00-00 00:00:00',NULL),
	(220721,'前郭尔罗斯蒙古族自治县',3,220700,NULL,'0000-00-00 00:00:00','0000-00-00 00:00:00',NULL),
	(220722,'长岭县',3,220700,NULL,'0000-00-00 00:00:00','0000-00-00 00:00:00',NULL),
	(220723,'乾安县',3,220700,NULL,'0000-00-00 00:00:00','0000-00-00 00:00:00',NULL),
	(220724,'扶余县',3,220700,NULL,'0000-00-00 00:00:00','0000-00-00 00:00:00',NULL),
	(220800,'白城市',2,220000,NULL,'0000-00-00 00:00:00','0000-00-00 00:00:00',NULL),
	(220801,'市辖区',3,220800,NULL,'0000-00-00 00:00:00','0000-00-00 00:00:00',NULL),
	(220802,'洮北区',3,220800,NULL,'0000-00-00 00:00:00','0000-00-00 00:00:00',NULL),
	(220821,'镇赉县',3,220800,NULL,'0000-00-00 00:00:00','0000-00-00 00:00:00',NULL),
	(220822,'通榆县',3,220800,NULL,'0000-00-00 00:00:00','0000-00-00 00:00:00',NULL),
	(220881,'洮南市',3,220800,NULL,'0000-00-00 00:00:00','0000-00-00 00:00:00',NULL),
	(220882,'大安市',3,220800,NULL,'0000-00-00 00:00:00','0000-00-00 00:00:00',NULL),
	(222400,'延边朝鲜族自治州',2,220000,NULL,'0000-00-00 00:00:00','0000-00-00 00:00:00',NULL),
	(222401,'延吉市',3,222400,NULL,'0000-00-00 00:00:00','0000-00-00 00:00:00',NULL),
	(222402,'图们市',3,222400,NULL,'0000-00-00 00:00:00','0000-00-00 00:00:00',NULL),
	(222403,'敦化市',3,222400,NULL,'0000-00-00 00:00:00','0000-00-00 00:00:00',NULL),
	(222404,'珲春市',3,222400,NULL,'0000-00-00 00:00:00','0000-00-00 00:00:00',NULL),
	(222405,'龙井市',3,222400,NULL,'0000-00-00 00:00:00','0000-00-00 00:00:00',NULL),
	(222406,'和龙市',3,222400,NULL,'0000-00-00 00:00:00','0000-00-00 00:00:00',NULL),
	(222424,'汪清县',3,222400,NULL,'0000-00-00 00:00:00','0000-00-00 00:00:00',NULL),
	(222426,'安图县',3,222400,NULL,'0000-00-00 00:00:00','0000-00-00 00:00:00',NULL),
	(230000,'黑龙江省',1,0,NULL,'0000-00-00 00:00:00','0000-00-00 00:00:00',NULL),
	(230100,'哈尔滨市',2,230000,NULL,'0000-00-00 00:00:00','0000-00-00 00:00:00',NULL),
	(230101,'市辖区',3,230100,NULL,'0000-00-00 00:00:00','0000-00-00 00:00:00',NULL),
	(230102,'道里区',3,230100,NULL,'0000-00-00 00:00:00','0000-00-00 00:00:00',NULL),
	(230103,'南岗区',3,230100,NULL,'0000-00-00 00:00:00','0000-00-00 00:00:00',NULL),
	(230104,'道外区',3,230100,NULL,'0000-00-00 00:00:00','0000-00-00 00:00:00',NULL),
	(230108,'平房区',3,230100,NULL,'0000-00-00 00:00:00','0000-00-00 00:00:00',NULL),
	(230109,'松北区',3,230100,NULL,'0000-00-00 00:00:00','0000-00-00 00:00:00',NULL),
	(230110,'香坊区',3,230100,NULL,'0000-00-00 00:00:00','0000-00-00 00:00:00',NULL),
	(230111,'呼兰区',3,230100,NULL,'0000-00-00 00:00:00','0000-00-00 00:00:00',NULL),
	(230112,'阿城区',3,230100,NULL,'0000-00-00 00:00:00','0000-00-00 00:00:00',NULL),
	(230123,'依兰县',3,230100,NULL,'0000-00-00 00:00:00','0000-00-00 00:00:00',NULL),
	(230124,'方正县',3,230100,NULL,'0000-00-00 00:00:00','0000-00-00 00:00:00',NULL),
	(230125,'宾县',3,230100,NULL,'0000-00-00 00:00:00','0000-00-00 00:00:00',NULL),
	(230126,'巴彦县',3,230100,NULL,'0000-00-00 00:00:00','0000-00-00 00:00:00',NULL),
	(230127,'木兰县',3,230100,NULL,'0000-00-00 00:00:00','0000-00-00 00:00:00',NULL),
	(230128,'通河县',3,230100,NULL,'0000-00-00 00:00:00','0000-00-00 00:00:00',NULL),
	(230129,'延寿县',3,230100,NULL,'0000-00-00 00:00:00','0000-00-00 00:00:00',NULL),
	(230182,'双城市',3,230100,NULL,'0000-00-00 00:00:00','0000-00-00 00:00:00',NULL),
	(230183,'尚志市',3,230100,NULL,'0000-00-00 00:00:00','0000-00-00 00:00:00',NULL),
	(230184,'五常市',3,230100,NULL,'0000-00-00 00:00:00','0000-00-00 00:00:00',NULL),
	(230200,'齐齐哈尔市',2,230000,NULL,'0000-00-00 00:00:00','0000-00-00 00:00:00',NULL),
	(230201,'市辖区',3,230200,NULL,'0000-00-00 00:00:00','0000-00-00 00:00:00',NULL),
	(230202,'龙沙区',3,230200,NULL,'0000-00-00 00:00:00','0000-00-00 00:00:00',NULL),
	(230203,'建华区',3,230200,NULL,'0000-00-00 00:00:00','0000-00-00 00:00:00',NULL),
	(230204,'铁锋区',3,230200,NULL,'0000-00-00 00:00:00','0000-00-00 00:00:00',NULL),
	(230205,'昂昂溪区',3,230200,NULL,'0000-00-00 00:00:00','0000-00-00 00:00:00',NULL),
	(230206,'富拉尔基区',3,230200,NULL,'0000-00-00 00:00:00','0000-00-00 00:00:00',NULL),
	(230207,'碾子山区',3,230200,NULL,'0000-00-00 00:00:00','0000-00-00 00:00:00',NULL),
	(230208,'梅里斯达斡尔族区',3,230200,NULL,'0000-00-00 00:00:00','0000-00-00 00:00:00',NULL),
	(230221,'龙江县',3,230200,NULL,'0000-00-00 00:00:00','0000-00-00 00:00:00',NULL),
	(230223,'依安县',3,230200,NULL,'0000-00-00 00:00:00','0000-00-00 00:00:00',NULL),
	(230224,'泰来县',3,230200,NULL,'0000-00-00 00:00:00','0000-00-00 00:00:00',NULL),
	(230225,'甘南县',3,230200,NULL,'0000-00-00 00:00:00','0000-00-00 00:00:00',NULL),
	(230227,'富裕县',3,230200,NULL,'0000-00-00 00:00:00','0000-00-00 00:00:00',NULL),
	(230229,'克山县',3,230200,NULL,'0000-00-00 00:00:00','0000-00-00 00:00:00',NULL),
	(230230,'克东县',3,230200,NULL,'0000-00-00 00:00:00','0000-00-00 00:00:00',NULL),
	(230231,'拜泉县',3,230200,NULL,'0000-00-00 00:00:00','0000-00-00 00:00:00',NULL),
	(230281,'讷河市',3,230200,NULL,'0000-00-00 00:00:00','0000-00-00 00:00:00',NULL),
	(230300,'鸡西市',2,230000,NULL,'0000-00-00 00:00:00','0000-00-00 00:00:00',NULL),
	(230301,'市辖区',3,230300,NULL,'0000-00-00 00:00:00','0000-00-00 00:00:00',NULL),
	(230302,'鸡冠区',3,230300,NULL,'0000-00-00 00:00:00','0000-00-00 00:00:00',NULL),
	(230303,'恒山区',3,230300,NULL,'0000-00-00 00:00:00','0000-00-00 00:00:00',NULL),
	(230304,'滴道区',3,230300,NULL,'0000-00-00 00:00:00','0000-00-00 00:00:00',NULL),
	(230305,'梨树区',3,230300,NULL,'0000-00-00 00:00:00','0000-00-00 00:00:00',NULL),
	(230306,'城子河区',3,230300,NULL,'0000-00-00 00:00:00','0000-00-00 00:00:00',NULL),
	(230307,'麻山区',3,230300,NULL,'0000-00-00 00:00:00','0000-00-00 00:00:00',NULL),
	(230321,'鸡东县',3,230300,NULL,'0000-00-00 00:00:00','0000-00-00 00:00:00',NULL),
	(230381,'虎林市',3,230300,NULL,'0000-00-00 00:00:00','0000-00-00 00:00:00',NULL),
	(230382,'密山市',3,230300,NULL,'0000-00-00 00:00:00','0000-00-00 00:00:00',NULL),
	(230400,'鹤岗市',2,230000,NULL,'0000-00-00 00:00:00','0000-00-00 00:00:00',NULL),
	(230401,'市辖区',3,230400,NULL,'0000-00-00 00:00:00','0000-00-00 00:00:00',NULL),
	(230402,'向阳区',3,230400,NULL,'0000-00-00 00:00:00','0000-00-00 00:00:00',NULL),
	(230403,'工农区',3,230400,NULL,'0000-00-00 00:00:00','0000-00-00 00:00:00',NULL),
	(230404,'南山区',3,230400,NULL,'0000-00-00 00:00:00','0000-00-00 00:00:00',NULL),
	(230405,'兴安区',3,230400,NULL,'0000-00-00 00:00:00','0000-00-00 00:00:00',NULL),
	(230406,'东山区',3,230400,NULL,'0000-00-00 00:00:00','0000-00-00 00:00:00',NULL),
	(230407,'兴山区',3,230400,NULL,'0000-00-00 00:00:00','0000-00-00 00:00:00',NULL),
	(230421,'萝北县',3,230400,NULL,'0000-00-00 00:00:00','0000-00-00 00:00:00',NULL),
	(230422,'绥滨县',3,230400,NULL,'0000-00-00 00:00:00','0000-00-00 00:00:00',NULL),
	(230500,'双鸭山市',2,230000,NULL,'0000-00-00 00:00:00','0000-00-00 00:00:00',NULL),
	(230501,'市辖区',3,230500,NULL,'0000-00-00 00:00:00','0000-00-00 00:00:00',NULL),
	(230502,'尖山区',3,230500,NULL,'0000-00-00 00:00:00','0000-00-00 00:00:00',NULL),
	(230503,'岭东区',3,230500,NULL,'0000-00-00 00:00:00','0000-00-00 00:00:00',NULL),
	(230505,'四方台区',3,230500,NULL,'0000-00-00 00:00:00','0000-00-00 00:00:00',NULL),
	(230506,'宝山区',3,230500,NULL,'0000-00-00 00:00:00','0000-00-00 00:00:00',NULL),
	(230521,'集贤县',3,230500,NULL,'0000-00-00 00:00:00','0000-00-00 00:00:00',NULL),
	(230522,'友谊县',3,230500,NULL,'0000-00-00 00:00:00','0000-00-00 00:00:00',NULL),
	(230523,'宝清县',3,230500,NULL,'0000-00-00 00:00:00','0000-00-00 00:00:00',NULL),
	(230524,'饶河县',3,230500,NULL,'0000-00-00 00:00:00','0000-00-00 00:00:00',NULL),
	(230600,'大庆市',2,230000,NULL,'0000-00-00 00:00:00','0000-00-00 00:00:00',NULL),
	(230601,'市辖区',3,230600,NULL,'0000-00-00 00:00:00','0000-00-00 00:00:00',NULL),
	(230602,'萨尔图区',3,230600,NULL,'0000-00-00 00:00:00','0000-00-00 00:00:00',NULL),
	(230603,'龙凤区',3,230600,NULL,'0000-00-00 00:00:00','0000-00-00 00:00:00',NULL),
	(230604,'让胡路区',3,230600,NULL,'0000-00-00 00:00:00','0000-00-00 00:00:00',NULL),
	(230605,'红岗区',3,230600,NULL,'0000-00-00 00:00:00','0000-00-00 00:00:00',NULL),
	(230606,'大同区',3,230600,NULL,'0000-00-00 00:00:00','0000-00-00 00:00:00',NULL),
	(230621,'肇州县',3,230600,NULL,'0000-00-00 00:00:00','0000-00-00 00:00:00',NULL),
	(230622,'肇源县',3,230600,NULL,'0000-00-00 00:00:00','0000-00-00 00:00:00',NULL),
	(230623,'林甸县',3,230600,NULL,'0000-00-00 00:00:00','0000-00-00 00:00:00',NULL),
	(230624,'杜尔伯特蒙古族自治县',3,230600,NULL,'0000-00-00 00:00:00','0000-00-00 00:00:00',NULL),
	(230700,'伊春市',2,230000,NULL,'0000-00-00 00:00:00','0000-00-00 00:00:00',NULL),
	(230701,'市辖区',3,230700,NULL,'0000-00-00 00:00:00','0000-00-00 00:00:00',NULL),
	(230702,'伊春区',3,230700,NULL,'0000-00-00 00:00:00','0000-00-00 00:00:00',NULL),
	(230703,'南岔区',3,230700,NULL,'0000-00-00 00:00:00','0000-00-00 00:00:00',NULL),
	(230704,'友好区',3,230700,NULL,'0000-00-00 00:00:00','0000-00-00 00:00:00',NULL),
	(230705,'西林区',3,230700,NULL,'0000-00-00 00:00:00','0000-00-00 00:00:00',NULL),
	(230706,'翠峦区',3,230700,NULL,'0000-00-00 00:00:00','0000-00-00 00:00:00',NULL),
	(230707,'新青区',3,230700,NULL,'0000-00-00 00:00:00','0000-00-00 00:00:00',NULL),
	(230708,'美溪区',3,230700,NULL,'0000-00-00 00:00:00','0000-00-00 00:00:00',NULL),
	(230709,'金山屯区',3,230700,NULL,'0000-00-00 00:00:00','0000-00-00 00:00:00',NULL),
	(230710,'五营区',3,230700,NULL,'0000-00-00 00:00:00','0000-00-00 00:00:00',NULL),
	(230711,'乌马河区',3,230700,NULL,'0000-00-00 00:00:00','0000-00-00 00:00:00',NULL),
	(230712,'汤旺河区',3,230700,NULL,'0000-00-00 00:00:00','0000-00-00 00:00:00',NULL),
	(230713,'带岭区',3,230700,NULL,'0000-00-00 00:00:00','0000-00-00 00:00:00',NULL),
	(230714,'乌伊岭区',3,230700,NULL,'0000-00-00 00:00:00','0000-00-00 00:00:00',NULL),
	(230715,'红星区',3,230700,NULL,'0000-00-00 00:00:00','0000-00-00 00:00:00',NULL),
	(230716,'上甘岭区',3,230700,NULL,'0000-00-00 00:00:00','0000-00-00 00:00:00',NULL),
	(230722,'嘉荫县',3,230700,NULL,'0000-00-00 00:00:00','0000-00-00 00:00:00',NULL),
	(230781,'铁力市',3,230700,NULL,'0000-00-00 00:00:00','0000-00-00 00:00:00',NULL),
	(230800,'佳木斯市',2,230000,NULL,'0000-00-00 00:00:00','0000-00-00 00:00:00',NULL),
	(230801,'市辖区',3,230800,NULL,'0000-00-00 00:00:00','0000-00-00 00:00:00',NULL),
	(230803,'向阳区',3,230800,NULL,'0000-00-00 00:00:00','0000-00-00 00:00:00',NULL),
	(230804,'前进区',3,230800,NULL,'0000-00-00 00:00:00','0000-00-00 00:00:00',NULL),
	(230805,'东风区',3,230800,NULL,'0000-00-00 00:00:00','0000-00-00 00:00:00',NULL),
	(230811,'郊区',3,230800,NULL,'0000-00-00 00:00:00','0000-00-00 00:00:00',NULL),
	(230822,'桦南县',3,230800,NULL,'0000-00-00 00:00:00','0000-00-00 00:00:00',NULL),
	(230826,'桦川县',3,230800,NULL,'0000-00-00 00:00:00','0000-00-00 00:00:00',NULL),
	(230828,'汤原县',3,230800,NULL,'0000-00-00 00:00:00','0000-00-00 00:00:00',NULL),
	(230833,'抚远县',3,230800,NULL,'0000-00-00 00:00:00','0000-00-00 00:00:00',NULL),
	(230881,'同江市',3,230800,NULL,'0000-00-00 00:00:00','0000-00-00 00:00:00',NULL),
	(230882,'富锦市',3,230800,NULL,'0000-00-00 00:00:00','0000-00-00 00:00:00',NULL),
	(230900,'七台河市',2,230000,NULL,'0000-00-00 00:00:00','0000-00-00 00:00:00',NULL),
	(230901,'市辖区',3,230900,NULL,'0000-00-00 00:00:00','0000-00-00 00:00:00',NULL),
	(230902,'新兴区',3,230900,NULL,'0000-00-00 00:00:00','0000-00-00 00:00:00',NULL),
	(230903,'桃山区',3,230900,NULL,'0000-00-00 00:00:00','0000-00-00 00:00:00',NULL),
	(230904,'茄子河区',3,230900,NULL,'0000-00-00 00:00:00','0000-00-00 00:00:00',NULL),
	(230921,'勃利县',3,230900,NULL,'0000-00-00 00:00:00','0000-00-00 00:00:00',NULL),
	(231000,'牡丹江市',2,230000,NULL,'0000-00-00 00:00:00','0000-00-00 00:00:00',NULL),
	(231001,'市辖区',3,231000,NULL,'0000-00-00 00:00:00','0000-00-00 00:00:00',NULL),
	(231002,'东安区',3,231000,NULL,'0000-00-00 00:00:00','0000-00-00 00:00:00',NULL),
	(231003,'阳明区',3,231000,NULL,'0000-00-00 00:00:00','0000-00-00 00:00:00',NULL),
	(231004,'爱民区',3,231000,NULL,'0000-00-00 00:00:00','0000-00-00 00:00:00',NULL),
	(231005,'西安区',3,231000,NULL,'0000-00-00 00:00:00','0000-00-00 00:00:00',NULL),
	(231024,'东宁县',3,231000,NULL,'0000-00-00 00:00:00','0000-00-00 00:00:00',NULL),
	(231025,'林口县',3,231000,NULL,'0000-00-00 00:00:00','0000-00-00 00:00:00',NULL),
	(231081,'绥芬河市',3,231000,NULL,'0000-00-00 00:00:00','0000-00-00 00:00:00',NULL),
	(231083,'海林市',3,231000,NULL,'0000-00-00 00:00:00','0000-00-00 00:00:00',NULL),
	(231084,'宁安市',3,231000,NULL,'0000-00-00 00:00:00','0000-00-00 00:00:00',NULL),
	(231085,'穆棱市',3,231000,NULL,'0000-00-00 00:00:00','0000-00-00 00:00:00',NULL),
	(231100,'黑河市',2,230000,NULL,'0000-00-00 00:00:00','0000-00-00 00:00:00',NULL),
	(231101,'市辖区',3,231100,NULL,'0000-00-00 00:00:00','0000-00-00 00:00:00',NULL),
	(231102,'爱辉区',3,231100,NULL,'0000-00-00 00:00:00','0000-00-00 00:00:00',NULL),
	(231121,'嫩江县',3,231100,NULL,'0000-00-00 00:00:00','0000-00-00 00:00:00',NULL),
	(231123,'逊克县',3,231100,NULL,'0000-00-00 00:00:00','0000-00-00 00:00:00',NULL),
	(231124,'孙吴县',3,231100,NULL,'0000-00-00 00:00:00','0000-00-00 00:00:00',NULL),
	(231181,'北安市',3,231100,NULL,'0000-00-00 00:00:00','0000-00-00 00:00:00',NULL),
	(231182,'五大连池市',3,231100,NULL,'0000-00-00 00:00:00','0000-00-00 00:00:00',NULL),
	(231200,'绥化市',2,230000,NULL,'0000-00-00 00:00:00','0000-00-00 00:00:00',NULL),
	(231201,'市辖区',3,231200,NULL,'0000-00-00 00:00:00','0000-00-00 00:00:00',NULL),
	(231202,'北林区',3,231200,NULL,'0000-00-00 00:00:00','0000-00-00 00:00:00',NULL),
	(231221,'望奎县',3,231200,NULL,'0000-00-00 00:00:00','0000-00-00 00:00:00',NULL),
	(231222,'兰西县',3,231200,NULL,'0000-00-00 00:00:00','0000-00-00 00:00:00',NULL),
	(231223,'青冈县',3,231200,NULL,'0000-00-00 00:00:00','0000-00-00 00:00:00',NULL),
	(231224,'庆安县',3,231200,NULL,'0000-00-00 00:00:00','0000-00-00 00:00:00',NULL),
	(231225,'明水县',3,231200,NULL,'0000-00-00 00:00:00','0000-00-00 00:00:00',NULL),
	(231226,'绥棱县',3,231200,NULL,'0000-00-00 00:00:00','0000-00-00 00:00:00',NULL),
	(231281,'安达市',3,231200,NULL,'0000-00-00 00:00:00','0000-00-00 00:00:00',NULL),
	(231282,'肇东市',3,231200,NULL,'0000-00-00 00:00:00','0000-00-00 00:00:00',NULL),
	(231283,'海伦市',3,231200,NULL,'0000-00-00 00:00:00','0000-00-00 00:00:00',NULL),
	(232700,'大兴安岭地区',2,230000,NULL,'0000-00-00 00:00:00','0000-00-00 00:00:00',NULL),
	(232721,'呼玛县',3,232700,NULL,'0000-00-00 00:00:00','0000-00-00 00:00:00',NULL),
	(232722,'塔河县',3,232700,NULL,'0000-00-00 00:00:00','0000-00-00 00:00:00',NULL),
	(232723,'漠河县',3,232700,NULL,'0000-00-00 00:00:00','0000-00-00 00:00:00',NULL),
	(310000,'上海市',1,0,NULL,'0000-00-00 00:00:00','0000-00-00 00:00:00',NULL),
	(310100,'市辖区',2,310000,NULL,'0000-00-00 00:00:00','0000-00-00 00:00:00',NULL),
	(310101,'黄浦区',3,310100,NULL,'0000-00-00 00:00:00','0000-00-00 00:00:00',NULL),
	(310104,'徐汇区',3,310100,NULL,'0000-00-00 00:00:00','0000-00-00 00:00:00',NULL),
	(310105,'长宁区',3,310100,NULL,'0000-00-00 00:00:00','0000-00-00 00:00:00',NULL),
	(310106,'静安区',3,310100,NULL,'0000-00-00 00:00:00','0000-00-00 00:00:00',NULL),
	(310107,'普陀区',3,310100,NULL,'0000-00-00 00:00:00','0000-00-00 00:00:00',NULL),
	(310108,'闸北区',3,310100,NULL,'0000-00-00 00:00:00','0000-00-00 00:00:00',NULL),
	(310109,'虹口区',3,310100,NULL,'0000-00-00 00:00:00','0000-00-00 00:00:00',NULL),
	(310110,'杨浦区',3,310100,NULL,'0000-00-00 00:00:00','0000-00-00 00:00:00',NULL),
	(310112,'闵行区',3,310100,NULL,'0000-00-00 00:00:00','0000-00-00 00:00:00',NULL),
	(310113,'宝山区',3,310100,NULL,'0000-00-00 00:00:00','0000-00-00 00:00:00',NULL),
	(310114,'嘉定区',3,310100,NULL,'0000-00-00 00:00:00','0000-00-00 00:00:00',NULL),
	(310115,'浦东新区',3,310100,NULL,'0000-00-00 00:00:00','0000-00-00 00:00:00',NULL),
	(310116,'金山区',3,310100,NULL,'0000-00-00 00:00:00','0000-00-00 00:00:00',NULL),
	(310117,'松江区',3,310100,NULL,'0000-00-00 00:00:00','0000-00-00 00:00:00',NULL),
	(310118,'青浦区',3,310100,NULL,'0000-00-00 00:00:00','0000-00-00 00:00:00',NULL),
	(310120,'奉贤区',3,310100,NULL,'0000-00-00 00:00:00','0000-00-00 00:00:00',NULL),
	(310200,'县',2,310000,NULL,'0000-00-00 00:00:00','0000-00-00 00:00:00',NULL),
	(310230,'崇明县',3,310200,NULL,'0000-00-00 00:00:00','0000-00-00 00:00:00',NULL),
	(320000,'江苏省',1,0,NULL,'0000-00-00 00:00:00','0000-00-00 00:00:00',NULL),
	(320100,'南京市',2,320000,NULL,'0000-00-00 00:00:00','0000-00-00 00:00:00',NULL),
	(320101,'市辖区',3,320100,NULL,'0000-00-00 00:00:00','0000-00-00 00:00:00',NULL),
	(320102,'玄武区',3,320100,NULL,'0000-00-00 00:00:00','0000-00-00 00:00:00',NULL),
	(320103,'白下区',3,320100,NULL,'0000-00-00 00:00:00','0000-00-00 00:00:00',NULL),
	(320104,'秦淮区',3,320100,NULL,'0000-00-00 00:00:00','0000-00-00 00:00:00',NULL),
	(320105,'建邺区',3,320100,NULL,'0000-00-00 00:00:00','0000-00-00 00:00:00',NULL),
	(320106,'鼓楼区',3,320100,NULL,'0000-00-00 00:00:00','0000-00-00 00:00:00',NULL),
	(320107,'下关区',3,320100,NULL,'0000-00-00 00:00:00','0000-00-00 00:00:00',NULL),
	(320111,'浦口区',3,320100,NULL,'0000-00-00 00:00:00','0000-00-00 00:00:00',NULL),
	(320113,'栖霞区',3,320100,NULL,'0000-00-00 00:00:00','0000-00-00 00:00:00',NULL),
	(320114,'雨花台区',3,320100,NULL,'0000-00-00 00:00:00','0000-00-00 00:00:00',NULL),
	(320115,'江宁区',3,320100,NULL,'0000-00-00 00:00:00','0000-00-00 00:00:00',NULL),
	(320116,'六合区',3,320100,NULL,'0000-00-00 00:00:00','0000-00-00 00:00:00',NULL),
	(320124,'溧水县',3,320100,NULL,'0000-00-00 00:00:00','0000-00-00 00:00:00',NULL),
	(320125,'高淳县',3,320100,NULL,'0000-00-00 00:00:00','0000-00-00 00:00:00',NULL),
	(320200,'无锡市',2,320000,NULL,'0000-00-00 00:00:00','0000-00-00 00:00:00',NULL),
	(320201,'市辖区',3,320200,NULL,'0000-00-00 00:00:00','0000-00-00 00:00:00',NULL),
	(320202,'崇安区',3,320200,NULL,'0000-00-00 00:00:00','0000-00-00 00:00:00',NULL),
	(320203,'南长区',3,320200,NULL,'0000-00-00 00:00:00','0000-00-00 00:00:00',NULL),
	(320204,'北塘区',3,320200,NULL,'0000-00-00 00:00:00','0000-00-00 00:00:00',NULL),
	(320205,'锡山区',3,320200,NULL,'0000-00-00 00:00:00','0000-00-00 00:00:00',NULL),
	(320206,'惠山区',3,320200,NULL,'0000-00-00 00:00:00','0000-00-00 00:00:00',NULL),
	(320211,'滨湖区',3,320200,NULL,'0000-00-00 00:00:00','0000-00-00 00:00:00',NULL),
	(320281,'江阴市',3,320200,NULL,'0000-00-00 00:00:00','0000-00-00 00:00:00',NULL),
	(320282,'宜兴市',3,320200,NULL,'0000-00-00 00:00:00','0000-00-00 00:00:00',NULL),
	(320300,'徐州市',2,320000,NULL,'0000-00-00 00:00:00','0000-00-00 00:00:00',NULL),
	(320301,'市辖区',3,320300,NULL,'0000-00-00 00:00:00','0000-00-00 00:00:00',NULL),
	(320302,'鼓楼区',3,320300,NULL,'0000-00-00 00:00:00','0000-00-00 00:00:00',NULL),
	(320303,'云龙区',3,320300,NULL,'0000-00-00 00:00:00','0000-00-00 00:00:00',NULL),
	(320305,'贾汪区',3,320300,NULL,'0000-00-00 00:00:00','0000-00-00 00:00:00',NULL),
	(320311,'泉山区',3,320300,NULL,'0000-00-00 00:00:00','0000-00-00 00:00:00',NULL),
	(320312,'铜山区',3,320300,NULL,'0000-00-00 00:00:00','0000-00-00 00:00:00',NULL),
	(320321,'丰县',3,320300,NULL,'0000-00-00 00:00:00','0000-00-00 00:00:00',NULL),
	(320322,'沛县',3,320300,NULL,'0000-00-00 00:00:00','0000-00-00 00:00:00',NULL),
	(320324,'睢宁县',3,320300,NULL,'0000-00-00 00:00:00','0000-00-00 00:00:00',NULL),
	(320381,'新沂市',3,320300,NULL,'0000-00-00 00:00:00','0000-00-00 00:00:00',NULL),
	(320382,'邳州市',3,320300,NULL,'0000-00-00 00:00:00','0000-00-00 00:00:00',NULL),
	(320400,'常州市',2,320000,NULL,'0000-00-00 00:00:00','0000-00-00 00:00:00',NULL),
	(320401,'市辖区',3,320400,NULL,'0000-00-00 00:00:00','0000-00-00 00:00:00',NULL),
	(320402,'天宁区',3,320400,NULL,'0000-00-00 00:00:00','0000-00-00 00:00:00',NULL),
	(320404,'钟楼区',3,320400,NULL,'0000-00-00 00:00:00','0000-00-00 00:00:00',NULL),
	(320405,'戚墅堰区',3,320400,NULL,'0000-00-00 00:00:00','0000-00-00 00:00:00',NULL),
	(320411,'新北区',3,320400,NULL,'0000-00-00 00:00:00','0000-00-00 00:00:00',NULL),
	(320412,'武进区',3,320400,NULL,'0000-00-00 00:00:00','0000-00-00 00:00:00',NULL),
	(320481,'溧阳市',3,320400,NULL,'0000-00-00 00:00:00','0000-00-00 00:00:00',NULL),
	(320482,'金坛市',3,320400,NULL,'0000-00-00 00:00:00','0000-00-00 00:00:00',NULL),
	(320500,'苏州市',2,320000,NULL,'0000-00-00 00:00:00','0000-00-00 00:00:00',NULL),
	(320501,'市辖区',3,320500,NULL,'0000-00-00 00:00:00','0000-00-00 00:00:00',NULL),
	(320505,'虎丘区',3,320500,NULL,'0000-00-00 00:00:00','0000-00-00 00:00:00',NULL),
	(320506,'吴中区',3,320500,NULL,'0000-00-00 00:00:00','0000-00-00 00:00:00',NULL),
	(320507,'相城区',3,320500,NULL,'0000-00-00 00:00:00','0000-00-00 00:00:00',NULL),
	(320508,'姑苏区',3,320500,NULL,'0000-00-00 00:00:00','0000-00-00 00:00:00',NULL),
	(320509,'吴江区',3,320500,NULL,'0000-00-00 00:00:00','0000-00-00 00:00:00',NULL),
	(320581,'常熟市',3,320500,NULL,'0000-00-00 00:00:00','0000-00-00 00:00:00',NULL),
	(320582,'张家港市',3,320500,NULL,'0000-00-00 00:00:00','0000-00-00 00:00:00',NULL),
	(320583,'昆山市',3,320500,NULL,'0000-00-00 00:00:00','0000-00-00 00:00:00',NULL),
	(320585,'太仓市',3,320500,NULL,'0000-00-00 00:00:00','0000-00-00 00:00:00',NULL),
	(320600,'南通市',2,320000,NULL,'0000-00-00 00:00:00','0000-00-00 00:00:00',NULL),
	(320601,'市辖区',3,320600,NULL,'0000-00-00 00:00:00','0000-00-00 00:00:00',NULL),
	(320602,'崇川区',3,320600,NULL,'0000-00-00 00:00:00','0000-00-00 00:00:00',NULL),
	(320611,'港闸区',3,320600,NULL,'0000-00-00 00:00:00','0000-00-00 00:00:00',NULL),
	(320612,'通州区',3,320600,NULL,'0000-00-00 00:00:00','0000-00-00 00:00:00',NULL),
	(320621,'海安县',3,320600,NULL,'0000-00-00 00:00:00','0000-00-00 00:00:00',NULL),
	(320623,'如东县',3,320600,NULL,'0000-00-00 00:00:00','0000-00-00 00:00:00',NULL),
	(320681,'启东市',3,320600,NULL,'0000-00-00 00:00:00','0000-00-00 00:00:00',NULL),
	(320682,'如皋市',3,320600,NULL,'0000-00-00 00:00:00','0000-00-00 00:00:00',NULL),
	(320684,'海门市',3,320600,NULL,'0000-00-00 00:00:00','0000-00-00 00:00:00',NULL),
	(320700,'连云港市',2,320000,NULL,'0000-00-00 00:00:00','0000-00-00 00:00:00',NULL),
	(320701,'市辖区',3,320700,NULL,'0000-00-00 00:00:00','0000-00-00 00:00:00',NULL),
	(320703,'连云区',3,320700,NULL,'0000-00-00 00:00:00','0000-00-00 00:00:00',NULL),
	(320705,'新浦区',3,320700,NULL,'0000-00-00 00:00:00','0000-00-00 00:00:00',NULL),
	(320706,'海州区',3,320700,NULL,'0000-00-00 00:00:00','0000-00-00 00:00:00',NULL),
	(320721,'赣榆县',3,320700,NULL,'0000-00-00 00:00:00','0000-00-00 00:00:00',NULL),
	(320722,'东海县',3,320700,NULL,'0000-00-00 00:00:00','0000-00-00 00:00:00',NULL),
	(320723,'灌云县',3,320700,NULL,'0000-00-00 00:00:00','0000-00-00 00:00:00',NULL),
	(320724,'灌南县',3,320700,NULL,'0000-00-00 00:00:00','0000-00-00 00:00:00',NULL),
	(320800,'淮安市',2,320000,NULL,'0000-00-00 00:00:00','0000-00-00 00:00:00',NULL),
	(320801,'市辖区',3,320800,NULL,'0000-00-00 00:00:00','0000-00-00 00:00:00',NULL),
	(320802,'清河区',3,320800,NULL,'0000-00-00 00:00:00','0000-00-00 00:00:00',NULL),
	(320803,'淮安区',3,320800,NULL,'0000-00-00 00:00:00','0000-00-00 00:00:00',NULL),
	(320804,'淮阴区',3,320800,NULL,'0000-00-00 00:00:00','0000-00-00 00:00:00',NULL),
	(320811,'清浦区',3,320800,NULL,'0000-00-00 00:00:00','0000-00-00 00:00:00',NULL),
	(320826,'涟水县',3,320800,NULL,'0000-00-00 00:00:00','0000-00-00 00:00:00',NULL),
	(320829,'洪泽县',3,320800,NULL,'0000-00-00 00:00:00','0000-00-00 00:00:00',NULL),
	(320830,'盱眙县',3,320800,NULL,'0000-00-00 00:00:00','0000-00-00 00:00:00',NULL),
	(320831,'金湖县',3,320800,NULL,'0000-00-00 00:00:00','0000-00-00 00:00:00',NULL),
	(320900,'盐城市',2,320000,NULL,'0000-00-00 00:00:00','0000-00-00 00:00:00',NULL),
	(320901,'市辖区',3,320900,NULL,'0000-00-00 00:00:00','0000-00-00 00:00:00',NULL),
	(320902,'亭湖区',3,320900,NULL,'0000-00-00 00:00:00','0000-00-00 00:00:00',NULL),
	(320903,'盐都区',3,320900,NULL,'0000-00-00 00:00:00','0000-00-00 00:00:00',NULL),
	(320921,'响水县',3,320900,NULL,'0000-00-00 00:00:00','0000-00-00 00:00:00',NULL),
	(320922,'滨海县',3,320900,NULL,'0000-00-00 00:00:00','0000-00-00 00:00:00',NULL),
	(320923,'阜宁县',3,320900,NULL,'0000-00-00 00:00:00','0000-00-00 00:00:00',NULL),
	(320924,'射阳县',3,320900,NULL,'0000-00-00 00:00:00','0000-00-00 00:00:00',NULL),
	(320925,'建湖县',3,320900,NULL,'0000-00-00 00:00:00','0000-00-00 00:00:00',NULL),
	(320981,'东台市',3,320900,NULL,'0000-00-00 00:00:00','0000-00-00 00:00:00',NULL),
	(320982,'大丰市',3,320900,NULL,'0000-00-00 00:00:00','0000-00-00 00:00:00',NULL),
	(321000,'扬州市',2,320000,NULL,'0000-00-00 00:00:00','0000-00-00 00:00:00',NULL),
	(321001,'市辖区',3,321000,NULL,'0000-00-00 00:00:00','0000-00-00 00:00:00',NULL),
	(321002,'广陵区',3,321000,NULL,'0000-00-00 00:00:00','0000-00-00 00:00:00',NULL),
	(321003,'邗江区',3,321000,NULL,'0000-00-00 00:00:00','0000-00-00 00:00:00',NULL),
	(321012,'江都区',3,321000,NULL,'0000-00-00 00:00:00','0000-00-00 00:00:00',NULL),
	(321023,'宝应县',3,321000,NULL,'0000-00-00 00:00:00','0000-00-00 00:00:00',NULL),
	(321081,'仪征市',3,321000,NULL,'0000-00-00 00:00:00','0000-00-00 00:00:00',NULL),
	(321084,'高邮市',3,321000,NULL,'0000-00-00 00:00:00','0000-00-00 00:00:00',NULL),
	(321100,'镇江市',2,320000,NULL,'0000-00-00 00:00:00','0000-00-00 00:00:00',NULL),
	(321101,'市辖区',3,321100,NULL,'0000-00-00 00:00:00','0000-00-00 00:00:00',NULL),
	(321102,'京口区',3,321100,NULL,'0000-00-00 00:00:00','0000-00-00 00:00:00',NULL),
	(321111,'润州区',3,321100,NULL,'0000-00-00 00:00:00','0000-00-00 00:00:00',NULL),
	(321112,'丹徒区',3,321100,NULL,'0000-00-00 00:00:00','0000-00-00 00:00:00',NULL),
	(321181,'丹阳市',3,321100,NULL,'0000-00-00 00:00:00','0000-00-00 00:00:00',NULL),
	(321182,'扬中市',3,321100,NULL,'0000-00-00 00:00:00','0000-00-00 00:00:00',NULL),
	(321183,'句容市',3,321100,NULL,'0000-00-00 00:00:00','0000-00-00 00:00:00',NULL),
	(321200,'泰州市',2,320000,NULL,'0000-00-00 00:00:00','0000-00-00 00:00:00',NULL),
	(321201,'市辖区',3,321200,NULL,'0000-00-00 00:00:00','0000-00-00 00:00:00',NULL),
	(321202,'海陵区',3,321200,NULL,'0000-00-00 00:00:00','0000-00-00 00:00:00',NULL),
	(321203,'高港区',3,321200,NULL,'0000-00-00 00:00:00','0000-00-00 00:00:00',NULL),
	(321281,'兴化市',3,321200,NULL,'0000-00-00 00:00:00','0000-00-00 00:00:00',NULL),
	(321282,'靖江市',3,321200,NULL,'0000-00-00 00:00:00','0000-00-00 00:00:00',NULL),
	(321283,'泰兴市',3,321200,NULL,'0000-00-00 00:00:00','0000-00-00 00:00:00',NULL),
	(321284,'姜堰市',3,321200,NULL,'0000-00-00 00:00:00','0000-00-00 00:00:00',NULL),
	(321300,'宿迁市',2,320000,NULL,'0000-00-00 00:00:00','0000-00-00 00:00:00',NULL),
	(321301,'市辖区',3,321300,NULL,'0000-00-00 00:00:00','0000-00-00 00:00:00',NULL),
	(321302,'宿城区',3,321300,NULL,'0000-00-00 00:00:00','0000-00-00 00:00:00',NULL),
	(321311,'宿豫区',3,321300,NULL,'0000-00-00 00:00:00','0000-00-00 00:00:00',NULL),
	(321322,'沭阳县',3,321300,NULL,'0000-00-00 00:00:00','0000-00-00 00:00:00',NULL),
	(321323,'泗阳县',3,321300,NULL,'0000-00-00 00:00:00','0000-00-00 00:00:00',NULL),
	(321324,'泗洪县',3,321300,NULL,'0000-00-00 00:00:00','0000-00-00 00:00:00',NULL),
	(330000,'浙江省',1,0,NULL,'0000-00-00 00:00:00','0000-00-00 00:00:00',NULL),
	(330100,'杭州市',2,330000,NULL,'0000-00-00 00:00:00','0000-00-00 00:00:00',NULL),
	(330101,'市辖区',3,330100,NULL,'0000-00-00 00:00:00','0000-00-00 00:00:00',NULL),
	(330102,'上城区',3,330100,NULL,'0000-00-00 00:00:00','0000-00-00 00:00:00',NULL),
	(330103,'下城区',3,330100,NULL,'0000-00-00 00:00:00','0000-00-00 00:00:00',NULL),
	(330104,'江干区',3,330100,NULL,'0000-00-00 00:00:00','0000-00-00 00:00:00',NULL),
	(330105,'拱墅区',3,330100,NULL,'0000-00-00 00:00:00','0000-00-00 00:00:00',NULL),
	(330106,'西湖区',3,330100,NULL,'0000-00-00 00:00:00','0000-00-00 00:00:00',NULL),
	(330108,'滨江区',3,330100,NULL,'0000-00-00 00:00:00','0000-00-00 00:00:00',NULL),
	(330109,'萧山区',3,330100,NULL,'0000-00-00 00:00:00','0000-00-00 00:00:00',NULL),
	(330110,'余杭区',3,330100,NULL,'0000-00-00 00:00:00','0000-00-00 00:00:00',NULL),
	(330122,'桐庐县',3,330100,NULL,'0000-00-00 00:00:00','0000-00-00 00:00:00',NULL),
	(330127,'淳安县',3,330100,NULL,'0000-00-00 00:00:00','0000-00-00 00:00:00',NULL),
	(330182,'建德市',3,330100,NULL,'0000-00-00 00:00:00','0000-00-00 00:00:00',NULL),
	(330183,'富阳市',3,330100,NULL,'0000-00-00 00:00:00','0000-00-00 00:00:00',NULL),
	(330185,'临安市',3,330100,NULL,'0000-00-00 00:00:00','0000-00-00 00:00:00',NULL),
	(330200,'宁波市',2,330000,NULL,'0000-00-00 00:00:00','0000-00-00 00:00:00',NULL),
	(330201,'市辖区',3,330200,NULL,'0000-00-00 00:00:00','0000-00-00 00:00:00',NULL),
	(330203,'海曙区',3,330200,NULL,'0000-00-00 00:00:00','0000-00-00 00:00:00',NULL),
	(330204,'江东区',3,330200,NULL,'0000-00-00 00:00:00','0000-00-00 00:00:00',NULL),
	(330205,'江北区',3,330200,NULL,'0000-00-00 00:00:00','0000-00-00 00:00:00',NULL),
	(330206,'北仑区',3,330200,NULL,'0000-00-00 00:00:00','0000-00-00 00:00:00',NULL),
	(330211,'镇海区',3,330200,NULL,'0000-00-00 00:00:00','0000-00-00 00:00:00',NULL),
	(330212,'鄞州区',3,330200,NULL,'0000-00-00 00:00:00','0000-00-00 00:00:00',NULL),
	(330225,'象山县',3,330200,NULL,'0000-00-00 00:00:00','0000-00-00 00:00:00',NULL),
	(330226,'宁海县',3,330200,NULL,'0000-00-00 00:00:00','0000-00-00 00:00:00',NULL),
	(330281,'余姚市',3,330200,NULL,'0000-00-00 00:00:00','0000-00-00 00:00:00',NULL),
	(330282,'慈溪市',3,330200,NULL,'0000-00-00 00:00:00','0000-00-00 00:00:00',NULL),
	(330283,'奉化市',3,330200,NULL,'0000-00-00 00:00:00','0000-00-00 00:00:00',NULL),
	(330300,'温州市',2,330000,NULL,'0000-00-00 00:00:00','0000-00-00 00:00:00',NULL),
	(330301,'市辖区',3,330300,NULL,'0000-00-00 00:00:00','0000-00-00 00:00:00',NULL),
	(330302,'鹿城区',3,330300,NULL,'0000-00-00 00:00:00','0000-00-00 00:00:00',NULL),
	(330303,'龙湾区',3,330300,NULL,'0000-00-00 00:00:00','0000-00-00 00:00:00',NULL),
	(330304,'瓯海区',3,330300,NULL,'0000-00-00 00:00:00','0000-00-00 00:00:00',NULL),
	(330322,'洞头县',3,330300,NULL,'0000-00-00 00:00:00','0000-00-00 00:00:00',NULL),
	(330324,'永嘉县',3,330300,NULL,'0000-00-00 00:00:00','0000-00-00 00:00:00',NULL),
	(330326,'平阳县',3,330300,NULL,'0000-00-00 00:00:00','0000-00-00 00:00:00',NULL),
	(330327,'苍南县',3,330300,NULL,'0000-00-00 00:00:00','0000-00-00 00:00:00',NULL),
	(330328,'文成县',3,330300,NULL,'0000-00-00 00:00:00','0000-00-00 00:00:00',NULL),
	(330329,'泰顺县',3,330300,NULL,'0000-00-00 00:00:00','0000-00-00 00:00:00',NULL),
	(330381,'瑞安市',3,330300,NULL,'0000-00-00 00:00:00','0000-00-00 00:00:00',NULL),
	(330382,'乐清市',3,330300,NULL,'0000-00-00 00:00:00','0000-00-00 00:00:00',NULL),
	(330400,'嘉兴市',2,330000,NULL,'0000-00-00 00:00:00','0000-00-00 00:00:00',NULL),
	(330401,'市辖区',3,330400,NULL,'0000-00-00 00:00:00','0000-00-00 00:00:00',NULL),
	(330402,'南湖区',3,330400,NULL,'0000-00-00 00:00:00','0000-00-00 00:00:00',NULL),
	(330411,'秀洲区',3,330400,NULL,'0000-00-00 00:00:00','0000-00-00 00:00:00',NULL),
	(330421,'嘉善县',3,330400,NULL,'0000-00-00 00:00:00','0000-00-00 00:00:00',NULL),
	(330424,'海盐县',3,330400,NULL,'0000-00-00 00:00:00','0000-00-00 00:00:00',NULL),
	(330481,'海宁市',3,330400,NULL,'0000-00-00 00:00:00','0000-00-00 00:00:00',NULL),
	(330482,'平湖市',3,330400,NULL,'0000-00-00 00:00:00','0000-00-00 00:00:00',NULL),
	(330483,'桐乡市',3,330400,NULL,'0000-00-00 00:00:00','0000-00-00 00:00:00',NULL),
	(330500,'湖州市',2,330000,NULL,'0000-00-00 00:00:00','0000-00-00 00:00:00',NULL),
	(330501,'市辖区',3,330500,NULL,'0000-00-00 00:00:00','0000-00-00 00:00:00',NULL),
	(330502,'吴兴区',3,330500,NULL,'0000-00-00 00:00:00','0000-00-00 00:00:00',NULL),
	(330503,'南浔区',3,330500,NULL,'0000-00-00 00:00:00','0000-00-00 00:00:00',NULL),
	(330521,'德清县',3,330500,NULL,'0000-00-00 00:00:00','0000-00-00 00:00:00',NULL),
	(330522,'长兴县',3,330500,NULL,'0000-00-00 00:00:00','0000-00-00 00:00:00',NULL),
	(330523,'安吉县',3,330500,NULL,'0000-00-00 00:00:00','0000-00-00 00:00:00',NULL),
	(330600,'绍兴市',2,330000,NULL,'0000-00-00 00:00:00','0000-00-00 00:00:00',NULL),
	(330601,'市辖区',3,330600,NULL,'0000-00-00 00:00:00','0000-00-00 00:00:00',NULL),
	(330602,'越城区',3,330600,NULL,'0000-00-00 00:00:00','0000-00-00 00:00:00',NULL),
	(330621,'绍兴县',3,330600,NULL,'0000-00-00 00:00:00','0000-00-00 00:00:00',NULL),
	(330624,'新昌县',3,330600,NULL,'0000-00-00 00:00:00','0000-00-00 00:00:00',NULL),
	(330681,'诸暨市',3,330600,NULL,'0000-00-00 00:00:00','0000-00-00 00:00:00',NULL),
	(330682,'上虞市',3,330600,NULL,'0000-00-00 00:00:00','0000-00-00 00:00:00',NULL),
	(330683,'嵊州市',3,330600,NULL,'0000-00-00 00:00:00','0000-00-00 00:00:00',NULL),
	(330700,'金华市',2,330000,NULL,'0000-00-00 00:00:00','0000-00-00 00:00:00',NULL),
	(330701,'市辖区',3,330700,NULL,'0000-00-00 00:00:00','0000-00-00 00:00:00',NULL),
	(330702,'婺城区',3,330700,NULL,'0000-00-00 00:00:00','0000-00-00 00:00:00',NULL),
	(330703,'金东区',3,330700,NULL,'0000-00-00 00:00:00','0000-00-00 00:00:00',NULL),
	(330723,'武义县',3,330700,NULL,'0000-00-00 00:00:00','0000-00-00 00:00:00',NULL),
	(330726,'浦江县',3,330700,NULL,'0000-00-00 00:00:00','0000-00-00 00:00:00',NULL),
	(330727,'磐安县',3,330700,NULL,'0000-00-00 00:00:00','0000-00-00 00:00:00',NULL),
	(330781,'兰溪市',3,330700,NULL,'0000-00-00 00:00:00','0000-00-00 00:00:00',NULL),
	(330782,'义乌市',3,330700,NULL,'0000-00-00 00:00:00','0000-00-00 00:00:00',NULL),
	(330783,'东阳市',3,330700,NULL,'0000-00-00 00:00:00','0000-00-00 00:00:00',NULL),
	(330784,'永康市',3,330700,NULL,'0000-00-00 00:00:00','0000-00-00 00:00:00',NULL),
	(330800,'衢州市',2,330000,NULL,'0000-00-00 00:00:00','0000-00-00 00:00:00',NULL),
	(330801,'市辖区',3,330800,NULL,'0000-00-00 00:00:00','0000-00-00 00:00:00',NULL),
	(330802,'柯城区',3,330800,NULL,'0000-00-00 00:00:00','0000-00-00 00:00:00',NULL),
	(330803,'衢江区',3,330800,NULL,'0000-00-00 00:00:00','0000-00-00 00:00:00',NULL),
	(330822,'常山县',3,330800,NULL,'0000-00-00 00:00:00','0000-00-00 00:00:00',NULL),
	(330824,'开化县',3,330800,NULL,'0000-00-00 00:00:00','0000-00-00 00:00:00',NULL),
	(330825,'龙游县',3,330800,NULL,'0000-00-00 00:00:00','0000-00-00 00:00:00',NULL),
	(330881,'江山市',3,330800,NULL,'0000-00-00 00:00:00','0000-00-00 00:00:00',NULL),
	(330900,'舟山市',2,330000,NULL,'0000-00-00 00:00:00','0000-00-00 00:00:00',NULL),
	(330901,'市辖区',3,330900,NULL,'0000-00-00 00:00:00','0000-00-00 00:00:00',NULL),
	(330902,'定海区',3,330900,NULL,'0000-00-00 00:00:00','0000-00-00 00:00:00',NULL),
	(330903,'普陀区',3,330900,NULL,'0000-00-00 00:00:00','0000-00-00 00:00:00',NULL),
	(330921,'岱山县',3,330900,NULL,'0000-00-00 00:00:00','0000-00-00 00:00:00',NULL),
	(330922,'嵊泗县',3,330900,NULL,'0000-00-00 00:00:00','0000-00-00 00:00:00',NULL),
	(331000,'台州市',2,330000,NULL,'0000-00-00 00:00:00','0000-00-00 00:00:00',NULL),
	(331001,'市辖区',3,331000,NULL,'0000-00-00 00:00:00','0000-00-00 00:00:00',NULL),
	(331002,'椒江区',3,331000,NULL,'0000-00-00 00:00:00','0000-00-00 00:00:00',NULL),
	(331003,'黄岩区',3,331000,NULL,'0000-00-00 00:00:00','0000-00-00 00:00:00',NULL),
	(331004,'路桥区',3,331000,NULL,'0000-00-00 00:00:00','0000-00-00 00:00:00',NULL),
	(331021,'玉环县',3,331000,NULL,'0000-00-00 00:00:00','0000-00-00 00:00:00',NULL),
	(331022,'三门县',3,331000,NULL,'0000-00-00 00:00:00','0000-00-00 00:00:00',NULL),
	(331023,'天台县',3,331000,NULL,'0000-00-00 00:00:00','0000-00-00 00:00:00',NULL),
	(331024,'仙居县',3,331000,NULL,'0000-00-00 00:00:00','0000-00-00 00:00:00',NULL),
	(331081,'温岭市',3,331000,NULL,'0000-00-00 00:00:00','0000-00-00 00:00:00',NULL),
	(331082,'临海市',3,331000,NULL,'0000-00-00 00:00:00','0000-00-00 00:00:00',NULL),
	(331100,'丽水市',2,330000,NULL,'0000-00-00 00:00:00','0000-00-00 00:00:00',NULL),
	(331101,'市辖区',3,331100,NULL,'0000-00-00 00:00:00','0000-00-00 00:00:00',NULL),
	(331102,'莲都区',3,331100,NULL,'0000-00-00 00:00:00','0000-00-00 00:00:00',NULL),
	(331121,'青田县',3,331100,NULL,'0000-00-00 00:00:00','0000-00-00 00:00:00',NULL),
	(331122,'缙云县',3,331100,NULL,'0000-00-00 00:00:00','0000-00-00 00:00:00',NULL),
	(331123,'遂昌县',3,331100,NULL,'0000-00-00 00:00:00','0000-00-00 00:00:00',NULL),
	(331124,'松阳县',3,331100,NULL,'0000-00-00 00:00:00','0000-00-00 00:00:00',NULL),
	(331125,'云和县',3,331100,NULL,'0000-00-00 00:00:00','0000-00-00 00:00:00',NULL),
	(331126,'庆元县',3,331100,NULL,'0000-00-00 00:00:00','0000-00-00 00:00:00',NULL),
	(331127,'景宁畲族自治县',3,331100,NULL,'0000-00-00 00:00:00','0000-00-00 00:00:00',NULL),
	(331181,'龙泉市',3,331100,NULL,'0000-00-00 00:00:00','0000-00-00 00:00:00',NULL),
	(340000,'安徽省',1,0,NULL,'0000-00-00 00:00:00','0000-00-00 00:00:00',NULL),
	(340100,'合肥市',2,340000,NULL,'0000-00-00 00:00:00','0000-00-00 00:00:00',NULL),
	(340101,'市辖区',3,340100,NULL,'0000-00-00 00:00:00','0000-00-00 00:00:00',NULL),
	(340102,'瑶海区',3,340100,NULL,'0000-00-00 00:00:00','0000-00-00 00:00:00',NULL),
	(340103,'庐阳区',3,340100,NULL,'0000-00-00 00:00:00','0000-00-00 00:00:00',NULL),
	(340104,'蜀山区',3,340100,NULL,'0000-00-00 00:00:00','0000-00-00 00:00:00',NULL),
	(340111,'包河区',3,340100,NULL,'0000-00-00 00:00:00','0000-00-00 00:00:00',NULL),
	(340121,'长丰县',3,340100,NULL,'0000-00-00 00:00:00','0000-00-00 00:00:00',NULL),
	(340122,'肥东县',3,340100,NULL,'0000-00-00 00:00:00','0000-00-00 00:00:00',NULL),
	(340123,'肥西县',3,340100,NULL,'0000-00-00 00:00:00','0000-00-00 00:00:00',NULL),
	(340124,'庐江县',3,340100,NULL,'0000-00-00 00:00:00','0000-00-00 00:00:00',NULL),
	(340181,'巢湖市',3,340100,NULL,'0000-00-00 00:00:00','0000-00-00 00:00:00',NULL),
	(340200,'芜湖市',2,340000,NULL,'0000-00-00 00:00:00','0000-00-00 00:00:00',NULL),
	(340201,'市辖区',3,340200,NULL,'0000-00-00 00:00:00','0000-00-00 00:00:00',NULL),
	(340202,'镜湖区',3,340200,NULL,'0000-00-00 00:00:00','0000-00-00 00:00:00',NULL),
	(340203,'弋江区',3,340200,NULL,'0000-00-00 00:00:00','0000-00-00 00:00:00',NULL),
	(340207,'鸠江区',3,340200,NULL,'0000-00-00 00:00:00','0000-00-00 00:00:00',NULL),
	(340208,'三山区',3,340200,NULL,'0000-00-00 00:00:00','0000-00-00 00:00:00',NULL),
	(340221,'芜湖县',3,340200,NULL,'0000-00-00 00:00:00','0000-00-00 00:00:00',NULL),
	(340222,'繁昌县',3,340200,NULL,'0000-00-00 00:00:00','0000-00-00 00:00:00',NULL),
	(340223,'南陵县',3,340200,NULL,'0000-00-00 00:00:00','0000-00-00 00:00:00',NULL),
	(340225,'无为县',3,340200,NULL,'0000-00-00 00:00:00','0000-00-00 00:00:00',NULL),
	(340300,'蚌埠市',2,340000,NULL,'0000-00-00 00:00:00','0000-00-00 00:00:00',NULL),
	(340301,'市辖区',3,340300,NULL,'0000-00-00 00:00:00','0000-00-00 00:00:00',NULL),
	(340302,'龙子湖区',3,340300,NULL,'0000-00-00 00:00:00','0000-00-00 00:00:00',NULL),
	(340303,'蚌山区',3,340300,NULL,'0000-00-00 00:00:00','0000-00-00 00:00:00',NULL),
	(340304,'禹会区',3,340300,NULL,'0000-00-00 00:00:00','0000-00-00 00:00:00',NULL),
	(340311,'淮上区',3,340300,NULL,'0000-00-00 00:00:00','0000-00-00 00:00:00',NULL),
	(340321,'怀远县',3,340300,NULL,'0000-00-00 00:00:00','0000-00-00 00:00:00',NULL),
	(340322,'五河县',3,340300,NULL,'0000-00-00 00:00:00','0000-00-00 00:00:00',NULL),
	(340323,'固镇县',3,340300,NULL,'0000-00-00 00:00:00','0000-00-00 00:00:00',NULL),
	(340400,'淮南市',2,340000,NULL,'0000-00-00 00:00:00','0000-00-00 00:00:00',NULL),
	(340401,'市辖区',3,340400,NULL,'0000-00-00 00:00:00','0000-00-00 00:00:00',NULL),
	(340402,'大通区',3,340400,NULL,'0000-00-00 00:00:00','0000-00-00 00:00:00',NULL),
	(340403,'田家庵区',3,340400,NULL,'0000-00-00 00:00:00','0000-00-00 00:00:00',NULL),
	(340404,'谢家集区',3,340400,NULL,'0000-00-00 00:00:00','0000-00-00 00:00:00',NULL),
	(340405,'八公山区',3,340400,NULL,'0000-00-00 00:00:00','0000-00-00 00:00:00',NULL),
	(340406,'潘集区',3,340400,NULL,'0000-00-00 00:00:00','0000-00-00 00:00:00',NULL),
	(340421,'凤台县',3,340400,NULL,'0000-00-00 00:00:00','0000-00-00 00:00:00',NULL),
	(340500,'马鞍山市',2,340000,NULL,'0000-00-00 00:00:00','0000-00-00 00:00:00',NULL),
	(340501,'市辖区',3,340500,NULL,'0000-00-00 00:00:00','0000-00-00 00:00:00',NULL),
	(340503,'花山区',3,340500,NULL,'0000-00-00 00:00:00','0000-00-00 00:00:00',NULL),
	(340504,'雨山区',3,340500,NULL,'0000-00-00 00:00:00','0000-00-00 00:00:00',NULL),
	(340506,'博望区',3,340500,NULL,'0000-00-00 00:00:00','0000-00-00 00:00:00',NULL),
	(340521,'当涂县',3,340500,NULL,'0000-00-00 00:00:00','0000-00-00 00:00:00',NULL),
	(340522,'含山县',3,340500,NULL,'0000-00-00 00:00:00','0000-00-00 00:00:00',NULL),
	(340523,'和县',3,340500,NULL,'0000-00-00 00:00:00','0000-00-00 00:00:00',NULL),
	(340600,'淮北市',2,340000,NULL,'0000-00-00 00:00:00','0000-00-00 00:00:00',NULL),
	(340601,'市辖区',3,340600,NULL,'0000-00-00 00:00:00','0000-00-00 00:00:00',NULL),
	(340602,'杜集区',3,340600,NULL,'0000-00-00 00:00:00','0000-00-00 00:00:00',NULL),
	(340603,'相山区',3,340600,NULL,'0000-00-00 00:00:00','0000-00-00 00:00:00',NULL),
	(340604,'烈山区',3,340600,NULL,'0000-00-00 00:00:00','0000-00-00 00:00:00',NULL),
	(340621,'濉溪县',3,340600,NULL,'0000-00-00 00:00:00','0000-00-00 00:00:00',NULL),
	(340700,'铜陵市',2,340000,NULL,'0000-00-00 00:00:00','0000-00-00 00:00:00',NULL),
	(340701,'市辖区',3,340700,NULL,'0000-00-00 00:00:00','0000-00-00 00:00:00',NULL),
	(340702,'铜官山区',3,340700,NULL,'0000-00-00 00:00:00','0000-00-00 00:00:00',NULL),
	(340703,'狮子山区',3,340700,NULL,'0000-00-00 00:00:00','0000-00-00 00:00:00',NULL),
	(340711,'郊区',3,340700,NULL,'0000-00-00 00:00:00','0000-00-00 00:00:00',NULL),
	(340721,'铜陵县',3,340700,NULL,'0000-00-00 00:00:00','0000-00-00 00:00:00',NULL),
	(340800,'安庆市',2,340000,NULL,'0000-00-00 00:00:00','0000-00-00 00:00:00',NULL),
	(340801,'市辖区',3,340800,NULL,'0000-00-00 00:00:00','0000-00-00 00:00:00',NULL),
	(340802,'迎江区',3,340800,NULL,'0000-00-00 00:00:00','0000-00-00 00:00:00',NULL),
	(340803,'大观区',3,340800,NULL,'0000-00-00 00:00:00','0000-00-00 00:00:00',NULL),
	(340811,'宜秀区',3,340800,NULL,'0000-00-00 00:00:00','0000-00-00 00:00:00',NULL),
	(340822,'怀宁县',3,340800,NULL,'0000-00-00 00:00:00','0000-00-00 00:00:00',NULL),
	(340823,'枞阳县',3,340800,NULL,'0000-00-00 00:00:00','0000-00-00 00:00:00',NULL),
	(340824,'潜山县',3,340800,NULL,'0000-00-00 00:00:00','0000-00-00 00:00:00',NULL),
	(340825,'太湖县',3,340800,NULL,'0000-00-00 00:00:00','0000-00-00 00:00:00',NULL),
	(340826,'宿松县',3,340800,NULL,'0000-00-00 00:00:00','0000-00-00 00:00:00',NULL),
	(340827,'望江县',3,340800,NULL,'0000-00-00 00:00:00','0000-00-00 00:00:00',NULL),
	(340828,'岳西县',3,340800,NULL,'0000-00-00 00:00:00','0000-00-00 00:00:00',NULL),
	(340881,'桐城市',3,340800,NULL,'0000-00-00 00:00:00','0000-00-00 00:00:00',NULL),
	(341000,'黄山市',2,340000,NULL,'0000-00-00 00:00:00','0000-00-00 00:00:00',NULL),
	(341001,'市辖区',3,341000,NULL,'0000-00-00 00:00:00','0000-00-00 00:00:00',NULL),
	(341002,'屯溪区',3,341000,NULL,'0000-00-00 00:00:00','0000-00-00 00:00:00',NULL),
	(341003,'黄山区',3,341000,NULL,'0000-00-00 00:00:00','0000-00-00 00:00:00',NULL),
	(341004,'徽州区',3,341000,NULL,'0000-00-00 00:00:00','0000-00-00 00:00:00',NULL),
	(341021,'歙县',3,341000,NULL,'0000-00-00 00:00:00','0000-00-00 00:00:00',NULL),
	(341022,'休宁县',3,341000,NULL,'0000-00-00 00:00:00','0000-00-00 00:00:00',NULL),
	(341023,'黟县',3,341000,NULL,'0000-00-00 00:00:00','0000-00-00 00:00:00',NULL),
	(341024,'祁门县',3,341000,NULL,'0000-00-00 00:00:00','0000-00-00 00:00:00',NULL),
	(341100,'滁州市',2,340000,NULL,'0000-00-00 00:00:00','0000-00-00 00:00:00',NULL),
	(341101,'市辖区',3,341100,NULL,'0000-00-00 00:00:00','0000-00-00 00:00:00',NULL),
	(341102,'琅琊区',3,341100,NULL,'0000-00-00 00:00:00','0000-00-00 00:00:00',NULL),
	(341103,'南谯区',3,341100,NULL,'0000-00-00 00:00:00','0000-00-00 00:00:00',NULL),
	(341122,'来安县',3,341100,NULL,'0000-00-00 00:00:00','0000-00-00 00:00:00',NULL),
	(341124,'全椒县',3,341100,NULL,'0000-00-00 00:00:00','0000-00-00 00:00:00',NULL),
	(341125,'定远县',3,341100,NULL,'0000-00-00 00:00:00','0000-00-00 00:00:00',NULL),
	(341126,'凤阳县',3,341100,NULL,'0000-00-00 00:00:00','0000-00-00 00:00:00',NULL),
	(341181,'天长市',3,341100,NULL,'0000-00-00 00:00:00','0000-00-00 00:00:00',NULL),
	(341182,'明光市',3,341100,NULL,'0000-00-00 00:00:00','0000-00-00 00:00:00',NULL),
	(341200,'阜阳市',2,340000,NULL,'0000-00-00 00:00:00','0000-00-00 00:00:00',NULL),
	(341201,'市辖区',3,341200,NULL,'0000-00-00 00:00:00','0000-00-00 00:00:00',NULL),
	(341202,'颍州区',3,341200,NULL,'0000-00-00 00:00:00','0000-00-00 00:00:00',NULL),
	(341203,'颍东区',3,341200,NULL,'0000-00-00 00:00:00','0000-00-00 00:00:00',NULL),
	(341204,'颍泉区',3,341200,NULL,'0000-00-00 00:00:00','0000-00-00 00:00:00',NULL),
	(341221,'临泉县',3,341200,NULL,'0000-00-00 00:00:00','0000-00-00 00:00:00',NULL),
	(341222,'太和县',3,341200,NULL,'0000-00-00 00:00:00','0000-00-00 00:00:00',NULL),
	(341225,'阜南县',3,341200,NULL,'0000-00-00 00:00:00','0000-00-00 00:00:00',NULL),
	(341226,'颍上县',3,341200,NULL,'0000-00-00 00:00:00','0000-00-00 00:00:00',NULL),
	(341282,'界首市',3,341200,NULL,'0000-00-00 00:00:00','0000-00-00 00:00:00',NULL),
	(341300,'宿州市',2,340000,NULL,'0000-00-00 00:00:00','0000-00-00 00:00:00',NULL),
	(341301,'市辖区',3,341300,NULL,'0000-00-00 00:00:00','0000-00-00 00:00:00',NULL),
	(341302,'埇桥区',3,341300,NULL,'0000-00-00 00:00:00','0000-00-00 00:00:00',NULL),
	(341321,'砀山县',3,341300,NULL,'0000-00-00 00:00:00','0000-00-00 00:00:00',NULL),
	(341322,'萧县',3,341300,NULL,'0000-00-00 00:00:00','0000-00-00 00:00:00',NULL),
	(341323,'灵璧县',3,341300,NULL,'0000-00-00 00:00:00','0000-00-00 00:00:00',NULL),
	(341324,'泗县',3,341300,NULL,'0000-00-00 00:00:00','0000-00-00 00:00:00',NULL),
	(341500,'六安市',2,340000,NULL,'0000-00-00 00:00:00','0000-00-00 00:00:00',NULL),
	(341501,'市辖区',3,341500,NULL,'0000-00-00 00:00:00','0000-00-00 00:00:00',NULL),
	(341502,'金安区',3,341500,NULL,'0000-00-00 00:00:00','0000-00-00 00:00:00',NULL),
	(341503,'裕安区',3,341500,NULL,'0000-00-00 00:00:00','0000-00-00 00:00:00',NULL),
	(341521,'寿县',3,341500,NULL,'0000-00-00 00:00:00','0000-00-00 00:00:00',NULL),
	(341522,'霍邱县',3,341500,NULL,'0000-00-00 00:00:00','0000-00-00 00:00:00',NULL),
	(341523,'舒城县',3,341500,NULL,'0000-00-00 00:00:00','0000-00-00 00:00:00',NULL),
	(341524,'金寨县',3,341500,NULL,'0000-00-00 00:00:00','0000-00-00 00:00:00',NULL),
	(341525,'霍山县',3,341500,NULL,'0000-00-00 00:00:00','0000-00-00 00:00:00',NULL),
	(341600,'亳州市',2,340000,NULL,'0000-00-00 00:00:00','0000-00-00 00:00:00',NULL),
	(341601,'市辖区',3,341600,NULL,'0000-00-00 00:00:00','0000-00-00 00:00:00',NULL),
	(341602,'谯城区',3,341600,NULL,'0000-00-00 00:00:00','0000-00-00 00:00:00',NULL),
	(341621,'涡阳县',3,341600,NULL,'0000-00-00 00:00:00','0000-00-00 00:00:00',NULL),
	(341622,'蒙城县',3,341600,NULL,'0000-00-00 00:00:00','0000-00-00 00:00:00',NULL),
	(341623,'利辛县',3,341600,NULL,'0000-00-00 00:00:00','0000-00-00 00:00:00',NULL),
	(341700,'池州市',2,340000,NULL,'0000-00-00 00:00:00','0000-00-00 00:00:00',NULL),
	(341701,'市辖区',3,341700,NULL,'0000-00-00 00:00:00','0000-00-00 00:00:00',NULL),
	(341702,'贵池区',3,341700,NULL,'0000-00-00 00:00:00','0000-00-00 00:00:00',NULL),
	(341721,'东至县',3,341700,NULL,'0000-00-00 00:00:00','0000-00-00 00:00:00',NULL),
	(341722,'石台县',3,341700,NULL,'0000-00-00 00:00:00','0000-00-00 00:00:00',NULL),
	(341723,'青阳县',3,341700,NULL,'0000-00-00 00:00:00','0000-00-00 00:00:00',NULL),
	(341800,'宣城市',2,340000,NULL,'0000-00-00 00:00:00','0000-00-00 00:00:00',NULL),
	(341801,'市辖区',3,341800,NULL,'0000-00-00 00:00:00','0000-00-00 00:00:00',NULL),
	(341802,'宣州区',3,341800,NULL,'0000-00-00 00:00:00','0000-00-00 00:00:00',NULL),
	(341821,'郎溪县',3,341800,NULL,'0000-00-00 00:00:00','0000-00-00 00:00:00',NULL),
	(341822,'广德县',3,341800,NULL,'0000-00-00 00:00:00','0000-00-00 00:00:00',NULL),
	(341823,'泾县',3,341800,NULL,'0000-00-00 00:00:00','0000-00-00 00:00:00',NULL),
	(341824,'绩溪县',3,341800,NULL,'0000-00-00 00:00:00','0000-00-00 00:00:00',NULL),
	(341825,'旌德县',3,341800,NULL,'0000-00-00 00:00:00','0000-00-00 00:00:00',NULL),
	(341881,'宁国市',3,341800,NULL,'0000-00-00 00:00:00','0000-00-00 00:00:00',NULL),
	(350000,'福建省',1,0,NULL,'0000-00-00 00:00:00','0000-00-00 00:00:00',NULL),
	(350100,'福州市',2,350000,NULL,'0000-00-00 00:00:00','0000-00-00 00:00:00',NULL),
	(350101,'市辖区',3,350100,NULL,'0000-00-00 00:00:00','0000-00-00 00:00:00',NULL),
	(350102,'鼓楼区',3,350100,NULL,'0000-00-00 00:00:00','0000-00-00 00:00:00',NULL),
	(350103,'台江区',3,350100,NULL,'0000-00-00 00:00:00','0000-00-00 00:00:00',NULL),
	(350104,'仓山区',3,350100,NULL,'0000-00-00 00:00:00','0000-00-00 00:00:00',NULL),
	(350105,'马尾区',3,350100,NULL,'0000-00-00 00:00:00','0000-00-00 00:00:00',NULL),
	(350111,'晋安区',3,350100,NULL,'0000-00-00 00:00:00','0000-00-00 00:00:00',NULL),
	(350121,'闽侯县',3,350100,NULL,'0000-00-00 00:00:00','0000-00-00 00:00:00',NULL),
	(350122,'连江县',3,350100,NULL,'0000-00-00 00:00:00','0000-00-00 00:00:00',NULL),
	(350123,'罗源县',3,350100,NULL,'0000-00-00 00:00:00','0000-00-00 00:00:00',NULL),
	(350124,'闽清县',3,350100,NULL,'0000-00-00 00:00:00','0000-00-00 00:00:00',NULL),
	(350125,'永泰县',3,350100,NULL,'0000-00-00 00:00:00','0000-00-00 00:00:00',NULL),
	(350128,'平潭县',3,350100,NULL,'0000-00-00 00:00:00','0000-00-00 00:00:00',NULL),
	(350181,'福清市',3,350100,NULL,'0000-00-00 00:00:00','0000-00-00 00:00:00',NULL),
	(350182,'长乐市',3,350100,NULL,'0000-00-00 00:00:00','0000-00-00 00:00:00',NULL),
	(350200,'厦门市',2,350000,NULL,'0000-00-00 00:00:00','0000-00-00 00:00:00',NULL),
	(350201,'市辖区',3,350200,NULL,'0000-00-00 00:00:00','0000-00-00 00:00:00',NULL),
	(350203,'思明区',3,350200,NULL,'0000-00-00 00:00:00','0000-00-00 00:00:00',NULL),
	(350205,'海沧区',3,350200,NULL,'0000-00-00 00:00:00','0000-00-00 00:00:00',NULL),
	(350206,'湖里区',3,350200,NULL,'0000-00-00 00:00:00','0000-00-00 00:00:00',NULL),
	(350211,'集美区',3,350200,NULL,'0000-00-00 00:00:00','0000-00-00 00:00:00',NULL),
	(350212,'同安区',3,350200,NULL,'0000-00-00 00:00:00','0000-00-00 00:00:00',NULL),
	(350213,'翔安区',3,350200,NULL,'0000-00-00 00:00:00','0000-00-00 00:00:00',NULL),
	(350300,'莆田市',2,350000,NULL,'0000-00-00 00:00:00','0000-00-00 00:00:00',NULL),
	(350301,'市辖区',3,350300,NULL,'0000-00-00 00:00:00','0000-00-00 00:00:00',NULL),
	(350302,'城厢区',3,350300,NULL,'0000-00-00 00:00:00','0000-00-00 00:00:00',NULL),
	(350303,'涵江区',3,350300,NULL,'0000-00-00 00:00:00','0000-00-00 00:00:00',NULL),
	(350304,'荔城区',3,350300,NULL,'0000-00-00 00:00:00','0000-00-00 00:00:00',NULL),
	(350305,'秀屿区',3,350300,NULL,'0000-00-00 00:00:00','0000-00-00 00:00:00',NULL),
	(350322,'仙游县',3,350300,NULL,'0000-00-00 00:00:00','0000-00-00 00:00:00',NULL),
	(350400,'三明市',2,350000,NULL,'0000-00-00 00:00:00','0000-00-00 00:00:00',NULL),
	(350401,'市辖区',3,350400,NULL,'0000-00-00 00:00:00','0000-00-00 00:00:00',NULL),
	(350402,'梅列区',3,350400,NULL,'0000-00-00 00:00:00','0000-00-00 00:00:00',NULL),
	(350403,'三元区',3,350400,NULL,'0000-00-00 00:00:00','0000-00-00 00:00:00',NULL),
	(350421,'明溪县',3,350400,NULL,'0000-00-00 00:00:00','0000-00-00 00:00:00',NULL),
	(350423,'清流县',3,350400,NULL,'0000-00-00 00:00:00','0000-00-00 00:00:00',NULL),
	(350424,'宁化县',3,350400,NULL,'0000-00-00 00:00:00','0000-00-00 00:00:00',NULL),
	(350425,'大田县',3,350400,NULL,'0000-00-00 00:00:00','0000-00-00 00:00:00',NULL),
	(350426,'尤溪县',3,350400,NULL,'0000-00-00 00:00:00','0000-00-00 00:00:00',NULL),
	(350427,'沙县',3,350400,NULL,'0000-00-00 00:00:00','0000-00-00 00:00:00',NULL),
	(350428,'将乐县',3,350400,NULL,'0000-00-00 00:00:00','0000-00-00 00:00:00',NULL),
	(350429,'泰宁县',3,350400,NULL,'0000-00-00 00:00:00','0000-00-00 00:00:00',NULL),
	(350430,'建宁县',3,350400,NULL,'0000-00-00 00:00:00','0000-00-00 00:00:00',NULL),
	(350481,'永安市',3,350400,NULL,'0000-00-00 00:00:00','0000-00-00 00:00:00',NULL),
	(350500,'泉州市',2,350000,NULL,'0000-00-00 00:00:00','0000-00-00 00:00:00',NULL),
	(350501,'市辖区',3,350500,NULL,'0000-00-00 00:00:00','0000-00-00 00:00:00',NULL),
	(350502,'鲤城区',3,350500,NULL,'0000-00-00 00:00:00','0000-00-00 00:00:00',NULL),
	(350503,'丰泽区',3,350500,NULL,'0000-00-00 00:00:00','0000-00-00 00:00:00',NULL),
	(350504,'洛江区',3,350500,NULL,'0000-00-00 00:00:00','0000-00-00 00:00:00',NULL),
	(350505,'泉港区',3,350500,NULL,'0000-00-00 00:00:00','0000-00-00 00:00:00',NULL),
	(350521,'惠安县',3,350500,NULL,'0000-00-00 00:00:00','0000-00-00 00:00:00',NULL),
	(350524,'安溪县',3,350500,NULL,'0000-00-00 00:00:00','0000-00-00 00:00:00',NULL),
	(350525,'永春县',3,350500,NULL,'0000-00-00 00:00:00','0000-00-00 00:00:00',NULL),
	(350526,'德化县',3,350500,NULL,'0000-00-00 00:00:00','0000-00-00 00:00:00',NULL),
	(350527,'金门县',3,350500,NULL,'0000-00-00 00:00:00','0000-00-00 00:00:00',NULL),
	(350581,'石狮市',3,350500,NULL,'0000-00-00 00:00:00','0000-00-00 00:00:00',NULL),
	(350582,'晋江市',3,350500,NULL,'0000-00-00 00:00:00','0000-00-00 00:00:00',NULL),
	(350583,'南安市',3,350500,NULL,'0000-00-00 00:00:00','0000-00-00 00:00:00',NULL),
	(350600,'漳州市',2,350000,NULL,'0000-00-00 00:00:00','0000-00-00 00:00:00',NULL),
	(350601,'市辖区',3,350600,NULL,'0000-00-00 00:00:00','0000-00-00 00:00:00',NULL),
	(350602,'芗城区',3,350600,NULL,'0000-00-00 00:00:00','0000-00-00 00:00:00',NULL),
	(350603,'龙文区',3,350600,NULL,'0000-00-00 00:00:00','0000-00-00 00:00:00',NULL),
	(350622,'云霄县',3,350600,NULL,'0000-00-00 00:00:00','0000-00-00 00:00:00',NULL),
	(350623,'漳浦县',3,350600,NULL,'0000-00-00 00:00:00','0000-00-00 00:00:00',NULL),
	(350624,'诏安县',3,350600,NULL,'0000-00-00 00:00:00','0000-00-00 00:00:00',NULL),
	(350625,'长泰县',3,350600,NULL,'0000-00-00 00:00:00','0000-00-00 00:00:00',NULL),
	(350626,'东山县',3,350600,NULL,'0000-00-00 00:00:00','0000-00-00 00:00:00',NULL),
	(350627,'南靖县',3,350600,NULL,'0000-00-00 00:00:00','0000-00-00 00:00:00',NULL),
	(350628,'平和县',3,350600,NULL,'0000-00-00 00:00:00','0000-00-00 00:00:00',NULL),
	(350629,'华安县',3,350600,NULL,'0000-00-00 00:00:00','0000-00-00 00:00:00',NULL),
	(350681,'龙海市',3,350600,NULL,'0000-00-00 00:00:00','0000-00-00 00:00:00',NULL),
	(350700,'南平市',2,350000,NULL,'0000-00-00 00:00:00','0000-00-00 00:00:00',NULL),
	(350701,'市辖区',3,350700,NULL,'0000-00-00 00:00:00','0000-00-00 00:00:00',NULL),
	(350702,'延平区',3,350700,NULL,'0000-00-00 00:00:00','0000-00-00 00:00:00',NULL),
	(350721,'顺昌县',3,350700,NULL,'0000-00-00 00:00:00','0000-00-00 00:00:00',NULL),
	(350722,'浦城县',3,350700,NULL,'0000-00-00 00:00:00','0000-00-00 00:00:00',NULL),
	(350723,'光泽县',3,350700,NULL,'0000-00-00 00:00:00','0000-00-00 00:00:00',NULL),
	(350724,'松溪县',3,350700,NULL,'0000-00-00 00:00:00','0000-00-00 00:00:00',NULL),
	(350725,'政和县',3,350700,NULL,'0000-00-00 00:00:00','0000-00-00 00:00:00',NULL),
	(350781,'邵武市',3,350700,NULL,'0000-00-00 00:00:00','0000-00-00 00:00:00',NULL),
	(350782,'武夷山市',3,350700,NULL,'0000-00-00 00:00:00','0000-00-00 00:00:00',NULL),
	(350783,'建瓯市',3,350700,NULL,'0000-00-00 00:00:00','0000-00-00 00:00:00',NULL),
	(350784,'建阳市',3,350700,NULL,'0000-00-00 00:00:00','0000-00-00 00:00:00',NULL),
	(350800,'龙岩市',2,350000,NULL,'0000-00-00 00:00:00','0000-00-00 00:00:00',NULL),
	(350801,'市辖区',3,350800,NULL,'0000-00-00 00:00:00','0000-00-00 00:00:00',NULL),
	(350802,'新罗区',3,350800,NULL,'0000-00-00 00:00:00','0000-00-00 00:00:00',NULL),
	(350821,'长汀县',3,350800,NULL,'0000-00-00 00:00:00','0000-00-00 00:00:00',NULL),
	(350822,'永定县',3,350800,NULL,'0000-00-00 00:00:00','0000-00-00 00:00:00',NULL),
	(350823,'上杭县',3,350800,NULL,'0000-00-00 00:00:00','0000-00-00 00:00:00',NULL),
	(350824,'武平县',3,350800,NULL,'0000-00-00 00:00:00','0000-00-00 00:00:00',NULL),
	(350825,'连城县',3,350800,NULL,'0000-00-00 00:00:00','0000-00-00 00:00:00',NULL),
	(350881,'漳平市',3,350800,NULL,'0000-00-00 00:00:00','0000-00-00 00:00:00',NULL),
	(350900,'宁德市',2,350000,NULL,'0000-00-00 00:00:00','0000-00-00 00:00:00',NULL),
	(350901,'市辖区',3,350900,NULL,'0000-00-00 00:00:00','0000-00-00 00:00:00',NULL),
	(350902,'蕉城区',3,350900,NULL,'0000-00-00 00:00:00','0000-00-00 00:00:00',NULL),
	(350921,'霞浦县',3,350900,NULL,'0000-00-00 00:00:00','0000-00-00 00:00:00',NULL),
	(350922,'古田县',3,350900,NULL,'0000-00-00 00:00:00','0000-00-00 00:00:00',NULL),
	(350923,'屏南县',3,350900,NULL,'0000-00-00 00:00:00','0000-00-00 00:00:00',NULL),
	(350924,'寿宁县',3,350900,NULL,'0000-00-00 00:00:00','0000-00-00 00:00:00',NULL),
	(350925,'周宁县',3,350900,NULL,'0000-00-00 00:00:00','0000-00-00 00:00:00',NULL),
	(350926,'柘荣县',3,350900,NULL,'0000-00-00 00:00:00','0000-00-00 00:00:00',NULL),
	(350981,'福安市',3,350900,NULL,'0000-00-00 00:00:00','0000-00-00 00:00:00',NULL),
	(350982,'福鼎市',3,350900,NULL,'0000-00-00 00:00:00','0000-00-00 00:00:00',NULL),
	(360000,'江西省',1,0,NULL,'0000-00-00 00:00:00','0000-00-00 00:00:00',NULL),
	(360100,'南昌市',2,360000,NULL,'0000-00-00 00:00:00','0000-00-00 00:00:00',NULL),
	(360101,'市辖区',3,360100,NULL,'0000-00-00 00:00:00','0000-00-00 00:00:00',NULL),
	(360102,'东湖区',3,360100,NULL,'0000-00-00 00:00:00','0000-00-00 00:00:00',NULL),
	(360103,'西湖区',3,360100,NULL,'0000-00-00 00:00:00','0000-00-00 00:00:00',NULL),
	(360104,'青云谱区',3,360100,NULL,'0000-00-00 00:00:00','0000-00-00 00:00:00',NULL),
	(360105,'湾里区',3,360100,NULL,'0000-00-00 00:00:00','0000-00-00 00:00:00',NULL),
	(360111,'青山湖区',3,360100,NULL,'0000-00-00 00:00:00','0000-00-00 00:00:00',NULL),
	(360121,'南昌县',3,360100,NULL,'0000-00-00 00:00:00','0000-00-00 00:00:00',NULL),
	(360122,'新建县',3,360100,NULL,'0000-00-00 00:00:00','0000-00-00 00:00:00',NULL),
	(360123,'安义县',3,360100,NULL,'0000-00-00 00:00:00','0000-00-00 00:00:00',NULL),
	(360124,'进贤县',3,360100,NULL,'0000-00-00 00:00:00','0000-00-00 00:00:00',NULL),
	(360200,'景德镇市',2,360000,NULL,'0000-00-00 00:00:00','0000-00-00 00:00:00',NULL),
	(360201,'市辖区',3,360200,NULL,'0000-00-00 00:00:00','0000-00-00 00:00:00',NULL),
	(360202,'昌江区',3,360200,NULL,'0000-00-00 00:00:00','0000-00-00 00:00:00',NULL),
	(360203,'珠山区',3,360200,NULL,'0000-00-00 00:00:00','0000-00-00 00:00:00',NULL),
	(360222,'浮梁县',3,360200,NULL,'0000-00-00 00:00:00','0000-00-00 00:00:00',NULL),
	(360281,'乐平市',3,360200,NULL,'0000-00-00 00:00:00','0000-00-00 00:00:00',NULL),
	(360300,'萍乡市',2,360000,NULL,'0000-00-00 00:00:00','0000-00-00 00:00:00',NULL),
	(360301,'市辖区',3,360300,NULL,'0000-00-00 00:00:00','0000-00-00 00:00:00',NULL),
	(360302,'安源区',3,360300,NULL,'0000-00-00 00:00:00','0000-00-00 00:00:00',NULL),
	(360313,'湘东区',3,360300,NULL,'0000-00-00 00:00:00','0000-00-00 00:00:00',NULL),
	(360321,'莲花县',3,360300,NULL,'0000-00-00 00:00:00','0000-00-00 00:00:00',NULL),
	(360322,'上栗县',3,360300,NULL,'0000-00-00 00:00:00','0000-00-00 00:00:00',NULL),
	(360323,'芦溪县',3,360300,NULL,'0000-00-00 00:00:00','0000-00-00 00:00:00',NULL),
	(360400,'九江市',2,360000,NULL,'0000-00-00 00:00:00','0000-00-00 00:00:00',NULL),
	(360401,'市辖区',3,360400,NULL,'0000-00-00 00:00:00','0000-00-00 00:00:00',NULL),
	(360402,'庐山区',3,360400,NULL,'0000-00-00 00:00:00','0000-00-00 00:00:00',NULL),
	(360403,'浔阳区',3,360400,NULL,'0000-00-00 00:00:00','0000-00-00 00:00:00',NULL),
	(360421,'九江县',3,360400,NULL,'0000-00-00 00:00:00','0000-00-00 00:00:00',NULL),
	(360423,'武宁县',3,360400,NULL,'0000-00-00 00:00:00','0000-00-00 00:00:00',NULL),
	(360424,'修水县',3,360400,NULL,'0000-00-00 00:00:00','0000-00-00 00:00:00',NULL),
	(360425,'永修县',3,360400,NULL,'0000-00-00 00:00:00','0000-00-00 00:00:00',NULL),
	(360426,'德安县',3,360400,NULL,'0000-00-00 00:00:00','0000-00-00 00:00:00',NULL),
	(360427,'星子县',3,360400,NULL,'0000-00-00 00:00:00','0000-00-00 00:00:00',NULL),
	(360428,'都昌县',3,360400,NULL,'0000-00-00 00:00:00','0000-00-00 00:00:00',NULL),
	(360429,'湖口县',3,360400,NULL,'0000-00-00 00:00:00','0000-00-00 00:00:00',NULL),
	(360430,'彭泽县',3,360400,NULL,'0000-00-00 00:00:00','0000-00-00 00:00:00',NULL),
	(360481,'瑞昌市',3,360400,NULL,'0000-00-00 00:00:00','0000-00-00 00:00:00',NULL),
	(360482,'共青城市',3,360400,NULL,'0000-00-00 00:00:00','0000-00-00 00:00:00',NULL),
	(360500,'新余市',2,360000,NULL,'0000-00-00 00:00:00','0000-00-00 00:00:00',NULL),
	(360501,'市辖区',3,360500,NULL,'0000-00-00 00:00:00','0000-00-00 00:00:00',NULL),
	(360502,'渝水区',3,360500,NULL,'0000-00-00 00:00:00','0000-00-00 00:00:00',NULL),
	(360521,'分宜县',3,360500,NULL,'0000-00-00 00:00:00','0000-00-00 00:00:00',NULL),
	(360600,'鹰潭市',2,360000,NULL,'0000-00-00 00:00:00','0000-00-00 00:00:00',NULL),
	(360601,'市辖区',3,360600,NULL,'0000-00-00 00:00:00','0000-00-00 00:00:00',NULL),
	(360602,'月湖区',3,360600,NULL,'0000-00-00 00:00:00','0000-00-00 00:00:00',NULL),
	(360622,'余江县',3,360600,NULL,'0000-00-00 00:00:00','0000-00-00 00:00:00',NULL),
	(360681,'贵溪市',3,360600,NULL,'0000-00-00 00:00:00','0000-00-00 00:00:00',NULL),
	(360700,'赣州市',2,360000,NULL,'0000-00-00 00:00:00','0000-00-00 00:00:00',NULL),
	(360701,'市辖区',3,360700,NULL,'0000-00-00 00:00:00','0000-00-00 00:00:00',NULL),
	(360702,'章贡区',3,360700,NULL,'0000-00-00 00:00:00','0000-00-00 00:00:00',NULL),
	(360721,'赣县',3,360700,NULL,'0000-00-00 00:00:00','0000-00-00 00:00:00',NULL),
	(360722,'信丰县',3,360700,NULL,'0000-00-00 00:00:00','0000-00-00 00:00:00',NULL),
	(360723,'大余县',3,360700,NULL,'0000-00-00 00:00:00','0000-00-00 00:00:00',NULL),
	(360724,'上犹县',3,360700,NULL,'0000-00-00 00:00:00','0000-00-00 00:00:00',NULL),
	(360725,'崇义县',3,360700,NULL,'0000-00-00 00:00:00','0000-00-00 00:00:00',NULL),
	(360726,'安远县',3,360700,NULL,'0000-00-00 00:00:00','0000-00-00 00:00:00',NULL),
	(360727,'龙南县',3,360700,NULL,'0000-00-00 00:00:00','0000-00-00 00:00:00',NULL),
	(360728,'定南县',3,360700,NULL,'0000-00-00 00:00:00','0000-00-00 00:00:00',NULL),
	(360729,'全南县',3,360700,NULL,'0000-00-00 00:00:00','0000-00-00 00:00:00',NULL),
	(360730,'宁都县',3,360700,NULL,'0000-00-00 00:00:00','0000-00-00 00:00:00',NULL),
	(360731,'于都县',3,360700,NULL,'0000-00-00 00:00:00','0000-00-00 00:00:00',NULL),
	(360732,'兴国县',3,360700,NULL,'0000-00-00 00:00:00','0000-00-00 00:00:00',NULL),
	(360733,'会昌县',3,360700,NULL,'0000-00-00 00:00:00','0000-00-00 00:00:00',NULL),
	(360734,'寻乌县',3,360700,NULL,'0000-00-00 00:00:00','0000-00-00 00:00:00',NULL),
	(360735,'石城县',3,360700,NULL,'0000-00-00 00:00:00','0000-00-00 00:00:00',NULL),
	(360781,'瑞金市',3,360700,NULL,'0000-00-00 00:00:00','0000-00-00 00:00:00',NULL),
	(360782,'南康市',3,360700,NULL,'0000-00-00 00:00:00','0000-00-00 00:00:00',NULL),
	(360800,'吉安市',2,360000,NULL,'0000-00-00 00:00:00','0000-00-00 00:00:00',NULL),
	(360801,'市辖区',3,360800,NULL,'0000-00-00 00:00:00','0000-00-00 00:00:00',NULL),
	(360802,'吉州区',3,360800,NULL,'0000-00-00 00:00:00','0000-00-00 00:00:00',NULL),
	(360803,'青原区',3,360800,NULL,'0000-00-00 00:00:00','0000-00-00 00:00:00',NULL),
	(360821,'吉安县',3,360800,NULL,'0000-00-00 00:00:00','0000-00-00 00:00:00',NULL),
	(360822,'吉水县',3,360800,NULL,'0000-00-00 00:00:00','0000-00-00 00:00:00',NULL),
	(360823,'峡江县',3,360800,NULL,'0000-00-00 00:00:00','0000-00-00 00:00:00',NULL),
	(360824,'新干县',3,360800,NULL,'0000-00-00 00:00:00','0000-00-00 00:00:00',NULL),
	(360825,'永丰县',3,360800,NULL,'0000-00-00 00:00:00','0000-00-00 00:00:00',NULL),
	(360826,'泰和县',3,360800,NULL,'0000-00-00 00:00:00','0000-00-00 00:00:00',NULL),
	(360827,'遂川县',3,360800,NULL,'0000-00-00 00:00:00','0000-00-00 00:00:00',NULL),
	(360828,'万安县',3,360800,NULL,'0000-00-00 00:00:00','0000-00-00 00:00:00',NULL),
	(360829,'安福县',3,360800,NULL,'0000-00-00 00:00:00','0000-00-00 00:00:00',NULL),
	(360830,'永新县',3,360800,NULL,'0000-00-00 00:00:00','0000-00-00 00:00:00',NULL),
	(360881,'井冈山市',3,360800,NULL,'0000-00-00 00:00:00','0000-00-00 00:00:00',NULL),
	(360900,'宜春市',2,360000,NULL,'0000-00-00 00:00:00','0000-00-00 00:00:00',NULL),
	(360901,'市辖区',3,360900,NULL,'0000-00-00 00:00:00','0000-00-00 00:00:00',NULL),
	(360902,'袁州区',3,360900,NULL,'0000-00-00 00:00:00','0000-00-00 00:00:00',NULL),
	(360921,'奉新县',3,360900,NULL,'0000-00-00 00:00:00','0000-00-00 00:00:00',NULL),
	(360922,'万载县',3,360900,NULL,'0000-00-00 00:00:00','0000-00-00 00:00:00',NULL),
	(360923,'上高县',3,360900,NULL,'0000-00-00 00:00:00','0000-00-00 00:00:00',NULL),
	(360924,'宜丰县',3,360900,NULL,'0000-00-00 00:00:00','0000-00-00 00:00:00',NULL),
	(360925,'靖安县',3,360900,NULL,'0000-00-00 00:00:00','0000-00-00 00:00:00',NULL),
	(360926,'铜鼓县',3,360900,NULL,'0000-00-00 00:00:00','0000-00-00 00:00:00',NULL),
	(360981,'丰城市',3,360900,NULL,'0000-00-00 00:00:00','0000-00-00 00:00:00',NULL),
	(360982,'樟树市',3,360900,NULL,'0000-00-00 00:00:00','0000-00-00 00:00:00',NULL),
	(360983,'高安市',3,360900,NULL,'0000-00-00 00:00:00','0000-00-00 00:00:00',NULL),
	(361000,'抚州市',2,360000,NULL,'0000-00-00 00:00:00','0000-00-00 00:00:00',NULL),
	(361001,'市辖区',3,361000,NULL,'0000-00-00 00:00:00','0000-00-00 00:00:00',NULL),
	(361002,'临川区',3,361000,NULL,'0000-00-00 00:00:00','0000-00-00 00:00:00',NULL),
	(361021,'南城县',3,361000,NULL,'0000-00-00 00:00:00','0000-00-00 00:00:00',NULL),
	(361022,'黎川县',3,361000,NULL,'0000-00-00 00:00:00','0000-00-00 00:00:00',NULL),
	(361023,'南丰县',3,361000,NULL,'0000-00-00 00:00:00','0000-00-00 00:00:00',NULL),
	(361024,'崇仁县',3,361000,NULL,'0000-00-00 00:00:00','0000-00-00 00:00:00',NULL),
	(361025,'乐安县',3,361000,NULL,'0000-00-00 00:00:00','0000-00-00 00:00:00',NULL),
	(361026,'宜黄县',3,361000,NULL,'0000-00-00 00:00:00','0000-00-00 00:00:00',NULL),
	(361027,'金溪县',3,361000,NULL,'0000-00-00 00:00:00','0000-00-00 00:00:00',NULL),
	(361028,'资溪县',3,361000,NULL,'0000-00-00 00:00:00','0000-00-00 00:00:00',NULL),
	(361029,'东乡县',3,361000,NULL,'0000-00-00 00:00:00','0000-00-00 00:00:00',NULL),
	(361030,'广昌县',3,361000,NULL,'0000-00-00 00:00:00','0000-00-00 00:00:00',NULL),
	(361100,'上饶市',2,360000,NULL,'0000-00-00 00:00:00','0000-00-00 00:00:00',NULL),
	(361101,'市辖区',3,361100,NULL,'0000-00-00 00:00:00','0000-00-00 00:00:00',NULL),
	(361102,'信州区',3,361100,NULL,'0000-00-00 00:00:00','0000-00-00 00:00:00',NULL),
	(361121,'上饶县',3,361100,NULL,'0000-00-00 00:00:00','0000-00-00 00:00:00',NULL),
	(361122,'广丰县',3,361100,NULL,'0000-00-00 00:00:00','0000-00-00 00:00:00',NULL),
	(361123,'玉山县',3,361100,NULL,'0000-00-00 00:00:00','0000-00-00 00:00:00',NULL),
	(361124,'铅山县',3,361100,NULL,'0000-00-00 00:00:00','0000-00-00 00:00:00',NULL),
	(361125,'横峰县',3,361100,NULL,'0000-00-00 00:00:00','0000-00-00 00:00:00',NULL),
	(361126,'弋阳县',3,361100,NULL,'0000-00-00 00:00:00','0000-00-00 00:00:00',NULL),
	(361127,'余干县',3,361100,NULL,'0000-00-00 00:00:00','0000-00-00 00:00:00',NULL),
	(361128,'鄱阳县',3,361100,NULL,'0000-00-00 00:00:00','0000-00-00 00:00:00',NULL),
	(361129,'万年县',3,361100,NULL,'0000-00-00 00:00:00','0000-00-00 00:00:00',NULL),
	(361130,'婺源县',3,361100,NULL,'0000-00-00 00:00:00','0000-00-00 00:00:00',NULL),
	(361181,'德兴市',3,361100,NULL,'0000-00-00 00:00:00','0000-00-00 00:00:00',NULL),
	(370000,'山东省',1,0,NULL,'0000-00-00 00:00:00','0000-00-00 00:00:00',NULL),
	(370100,'济南市',2,370000,NULL,'0000-00-00 00:00:00','0000-00-00 00:00:00',NULL),
	(370101,'市辖区',3,370100,NULL,'0000-00-00 00:00:00','0000-00-00 00:00:00',NULL),
	(370102,'历下区',3,370100,NULL,'0000-00-00 00:00:00','0000-00-00 00:00:00',NULL),
	(370103,'市中区',3,370100,NULL,'0000-00-00 00:00:00','0000-00-00 00:00:00',NULL),
	(370104,'槐荫区',3,370100,NULL,'0000-00-00 00:00:00','0000-00-00 00:00:00',NULL),
	(370105,'天桥区',3,370100,NULL,'0000-00-00 00:00:00','0000-00-00 00:00:00',NULL),
	(370112,'历城区',3,370100,NULL,'0000-00-00 00:00:00','0000-00-00 00:00:00',NULL),
	(370113,'长清区',3,370100,NULL,'0000-00-00 00:00:00','0000-00-00 00:00:00',NULL),
	(370124,'平阴县',3,370100,NULL,'0000-00-00 00:00:00','0000-00-00 00:00:00',NULL),
	(370125,'济阳县',3,370100,NULL,'0000-00-00 00:00:00','0000-00-00 00:00:00',NULL),
	(370126,'商河县',3,370100,NULL,'0000-00-00 00:00:00','0000-00-00 00:00:00',NULL),
	(370181,'章丘市',3,370100,NULL,'0000-00-00 00:00:00','0000-00-00 00:00:00',NULL),
	(370200,'青岛市',2,370000,NULL,'0000-00-00 00:00:00','0000-00-00 00:00:00',NULL),
	(370201,'市辖区',3,370200,NULL,'0000-00-00 00:00:00','0000-00-00 00:00:00',NULL),
	(370202,'市南区',3,370200,NULL,'0000-00-00 00:00:00','0000-00-00 00:00:00',NULL),
	(370203,'市北区',3,370200,NULL,'0000-00-00 00:00:00','0000-00-00 00:00:00',NULL),
	(370205,'四方区',3,370200,NULL,'0000-00-00 00:00:00','0000-00-00 00:00:00',NULL),
	(370211,'黄岛区',3,370200,NULL,'0000-00-00 00:00:00','0000-00-00 00:00:00',NULL),
	(370212,'崂山区',3,370200,NULL,'0000-00-00 00:00:00','0000-00-00 00:00:00',NULL),
	(370213,'李沧区',3,370200,NULL,'0000-00-00 00:00:00','0000-00-00 00:00:00',NULL),
	(370214,'城阳区',3,370200,NULL,'0000-00-00 00:00:00','0000-00-00 00:00:00',NULL),
	(370281,'胶州市',3,370200,NULL,'0000-00-00 00:00:00','0000-00-00 00:00:00',NULL),
	(370282,'即墨市',3,370200,NULL,'0000-00-00 00:00:00','0000-00-00 00:00:00',NULL),
	(370283,'平度市',3,370200,NULL,'0000-00-00 00:00:00','0000-00-00 00:00:00',NULL),
	(370284,'胶南市',3,370200,NULL,'0000-00-00 00:00:00','0000-00-00 00:00:00',NULL),
	(370285,'莱西市',3,370200,NULL,'0000-00-00 00:00:00','0000-00-00 00:00:00',NULL),
	(370300,'淄博市',2,370000,NULL,'0000-00-00 00:00:00','0000-00-00 00:00:00',NULL),
	(370301,'市辖区',3,370300,NULL,'0000-00-00 00:00:00','0000-00-00 00:00:00',NULL),
	(370302,'淄川区',3,370300,NULL,'0000-00-00 00:00:00','0000-00-00 00:00:00',NULL),
	(370303,'张店区',3,370300,NULL,'0000-00-00 00:00:00','0000-00-00 00:00:00',NULL),
	(370304,'博山区',3,370300,NULL,'0000-00-00 00:00:00','0000-00-00 00:00:00',NULL),
	(370305,'临淄区',3,370300,NULL,'0000-00-00 00:00:00','0000-00-00 00:00:00',NULL),
	(370306,'周村区',3,370300,NULL,'0000-00-00 00:00:00','0000-00-00 00:00:00',NULL),
	(370321,'桓台县',3,370300,NULL,'0000-00-00 00:00:00','0000-00-00 00:00:00',NULL),
	(370322,'高青县',3,370300,NULL,'0000-00-00 00:00:00','0000-00-00 00:00:00',NULL),
	(370323,'沂源县',3,370300,NULL,'0000-00-00 00:00:00','0000-00-00 00:00:00',NULL),
	(370400,'枣庄市',2,370000,NULL,'0000-00-00 00:00:00','0000-00-00 00:00:00',NULL),
	(370401,'市辖区',3,370400,NULL,'0000-00-00 00:00:00','0000-00-00 00:00:00',NULL),
	(370402,'市中区',3,370400,NULL,'0000-00-00 00:00:00','0000-00-00 00:00:00',NULL),
	(370403,'薛城区',3,370400,NULL,'0000-00-00 00:00:00','0000-00-00 00:00:00',NULL),
	(370404,'峄城区',3,370400,NULL,'0000-00-00 00:00:00','0000-00-00 00:00:00',NULL),
	(370405,'台儿庄区',3,370400,NULL,'0000-00-00 00:00:00','0000-00-00 00:00:00',NULL),
	(370406,'山亭区',3,370400,NULL,'0000-00-00 00:00:00','0000-00-00 00:00:00',NULL),
	(370481,'滕州市',3,370400,NULL,'0000-00-00 00:00:00','0000-00-00 00:00:00',NULL),
	(370500,'东营市',2,370000,NULL,'0000-00-00 00:00:00','0000-00-00 00:00:00',NULL),
	(370501,'市辖区',3,370500,NULL,'0000-00-00 00:00:00','0000-00-00 00:00:00',NULL),
	(370502,'东营区',3,370500,NULL,'0000-00-00 00:00:00','0000-00-00 00:00:00',NULL),
	(370503,'河口区',3,370500,NULL,'0000-00-00 00:00:00','0000-00-00 00:00:00',NULL),
	(370521,'垦利县',3,370500,NULL,'0000-00-00 00:00:00','0000-00-00 00:00:00',NULL),
	(370522,'利津县',3,370500,NULL,'0000-00-00 00:00:00','0000-00-00 00:00:00',NULL),
	(370523,'广饶县',3,370500,NULL,'0000-00-00 00:00:00','0000-00-00 00:00:00',NULL),
	(370600,'烟台市',2,370000,NULL,'0000-00-00 00:00:00','0000-00-00 00:00:00',NULL),
	(370601,'市辖区',3,370600,NULL,'0000-00-00 00:00:00','0000-00-00 00:00:00',NULL),
	(370602,'芝罘区',3,370600,NULL,'0000-00-00 00:00:00','0000-00-00 00:00:00',NULL),
	(370611,'福山区',3,370600,NULL,'0000-00-00 00:00:00','0000-00-00 00:00:00',NULL),
	(370612,'牟平区',3,370600,NULL,'0000-00-00 00:00:00','0000-00-00 00:00:00',NULL),
	(370613,'莱山区',3,370600,NULL,'0000-00-00 00:00:00','0000-00-00 00:00:00',NULL),
	(370634,'长岛县',3,370600,NULL,'0000-00-00 00:00:00','0000-00-00 00:00:00',NULL),
	(370681,'龙口市',3,370600,NULL,'0000-00-00 00:00:00','0000-00-00 00:00:00',NULL),
	(370682,'莱阳市',3,370600,NULL,'0000-00-00 00:00:00','0000-00-00 00:00:00',NULL),
	(370683,'莱州市',3,370600,NULL,'0000-00-00 00:00:00','0000-00-00 00:00:00',NULL),
	(370684,'蓬莱市',3,370600,NULL,'0000-00-00 00:00:00','0000-00-00 00:00:00',NULL),
	(370685,'招远市',3,370600,NULL,'0000-00-00 00:00:00','0000-00-00 00:00:00',NULL),
	(370686,'栖霞市',3,370600,NULL,'0000-00-00 00:00:00','0000-00-00 00:00:00',NULL),
	(370687,'海阳市',3,370600,NULL,'0000-00-00 00:00:00','0000-00-00 00:00:00',NULL),
	(370700,'潍坊市',2,370000,NULL,'0000-00-00 00:00:00','0000-00-00 00:00:00',NULL),
	(370701,'市辖区',3,370700,NULL,'0000-00-00 00:00:00','0000-00-00 00:00:00',NULL),
	(370702,'潍城区',3,370700,NULL,'0000-00-00 00:00:00','0000-00-00 00:00:00',NULL),
	(370703,'寒亭区',3,370700,NULL,'0000-00-00 00:00:00','0000-00-00 00:00:00',NULL),
	(370704,'坊子区',3,370700,NULL,'0000-00-00 00:00:00','0000-00-00 00:00:00',NULL),
	(370705,'奎文区',3,370700,NULL,'0000-00-00 00:00:00','0000-00-00 00:00:00',NULL),
	(370724,'临朐县',3,370700,NULL,'0000-00-00 00:00:00','0000-00-00 00:00:00',NULL),
	(370725,'昌乐县',3,370700,NULL,'0000-00-00 00:00:00','0000-00-00 00:00:00',NULL),
	(370781,'青州市',3,370700,NULL,'0000-00-00 00:00:00','0000-00-00 00:00:00',NULL),
	(370782,'诸城市',3,370700,NULL,'0000-00-00 00:00:00','0000-00-00 00:00:00',NULL),
	(370783,'寿光市',3,370700,NULL,'0000-00-00 00:00:00','0000-00-00 00:00:00',NULL),
	(370784,'安丘市',3,370700,NULL,'0000-00-00 00:00:00','0000-00-00 00:00:00',NULL),
	(370785,'高密市',3,370700,NULL,'0000-00-00 00:00:00','0000-00-00 00:00:00',NULL),
	(370786,'昌邑市',3,370700,NULL,'0000-00-00 00:00:00','0000-00-00 00:00:00',NULL),
	(370800,'济宁市',2,370000,NULL,'0000-00-00 00:00:00','0000-00-00 00:00:00',NULL),
	(370801,'市辖区',3,370800,NULL,'0000-00-00 00:00:00','0000-00-00 00:00:00',NULL),
	(370802,'市中区',3,370800,NULL,'0000-00-00 00:00:00','0000-00-00 00:00:00',NULL),
	(370811,'任城区',3,370800,NULL,'0000-00-00 00:00:00','0000-00-00 00:00:00',NULL),
	(370826,'微山县',3,370800,NULL,'0000-00-00 00:00:00','0000-00-00 00:00:00',NULL),
	(370827,'鱼台县',3,370800,NULL,'0000-00-00 00:00:00','0000-00-00 00:00:00',NULL),
	(370828,'金乡县',3,370800,NULL,'0000-00-00 00:00:00','0000-00-00 00:00:00',NULL),
	(370829,'嘉祥县',3,370800,NULL,'0000-00-00 00:00:00','0000-00-00 00:00:00',NULL),
	(370830,'汶上县',3,370800,NULL,'0000-00-00 00:00:00','0000-00-00 00:00:00',NULL),
	(370831,'泗水县',3,370800,NULL,'0000-00-00 00:00:00','0000-00-00 00:00:00',NULL),
	(370832,'梁山县',3,370800,NULL,'0000-00-00 00:00:00','0000-00-00 00:00:00',NULL),
	(370881,'曲阜市',3,370800,NULL,'0000-00-00 00:00:00','0000-00-00 00:00:00',NULL),
	(370882,'兖州市',3,370800,NULL,'0000-00-00 00:00:00','0000-00-00 00:00:00',NULL),
	(370883,'邹城市',3,370800,NULL,'0000-00-00 00:00:00','0000-00-00 00:00:00',NULL),
	(370900,'泰安市',2,370000,NULL,'0000-00-00 00:00:00','0000-00-00 00:00:00',NULL),
	(370901,'市辖区',3,370900,NULL,'0000-00-00 00:00:00','0000-00-00 00:00:00',NULL),
	(370902,'泰山区',3,370900,NULL,'0000-00-00 00:00:00','0000-00-00 00:00:00',NULL),
	(370911,'岱岳区',3,370900,NULL,'0000-00-00 00:00:00','0000-00-00 00:00:00',NULL),
	(370921,'宁阳县',3,370900,NULL,'0000-00-00 00:00:00','0000-00-00 00:00:00',NULL),
	(370923,'东平县',3,370900,NULL,'0000-00-00 00:00:00','0000-00-00 00:00:00',NULL),
	(370982,'新泰市',3,370900,NULL,'0000-00-00 00:00:00','0000-00-00 00:00:00',NULL),
	(370983,'肥城市',3,370900,NULL,'0000-00-00 00:00:00','0000-00-00 00:00:00',NULL),
	(371000,'威海市',2,370000,NULL,'0000-00-00 00:00:00','0000-00-00 00:00:00',NULL),
	(371001,'市辖区',3,371000,NULL,'0000-00-00 00:00:00','0000-00-00 00:00:00',NULL),
	(371002,'环翠区',3,371000,NULL,'0000-00-00 00:00:00','0000-00-00 00:00:00',NULL),
	(371081,'文登市',3,371000,NULL,'0000-00-00 00:00:00','0000-00-00 00:00:00',NULL),
	(371082,'荣成市',3,371000,NULL,'0000-00-00 00:00:00','0000-00-00 00:00:00',NULL),
	(371083,'乳山市',3,371000,NULL,'0000-00-00 00:00:00','0000-00-00 00:00:00',NULL),
	(371100,'日照市',2,370000,NULL,'0000-00-00 00:00:00','0000-00-00 00:00:00',NULL),
	(371101,'市辖区',3,371100,NULL,'0000-00-00 00:00:00','0000-00-00 00:00:00',NULL),
	(371102,'东港区',3,371100,NULL,'0000-00-00 00:00:00','0000-00-00 00:00:00',NULL),
	(371103,'岚山区',3,371100,NULL,'0000-00-00 00:00:00','0000-00-00 00:00:00',NULL),
	(371121,'五莲县',3,371100,NULL,'0000-00-00 00:00:00','0000-00-00 00:00:00',NULL),
	(371122,'莒县',3,371100,NULL,'0000-00-00 00:00:00','0000-00-00 00:00:00',NULL),
	(371200,'莱芜市',2,370000,NULL,'0000-00-00 00:00:00','0000-00-00 00:00:00',NULL),
	(371201,'市辖区',3,371200,NULL,'0000-00-00 00:00:00','0000-00-00 00:00:00',NULL),
	(371202,'莱城区',3,371200,NULL,'0000-00-00 00:00:00','0000-00-00 00:00:00',NULL),
	(371203,'钢城区',3,371200,NULL,'0000-00-00 00:00:00','0000-00-00 00:00:00',NULL),
	(371300,'临沂市',2,370000,NULL,'0000-00-00 00:00:00','0000-00-00 00:00:00',NULL),
	(371301,'市辖区',3,371300,NULL,'0000-00-00 00:00:00','0000-00-00 00:00:00',NULL),
	(371302,'兰山区',3,371300,NULL,'0000-00-00 00:00:00','0000-00-00 00:00:00',NULL),
	(371311,'罗庄区',3,371300,NULL,'0000-00-00 00:00:00','0000-00-00 00:00:00',NULL),
	(371312,'河东区',3,371300,NULL,'0000-00-00 00:00:00','0000-00-00 00:00:00',NULL),
	(371321,'沂南县',3,371300,NULL,'0000-00-00 00:00:00','0000-00-00 00:00:00',NULL),
	(371322,'郯城县',3,371300,NULL,'0000-00-00 00:00:00','0000-00-00 00:00:00',NULL),
	(371323,'沂水县',3,371300,NULL,'0000-00-00 00:00:00','0000-00-00 00:00:00',NULL),
	(371324,'苍山县',3,371300,NULL,'0000-00-00 00:00:00','0000-00-00 00:00:00',NULL),
	(371325,'费县',3,371300,NULL,'0000-00-00 00:00:00','0000-00-00 00:00:00',NULL),
	(371326,'平邑县',3,371300,NULL,'0000-00-00 00:00:00','0000-00-00 00:00:00',NULL),
	(371327,'莒南县',3,371300,NULL,'0000-00-00 00:00:00','0000-00-00 00:00:00',NULL),
	(371328,'蒙阴县',3,371300,NULL,'0000-00-00 00:00:00','0000-00-00 00:00:00',NULL),
	(371329,'临沭县',3,371300,NULL,'0000-00-00 00:00:00','0000-00-00 00:00:00',NULL),
	(371400,'德州市',2,370000,NULL,'0000-00-00 00:00:00','0000-00-00 00:00:00',NULL),
	(371401,'市辖区',3,371400,NULL,'0000-00-00 00:00:00','0000-00-00 00:00:00',NULL),
	(371402,'德城区',3,371400,NULL,'0000-00-00 00:00:00','0000-00-00 00:00:00',NULL),
	(371421,'陵县',3,371400,NULL,'0000-00-00 00:00:00','0000-00-00 00:00:00',NULL),
	(371422,'宁津县',3,371400,NULL,'0000-00-00 00:00:00','0000-00-00 00:00:00',NULL),
	(371423,'庆云县',3,371400,NULL,'0000-00-00 00:00:00','0000-00-00 00:00:00',NULL),
	(371424,'临邑县',3,371400,NULL,'0000-00-00 00:00:00','0000-00-00 00:00:00',NULL),
	(371425,'齐河县',3,371400,NULL,'0000-00-00 00:00:00','0000-00-00 00:00:00',NULL),
	(371426,'平原县',3,371400,NULL,'0000-00-00 00:00:00','0000-00-00 00:00:00',NULL),
	(371427,'夏津县',3,371400,NULL,'0000-00-00 00:00:00','0000-00-00 00:00:00',NULL),
	(371428,'武城县',3,371400,NULL,'0000-00-00 00:00:00','0000-00-00 00:00:00',NULL),
	(371481,'乐陵市',3,371400,NULL,'0000-00-00 00:00:00','0000-00-00 00:00:00',NULL),
	(371482,'禹城市',3,371400,NULL,'0000-00-00 00:00:00','0000-00-00 00:00:00',NULL),
	(371500,'聊城市',2,370000,NULL,'0000-00-00 00:00:00','0000-00-00 00:00:00',NULL),
	(371501,'市辖区',3,371500,NULL,'0000-00-00 00:00:00','0000-00-00 00:00:00',NULL),
	(371502,'东昌府区',3,371500,NULL,'0000-00-00 00:00:00','0000-00-00 00:00:00',NULL),
	(371521,'阳谷县',3,371500,NULL,'0000-00-00 00:00:00','0000-00-00 00:00:00',NULL),
	(371522,'莘县',3,371500,NULL,'0000-00-00 00:00:00','0000-00-00 00:00:00',NULL),
	(371523,'茌平县',3,371500,NULL,'0000-00-00 00:00:00','0000-00-00 00:00:00',NULL),
	(371524,'东阿县',3,371500,NULL,'0000-00-00 00:00:00','0000-00-00 00:00:00',NULL),
	(371525,'冠县',3,371500,NULL,'0000-00-00 00:00:00','0000-00-00 00:00:00',NULL),
	(371526,'高唐县',3,371500,NULL,'0000-00-00 00:00:00','0000-00-00 00:00:00',NULL),
	(371581,'临清市',3,371500,NULL,'0000-00-00 00:00:00','0000-00-00 00:00:00',NULL),
	(371600,'滨州市',2,370000,NULL,'0000-00-00 00:00:00','0000-00-00 00:00:00',NULL),
	(371601,'市辖区',3,371600,NULL,'0000-00-00 00:00:00','0000-00-00 00:00:00',NULL),
	(371602,'滨城区',3,371600,NULL,'0000-00-00 00:00:00','0000-00-00 00:00:00',NULL),
	(371621,'惠民县',3,371600,NULL,'0000-00-00 00:00:00','0000-00-00 00:00:00',NULL),
	(371622,'阳信县',3,371600,NULL,'0000-00-00 00:00:00','0000-00-00 00:00:00',NULL),
	(371623,'无棣县',3,371600,NULL,'0000-00-00 00:00:00','0000-00-00 00:00:00',NULL),
	(371624,'沾化县',3,371600,NULL,'0000-00-00 00:00:00','0000-00-00 00:00:00',NULL),
	(371625,'博兴县',3,371600,NULL,'0000-00-00 00:00:00','0000-00-00 00:00:00',NULL),
	(371626,'邹平县',3,371600,NULL,'0000-00-00 00:00:00','0000-00-00 00:00:00',NULL),
	(371700,'菏泽市',2,370000,NULL,'0000-00-00 00:00:00','0000-00-00 00:00:00',NULL),
	(371701,'市辖区',3,371700,NULL,'0000-00-00 00:00:00','0000-00-00 00:00:00',NULL),
	(371702,'牡丹区',3,371700,NULL,'0000-00-00 00:00:00','0000-00-00 00:00:00',NULL),
	(371721,'曹县',3,371700,NULL,'0000-00-00 00:00:00','0000-00-00 00:00:00',NULL),
	(371722,'单县',3,371700,NULL,'0000-00-00 00:00:00','0000-00-00 00:00:00',NULL),
	(371723,'成武县',3,371700,NULL,'0000-00-00 00:00:00','0000-00-00 00:00:00',NULL),
	(371724,'巨野县',3,371700,NULL,'0000-00-00 00:00:00','0000-00-00 00:00:00',NULL),
	(371725,'郓城县',3,371700,NULL,'0000-00-00 00:00:00','0000-00-00 00:00:00',NULL),
	(371726,'鄄城县',3,371700,NULL,'0000-00-00 00:00:00','0000-00-00 00:00:00',NULL),
	(371727,'定陶县',3,371700,NULL,'0000-00-00 00:00:00','0000-00-00 00:00:00',NULL),
	(371728,'东明县',3,371700,NULL,'0000-00-00 00:00:00','0000-00-00 00:00:00',NULL),
	(410000,'河南省',1,0,NULL,'0000-00-00 00:00:00','0000-00-00 00:00:00',NULL),
	(410100,'郑州市',2,410000,NULL,'0000-00-00 00:00:00','0000-00-00 00:00:00',NULL),
	(410101,'市辖区',3,410100,NULL,'0000-00-00 00:00:00','0000-00-00 00:00:00',NULL),
	(410102,'中原区',3,410100,NULL,'0000-00-00 00:00:00','0000-00-00 00:00:00',NULL),
	(410103,'二七区',3,410100,NULL,'0000-00-00 00:00:00','0000-00-00 00:00:00',NULL),
	(410104,'管城回族区',3,410100,NULL,'0000-00-00 00:00:00','0000-00-00 00:00:00',NULL),
	(410105,'金水区',3,410100,NULL,'0000-00-00 00:00:00','0000-00-00 00:00:00',NULL),
	(410106,'上街区',3,410100,NULL,'0000-00-00 00:00:00','0000-00-00 00:00:00',NULL),
	(410108,'惠济区',3,410100,NULL,'0000-00-00 00:00:00','0000-00-00 00:00:00',NULL),
	(410122,'中牟县',3,410100,NULL,'0000-00-00 00:00:00','0000-00-00 00:00:00',NULL),
	(410181,'巩义市',3,410100,NULL,'0000-00-00 00:00:00','0000-00-00 00:00:00',NULL),
	(410182,'荥阳市',3,410100,NULL,'0000-00-00 00:00:00','0000-00-00 00:00:00',NULL),
	(410183,'新密市',3,410100,NULL,'0000-00-00 00:00:00','0000-00-00 00:00:00',NULL),
	(410184,'新郑市',3,410100,NULL,'0000-00-00 00:00:00','0000-00-00 00:00:00',NULL),
	(410185,'登封市',3,410100,NULL,'0000-00-00 00:00:00','0000-00-00 00:00:00',NULL),
	(410200,'开封市',2,410000,NULL,'0000-00-00 00:00:00','0000-00-00 00:00:00',NULL),
	(410201,'市辖区',3,410200,NULL,'0000-00-00 00:00:00','0000-00-00 00:00:00',NULL),
	(410202,'龙亭区',3,410200,NULL,'0000-00-00 00:00:00','0000-00-00 00:00:00',NULL),
	(410203,'顺河回族区',3,410200,NULL,'0000-00-00 00:00:00','0000-00-00 00:00:00',NULL),
	(410204,'鼓楼区',3,410200,NULL,'0000-00-00 00:00:00','0000-00-00 00:00:00',NULL),
	(410205,'禹王台区',3,410200,NULL,'0000-00-00 00:00:00','0000-00-00 00:00:00',NULL),
	(410211,'金明区',3,410200,NULL,'0000-00-00 00:00:00','0000-00-00 00:00:00',NULL),
	(410221,'杞县',3,410200,NULL,'0000-00-00 00:00:00','0000-00-00 00:00:00',NULL),
	(410222,'通许县',3,410200,NULL,'0000-00-00 00:00:00','0000-00-00 00:00:00',NULL),
	(410223,'尉氏县',3,410200,NULL,'0000-00-00 00:00:00','0000-00-00 00:00:00',NULL),
	(410224,'开封县',3,410200,NULL,'0000-00-00 00:00:00','0000-00-00 00:00:00',NULL),
	(410225,'兰考县',3,410200,NULL,'0000-00-00 00:00:00','0000-00-00 00:00:00',NULL),
	(410300,'洛阳市',2,410000,NULL,'0000-00-00 00:00:00','0000-00-00 00:00:00',NULL),
	(410301,'市辖区',3,410300,NULL,'0000-00-00 00:00:00','0000-00-00 00:00:00',NULL),
	(410302,'老城区',3,410300,NULL,'0000-00-00 00:00:00','0000-00-00 00:00:00',NULL),
	(410303,'西工区',3,410300,NULL,'0000-00-00 00:00:00','0000-00-00 00:00:00',NULL),
	(410304,'瀍河回族区',3,410300,NULL,'0000-00-00 00:00:00','0000-00-00 00:00:00',NULL),
	(410305,'涧西区',3,410300,NULL,'0000-00-00 00:00:00','0000-00-00 00:00:00',NULL),
	(410306,'吉利区',3,410300,NULL,'0000-00-00 00:00:00','0000-00-00 00:00:00',NULL),
	(410311,'洛龙区',3,410300,NULL,'0000-00-00 00:00:00','0000-00-00 00:00:00',NULL),
	(410322,'孟津县',3,410300,NULL,'0000-00-00 00:00:00','0000-00-00 00:00:00',NULL),
	(410323,'新安县',3,410300,NULL,'0000-00-00 00:00:00','0000-00-00 00:00:00',NULL),
	(410324,'栾川县',3,410300,NULL,'0000-00-00 00:00:00','0000-00-00 00:00:00',NULL),
	(410325,'嵩县',3,410300,NULL,'0000-00-00 00:00:00','0000-00-00 00:00:00',NULL),
	(410326,'汝阳县',3,410300,NULL,'0000-00-00 00:00:00','0000-00-00 00:00:00',NULL),
	(410327,'宜阳县',3,410300,NULL,'0000-00-00 00:00:00','0000-00-00 00:00:00',NULL),
	(410328,'洛宁县',3,410300,NULL,'0000-00-00 00:00:00','0000-00-00 00:00:00',NULL),
	(410329,'伊川县',3,410300,NULL,'0000-00-00 00:00:00','0000-00-00 00:00:00',NULL),
	(410381,'偃师市',3,410300,NULL,'0000-00-00 00:00:00','0000-00-00 00:00:00',NULL),
	(410400,'平顶山市',2,410000,NULL,'0000-00-00 00:00:00','0000-00-00 00:00:00',NULL),
	(410401,'市辖区',3,410400,NULL,'0000-00-00 00:00:00','0000-00-00 00:00:00',NULL),
	(410402,'新华区',3,410400,NULL,'0000-00-00 00:00:00','0000-00-00 00:00:00',NULL),
	(410403,'卫东区',3,410400,NULL,'0000-00-00 00:00:00','0000-00-00 00:00:00',NULL),
	(410404,'石龙区',3,410400,NULL,'0000-00-00 00:00:00','0000-00-00 00:00:00',NULL),
	(410411,'湛河区',3,410400,NULL,'0000-00-00 00:00:00','0000-00-00 00:00:00',NULL),
	(410421,'宝丰县',3,410400,NULL,'0000-00-00 00:00:00','0000-00-00 00:00:00',NULL),
	(410422,'叶县',3,410400,NULL,'0000-00-00 00:00:00','0000-00-00 00:00:00',NULL),
	(410423,'鲁山县',3,410400,NULL,'0000-00-00 00:00:00','0000-00-00 00:00:00',NULL),
	(410425,'郏县',3,410400,NULL,'0000-00-00 00:00:00','0000-00-00 00:00:00',NULL),
	(410481,'舞钢市',3,410400,NULL,'0000-00-00 00:00:00','0000-00-00 00:00:00',NULL),
	(410482,'汝州市',3,410400,NULL,'0000-00-00 00:00:00','0000-00-00 00:00:00',NULL),
	(410500,'安阳市',2,410000,NULL,'0000-00-00 00:00:00','0000-00-00 00:00:00',NULL),
	(410501,'市辖区',3,410500,NULL,'0000-00-00 00:00:00','0000-00-00 00:00:00',NULL),
	(410502,'文峰区',3,410500,NULL,'0000-00-00 00:00:00','0000-00-00 00:00:00',NULL),
	(410503,'北关区',3,410500,NULL,'0000-00-00 00:00:00','0000-00-00 00:00:00',NULL),
	(410505,'殷都区',3,410500,NULL,'0000-00-00 00:00:00','0000-00-00 00:00:00',NULL),
	(410506,'龙安区',3,410500,NULL,'0000-00-00 00:00:00','0000-00-00 00:00:00',NULL),
	(410522,'安阳县',3,410500,NULL,'0000-00-00 00:00:00','0000-00-00 00:00:00',NULL),
	(410523,'汤阴县',3,410500,NULL,'0000-00-00 00:00:00','0000-00-00 00:00:00',NULL),
	(410526,'滑县',3,410500,NULL,'0000-00-00 00:00:00','0000-00-00 00:00:00',NULL),
	(410527,'内黄县',3,410500,NULL,'0000-00-00 00:00:00','0000-00-00 00:00:00',NULL),
	(410581,'林州市',3,410500,NULL,'0000-00-00 00:00:00','0000-00-00 00:00:00',NULL),
	(410600,'鹤壁市',2,410000,NULL,'0000-00-00 00:00:00','0000-00-00 00:00:00',NULL),
	(410601,'市辖区',3,410600,NULL,'0000-00-00 00:00:00','0000-00-00 00:00:00',NULL),
	(410602,'鹤山区',3,410600,NULL,'0000-00-00 00:00:00','0000-00-00 00:00:00',NULL),
	(410603,'山城区',3,410600,NULL,'0000-00-00 00:00:00','0000-00-00 00:00:00',NULL),
	(410611,'淇滨区',3,410600,NULL,'0000-00-00 00:00:00','0000-00-00 00:00:00',NULL),
	(410621,'浚县',3,410600,NULL,'0000-00-00 00:00:00','0000-00-00 00:00:00',NULL),
	(410622,'淇县',3,410600,NULL,'0000-00-00 00:00:00','0000-00-00 00:00:00',NULL),
	(410700,'新乡市',2,410000,NULL,'0000-00-00 00:00:00','0000-00-00 00:00:00',NULL),
	(410701,'市辖区',3,410700,NULL,'0000-00-00 00:00:00','0000-00-00 00:00:00',NULL),
	(410702,'红旗区',3,410700,NULL,'0000-00-00 00:00:00','0000-00-00 00:00:00',NULL),
	(410703,'卫滨区',3,410700,NULL,'0000-00-00 00:00:00','0000-00-00 00:00:00',NULL),
	(410704,'凤泉区',3,410700,NULL,'0000-00-00 00:00:00','0000-00-00 00:00:00',NULL),
	(410711,'牧野区',3,410700,NULL,'0000-00-00 00:00:00','0000-00-00 00:00:00',NULL),
	(410721,'新乡县',3,410700,NULL,'0000-00-00 00:00:00','0000-00-00 00:00:00',NULL),
	(410724,'获嘉县',3,410700,NULL,'0000-00-00 00:00:00','0000-00-00 00:00:00',NULL),
	(410725,'原阳县',3,410700,NULL,'0000-00-00 00:00:00','0000-00-00 00:00:00',NULL),
	(410726,'延津县',3,410700,NULL,'0000-00-00 00:00:00','0000-00-00 00:00:00',NULL),
	(410727,'封丘县',3,410700,NULL,'0000-00-00 00:00:00','0000-00-00 00:00:00',NULL),
	(410728,'长垣县',3,410700,NULL,'0000-00-00 00:00:00','0000-00-00 00:00:00',NULL),
	(410781,'卫辉市',3,410700,NULL,'0000-00-00 00:00:00','0000-00-00 00:00:00',NULL),
	(410782,'辉县市',3,410700,NULL,'0000-00-00 00:00:00','0000-00-00 00:00:00',NULL),
	(410800,'焦作市',2,410000,NULL,'0000-00-00 00:00:00','0000-00-00 00:00:00',NULL),
	(410801,'市辖区',3,410800,NULL,'0000-00-00 00:00:00','0000-00-00 00:00:00',NULL),
	(410802,'解放区',3,410800,NULL,'0000-00-00 00:00:00','0000-00-00 00:00:00',NULL),
	(410803,'中站区',3,410800,NULL,'0000-00-00 00:00:00','0000-00-00 00:00:00',NULL),
	(410804,'马村区',3,410800,NULL,'0000-00-00 00:00:00','0000-00-00 00:00:00',NULL),
	(410811,'山阳区',3,410800,NULL,'0000-00-00 00:00:00','0000-00-00 00:00:00',NULL),
	(410821,'修武县',3,410800,NULL,'0000-00-00 00:00:00','0000-00-00 00:00:00',NULL),
	(410822,'博爱县',3,410800,NULL,'0000-00-00 00:00:00','0000-00-00 00:00:00',NULL),
	(410823,'武陟县',3,410800,NULL,'0000-00-00 00:00:00','0000-00-00 00:00:00',NULL),
	(410825,'温县',3,410800,NULL,'0000-00-00 00:00:00','0000-00-00 00:00:00',NULL),
	(410882,'沁阳市',3,410800,NULL,'0000-00-00 00:00:00','0000-00-00 00:00:00',NULL),
	(410883,'孟州市',3,410800,NULL,'0000-00-00 00:00:00','0000-00-00 00:00:00',NULL),
	(410900,'濮阳市',2,410000,NULL,'0000-00-00 00:00:00','0000-00-00 00:00:00',NULL),
	(410901,'市辖区',3,410900,NULL,'0000-00-00 00:00:00','0000-00-00 00:00:00',NULL),
	(410902,'华龙区',3,410900,NULL,'0000-00-00 00:00:00','0000-00-00 00:00:00',NULL),
	(410922,'清丰县',3,410900,NULL,'0000-00-00 00:00:00','0000-00-00 00:00:00',NULL),
	(410923,'南乐县',3,410900,NULL,'0000-00-00 00:00:00','0000-00-00 00:00:00',NULL),
	(410926,'范县',3,410900,NULL,'0000-00-00 00:00:00','0000-00-00 00:00:00',NULL),
	(410927,'台前县',3,410900,NULL,'0000-00-00 00:00:00','0000-00-00 00:00:00',NULL),
	(410928,'濮阳县',3,410900,NULL,'0000-00-00 00:00:00','0000-00-00 00:00:00',NULL),
	(411000,'许昌市',2,410000,NULL,'0000-00-00 00:00:00','0000-00-00 00:00:00',NULL),
	(411001,'市辖区',3,411000,NULL,'0000-00-00 00:00:00','0000-00-00 00:00:00',NULL),
	(411002,'魏都区',3,411000,NULL,'0000-00-00 00:00:00','0000-00-00 00:00:00',NULL),
	(411023,'许昌县',3,411000,NULL,'0000-00-00 00:00:00','0000-00-00 00:00:00',NULL),
	(411024,'鄢陵县',3,411000,NULL,'0000-00-00 00:00:00','0000-00-00 00:00:00',NULL),
	(411025,'襄城县',3,411000,NULL,'0000-00-00 00:00:00','0000-00-00 00:00:00',NULL),
	(411081,'禹州市',3,411000,NULL,'0000-00-00 00:00:00','0000-00-00 00:00:00',NULL),
	(411082,'长葛市',3,411000,NULL,'0000-00-00 00:00:00','0000-00-00 00:00:00',NULL),
	(411100,'漯河市',2,410000,NULL,'0000-00-00 00:00:00','0000-00-00 00:00:00',NULL),
	(411101,'市辖区',3,411100,NULL,'0000-00-00 00:00:00','0000-00-00 00:00:00',NULL),
	(411102,'源汇区',3,411100,NULL,'0000-00-00 00:00:00','0000-00-00 00:00:00',NULL),
	(411103,'郾城区',3,411100,NULL,'0000-00-00 00:00:00','0000-00-00 00:00:00',NULL),
	(411104,'召陵区',3,411100,NULL,'0000-00-00 00:00:00','0000-00-00 00:00:00',NULL),
	(411121,'舞阳县',3,411100,NULL,'0000-00-00 00:00:00','0000-00-00 00:00:00',NULL),
	(411122,'临颍县',3,411100,NULL,'0000-00-00 00:00:00','0000-00-00 00:00:00',NULL),
	(411200,'三门峡市',2,410000,NULL,'0000-00-00 00:00:00','0000-00-00 00:00:00',NULL),
	(411201,'市辖区',3,411200,NULL,'0000-00-00 00:00:00','0000-00-00 00:00:00',NULL),
	(411202,'湖滨区',3,411200,NULL,'0000-00-00 00:00:00','0000-00-00 00:00:00',NULL),
	(411221,'渑池县',3,411200,NULL,'0000-00-00 00:00:00','0000-00-00 00:00:00',NULL),
	(411222,'陕县',3,411200,NULL,'0000-00-00 00:00:00','0000-00-00 00:00:00',NULL),
	(411224,'卢氏县',3,411200,NULL,'0000-00-00 00:00:00','0000-00-00 00:00:00',NULL),
	(411281,'义马市',3,411200,NULL,'0000-00-00 00:00:00','0000-00-00 00:00:00',NULL),
	(411282,'灵宝市',3,411200,NULL,'0000-00-00 00:00:00','0000-00-00 00:00:00',NULL),
	(411300,'南阳市',2,410000,NULL,'0000-00-00 00:00:00','0000-00-00 00:00:00',NULL),
	(411301,'市辖区',3,411300,NULL,'0000-00-00 00:00:00','0000-00-00 00:00:00',NULL),
	(411302,'宛城区',3,411300,NULL,'0000-00-00 00:00:00','0000-00-00 00:00:00',NULL),
	(411303,'卧龙区',3,411300,NULL,'0000-00-00 00:00:00','0000-00-00 00:00:00',NULL),
	(411321,'南召县',3,411300,NULL,'0000-00-00 00:00:00','0000-00-00 00:00:00',NULL),
	(411322,'方城县',3,411300,NULL,'0000-00-00 00:00:00','0000-00-00 00:00:00',NULL),
	(411323,'西峡县',3,411300,NULL,'0000-00-00 00:00:00','0000-00-00 00:00:00',NULL),
	(411324,'镇平县',3,411300,NULL,'0000-00-00 00:00:00','0000-00-00 00:00:00',NULL),
	(411325,'内乡县',3,411300,NULL,'0000-00-00 00:00:00','0000-00-00 00:00:00',NULL),
	(411326,'淅川县',3,411300,NULL,'0000-00-00 00:00:00','0000-00-00 00:00:00',NULL),
	(411327,'社旗县',3,411300,NULL,'0000-00-00 00:00:00','0000-00-00 00:00:00',NULL),
	(411328,'唐河县',3,411300,NULL,'0000-00-00 00:00:00','0000-00-00 00:00:00',NULL),
	(411329,'新野县',3,411300,NULL,'0000-00-00 00:00:00','0000-00-00 00:00:00',NULL),
	(411330,'桐柏县',3,411300,NULL,'0000-00-00 00:00:00','0000-00-00 00:00:00',NULL),
	(411381,'邓州市',3,411300,NULL,'0000-00-00 00:00:00','0000-00-00 00:00:00',NULL),
	(411400,'商丘市',2,410000,NULL,'0000-00-00 00:00:00','0000-00-00 00:00:00',NULL),
	(411401,'市辖区',3,411400,NULL,'0000-00-00 00:00:00','0000-00-00 00:00:00',NULL),
	(411402,'梁园区',3,411400,NULL,'0000-00-00 00:00:00','0000-00-00 00:00:00',NULL),
	(411403,'睢阳区',3,411400,NULL,'0000-00-00 00:00:00','0000-00-00 00:00:00',NULL),
	(411421,'民权县',3,411400,NULL,'0000-00-00 00:00:00','0000-00-00 00:00:00',NULL),
	(411422,'睢县',3,411400,NULL,'0000-00-00 00:00:00','0000-00-00 00:00:00',NULL),
	(411423,'宁陵县',3,411400,NULL,'0000-00-00 00:00:00','0000-00-00 00:00:00',NULL),
	(411424,'柘城县',3,411400,NULL,'0000-00-00 00:00:00','0000-00-00 00:00:00',NULL),
	(411425,'虞城县',3,411400,NULL,'0000-00-00 00:00:00','0000-00-00 00:00:00',NULL),
	(411426,'夏邑县',3,411400,NULL,'0000-00-00 00:00:00','0000-00-00 00:00:00',NULL),
	(411481,'永城市',3,411400,NULL,'0000-00-00 00:00:00','0000-00-00 00:00:00',NULL),
	(411500,'信阳市',2,410000,NULL,'0000-00-00 00:00:00','0000-00-00 00:00:00',NULL),
	(411501,'市辖区',3,411500,NULL,'0000-00-00 00:00:00','0000-00-00 00:00:00',NULL),
	(411502,'浉河区',3,411500,NULL,'0000-00-00 00:00:00','0000-00-00 00:00:00',NULL),
	(411503,'平桥区',3,411500,NULL,'0000-00-00 00:00:00','0000-00-00 00:00:00',NULL),
	(411521,'罗山县',3,411500,NULL,'0000-00-00 00:00:00','0000-00-00 00:00:00',NULL),
	(411522,'光山县',3,411500,NULL,'0000-00-00 00:00:00','0000-00-00 00:00:00',NULL),
	(411523,'新县',3,411500,NULL,'0000-00-00 00:00:00','0000-00-00 00:00:00',NULL),
	(411524,'商城县',3,411500,NULL,'0000-00-00 00:00:00','0000-00-00 00:00:00',NULL),
	(411525,'固始县',3,411500,NULL,'0000-00-00 00:00:00','0000-00-00 00:00:00',NULL),
	(411526,'潢川县',3,411500,NULL,'0000-00-00 00:00:00','0000-00-00 00:00:00',NULL),
	(411527,'淮滨县',3,411500,NULL,'0000-00-00 00:00:00','0000-00-00 00:00:00',NULL),
	(411528,'息县',3,411500,NULL,'0000-00-00 00:00:00','0000-00-00 00:00:00',NULL),
	(411600,'周口市',2,410000,NULL,'0000-00-00 00:00:00','0000-00-00 00:00:00',NULL),
	(411601,'市辖区',3,411600,NULL,'0000-00-00 00:00:00','0000-00-00 00:00:00',NULL),
	(411602,'川汇区',3,411600,NULL,'0000-00-00 00:00:00','0000-00-00 00:00:00',NULL),
	(411621,'扶沟县',3,411600,NULL,'0000-00-00 00:00:00','0000-00-00 00:00:00',NULL),
	(411622,'西华县',3,411600,NULL,'0000-00-00 00:00:00','0000-00-00 00:00:00',NULL),
	(411623,'商水县',3,411600,NULL,'0000-00-00 00:00:00','0000-00-00 00:00:00',NULL),
	(411624,'沈丘县',3,411600,NULL,'0000-00-00 00:00:00','0000-00-00 00:00:00',NULL),
	(411625,'郸城县',3,411600,NULL,'0000-00-00 00:00:00','0000-00-00 00:00:00',NULL),
	(411626,'淮阳县',3,411600,NULL,'0000-00-00 00:00:00','0000-00-00 00:00:00',NULL),
	(411627,'太康县',3,411600,NULL,'0000-00-00 00:00:00','0000-00-00 00:00:00',NULL),
	(411628,'鹿邑县',3,411600,NULL,'0000-00-00 00:00:00','0000-00-00 00:00:00',NULL),
	(411681,'项城市',3,411600,NULL,'0000-00-00 00:00:00','0000-00-00 00:00:00',NULL),
	(411700,'驻马店市',2,410000,NULL,'0000-00-00 00:00:00','0000-00-00 00:00:00',NULL),
	(411701,'市辖区',3,411700,NULL,'0000-00-00 00:00:00','0000-00-00 00:00:00',NULL),
	(411702,'驿城区',3,411700,NULL,'0000-00-00 00:00:00','0000-00-00 00:00:00',NULL),
	(411721,'西平县',3,411700,NULL,'0000-00-00 00:00:00','0000-00-00 00:00:00',NULL),
	(411722,'上蔡县',3,411700,NULL,'0000-00-00 00:00:00','0000-00-00 00:00:00',NULL),
	(411723,'平舆县',3,411700,NULL,'0000-00-00 00:00:00','0000-00-00 00:00:00',NULL),
	(411724,'正阳县',3,411700,NULL,'0000-00-00 00:00:00','0000-00-00 00:00:00',NULL),
	(411725,'确山县',3,411700,NULL,'0000-00-00 00:00:00','0000-00-00 00:00:00',NULL),
	(411726,'泌阳县',3,411700,NULL,'0000-00-00 00:00:00','0000-00-00 00:00:00',NULL),
	(411727,'汝南县',3,411700,NULL,'0000-00-00 00:00:00','0000-00-00 00:00:00',NULL),
	(411728,'遂平县',3,411700,NULL,'0000-00-00 00:00:00','0000-00-00 00:00:00',NULL),
	(411729,'新蔡县',3,411700,NULL,'0000-00-00 00:00:00','0000-00-00 00:00:00',NULL),
	(419000,'省直辖县级行政区划',2,410000,NULL,'0000-00-00 00:00:00','0000-00-00 00:00:00',NULL),
	(419001,'济源市',3,419000,NULL,'0000-00-00 00:00:00','0000-00-00 00:00:00',NULL),
	(420000,'湖北省',1,0,NULL,'0000-00-00 00:00:00','0000-00-00 00:00:00',NULL),
	(420100,'武汉市',2,420000,NULL,'0000-00-00 00:00:00','0000-00-00 00:00:00',NULL),
	(420101,'市辖区',3,420100,NULL,'0000-00-00 00:00:00','0000-00-00 00:00:00',NULL),
	(420102,'江岸区',3,420100,NULL,'0000-00-00 00:00:00','0000-00-00 00:00:00',NULL),
	(420103,'江汉区',3,420100,NULL,'0000-00-00 00:00:00','0000-00-00 00:00:00',NULL),
	(420104,'硚口区',3,420100,NULL,'0000-00-00 00:00:00','0000-00-00 00:00:00',NULL),
	(420105,'汉阳区',3,420100,NULL,'0000-00-00 00:00:00','0000-00-00 00:00:00',NULL),
	(420106,'武昌区',3,420100,NULL,'0000-00-00 00:00:00','0000-00-00 00:00:00',NULL),
	(420107,'青山区',3,420100,NULL,'0000-00-00 00:00:00','0000-00-00 00:00:00',NULL),
	(420111,'洪山区',3,420100,NULL,'0000-00-00 00:00:00','0000-00-00 00:00:00',NULL),
	(420112,'东西湖区',3,420100,NULL,'0000-00-00 00:00:00','0000-00-00 00:00:00',NULL),
	(420113,'汉南区',3,420100,NULL,'0000-00-00 00:00:00','0000-00-00 00:00:00',NULL),
	(420114,'蔡甸区',3,420100,NULL,'0000-00-00 00:00:00','0000-00-00 00:00:00',NULL),
	(420115,'江夏区',3,420100,NULL,'0000-00-00 00:00:00','0000-00-00 00:00:00',NULL),
	(420116,'黄陂区',3,420100,NULL,'0000-00-00 00:00:00','0000-00-00 00:00:00',NULL),
	(420117,'新洲区',3,420100,NULL,'0000-00-00 00:00:00','0000-00-00 00:00:00',NULL),
	(420200,'黄石市',2,420000,NULL,'0000-00-00 00:00:00','0000-00-00 00:00:00',NULL),
	(420201,'市辖区',3,420200,NULL,'0000-00-00 00:00:00','0000-00-00 00:00:00',NULL),
	(420202,'黄石港区',3,420200,NULL,'0000-00-00 00:00:00','0000-00-00 00:00:00',NULL),
	(420203,'西塞山区',3,420200,NULL,'0000-00-00 00:00:00','0000-00-00 00:00:00',NULL),
	(420204,'下陆区',3,420200,NULL,'0000-00-00 00:00:00','0000-00-00 00:00:00',NULL),
	(420205,'铁山区',3,420200,NULL,'0000-00-00 00:00:00','0000-00-00 00:00:00',NULL),
	(420222,'阳新县',3,420200,NULL,'0000-00-00 00:00:00','0000-00-00 00:00:00',NULL),
	(420281,'大冶市',3,420200,NULL,'0000-00-00 00:00:00','0000-00-00 00:00:00',NULL),
	(420300,'十堰市',2,420000,NULL,'0000-00-00 00:00:00','0000-00-00 00:00:00',NULL),
	(420301,'市辖区',3,420300,NULL,'0000-00-00 00:00:00','0000-00-00 00:00:00',NULL),
	(420302,'茅箭区',3,420300,NULL,'0000-00-00 00:00:00','0000-00-00 00:00:00',NULL),
	(420303,'张湾区',3,420300,NULL,'0000-00-00 00:00:00','0000-00-00 00:00:00',NULL),
	(420321,'郧县',3,420300,NULL,'0000-00-00 00:00:00','0000-00-00 00:00:00',NULL),
	(420322,'郧西县',3,420300,NULL,'0000-00-00 00:00:00','0000-00-00 00:00:00',NULL),
	(420323,'竹山县',3,420300,NULL,'0000-00-00 00:00:00','0000-00-00 00:00:00',NULL),
	(420324,'竹溪县',3,420300,NULL,'0000-00-00 00:00:00','0000-00-00 00:00:00',NULL),
	(420325,'房县',3,420300,NULL,'0000-00-00 00:00:00','0000-00-00 00:00:00',NULL),
	(420381,'丹江口市',3,420300,NULL,'0000-00-00 00:00:00','0000-00-00 00:00:00',NULL),
	(420500,'宜昌市',2,420000,NULL,'0000-00-00 00:00:00','0000-00-00 00:00:00',NULL),
	(420501,'市辖区',3,420500,NULL,'0000-00-00 00:00:00','0000-00-00 00:00:00',NULL),
	(420502,'西陵区',3,420500,NULL,'0000-00-00 00:00:00','0000-00-00 00:00:00',NULL),
	(420503,'伍家岗区',3,420500,NULL,'0000-00-00 00:00:00','0000-00-00 00:00:00',NULL),
	(420504,'点军区',3,420500,NULL,'0000-00-00 00:00:00','0000-00-00 00:00:00',NULL),
	(420505,'猇亭区',3,420500,NULL,'0000-00-00 00:00:00','0000-00-00 00:00:00',NULL),
	(420506,'夷陵区',3,420500,NULL,'0000-00-00 00:00:00','0000-00-00 00:00:00',NULL),
	(420525,'远安县',3,420500,NULL,'0000-00-00 00:00:00','0000-00-00 00:00:00',NULL),
	(420526,'兴山县',3,420500,NULL,'0000-00-00 00:00:00','0000-00-00 00:00:00',NULL),
	(420527,'秭归县',3,420500,NULL,'0000-00-00 00:00:00','0000-00-00 00:00:00',NULL),
	(420528,'长阳土家族自治县',3,420500,NULL,'0000-00-00 00:00:00','0000-00-00 00:00:00',NULL),
	(420529,'五峰土家族自治县',3,420500,NULL,'0000-00-00 00:00:00','0000-00-00 00:00:00',NULL),
	(420581,'宜都市',3,420500,NULL,'0000-00-00 00:00:00','0000-00-00 00:00:00',NULL),
	(420582,'当阳市',3,420500,NULL,'0000-00-00 00:00:00','0000-00-00 00:00:00',NULL),
	(420583,'枝江市',3,420500,NULL,'0000-00-00 00:00:00','0000-00-00 00:00:00',NULL),
	(420600,'襄阳市',2,420000,NULL,'0000-00-00 00:00:00','0000-00-00 00:00:00',NULL),
	(420601,'市辖区',3,420600,NULL,'0000-00-00 00:00:00','0000-00-00 00:00:00',NULL),
	(420602,'襄城区',3,420600,NULL,'0000-00-00 00:00:00','0000-00-00 00:00:00',NULL),
	(420606,'樊城区',3,420600,NULL,'0000-00-00 00:00:00','0000-00-00 00:00:00',NULL),
	(420607,'襄州区',3,420600,NULL,'0000-00-00 00:00:00','0000-00-00 00:00:00',NULL),
	(420624,'南漳县',3,420600,NULL,'0000-00-00 00:00:00','0000-00-00 00:00:00',NULL),
	(420625,'谷城县',3,420600,NULL,'0000-00-00 00:00:00','0000-00-00 00:00:00',NULL),
	(420626,'保康县',3,420600,NULL,'0000-00-00 00:00:00','0000-00-00 00:00:00',NULL),
	(420682,'老河口市',3,420600,NULL,'0000-00-00 00:00:00','0000-00-00 00:00:00',NULL),
	(420683,'枣阳市',3,420600,NULL,'0000-00-00 00:00:00','0000-00-00 00:00:00',NULL),
	(420684,'宜城市',3,420600,NULL,'0000-00-00 00:00:00','0000-00-00 00:00:00',NULL),
	(420700,'鄂州市',2,420000,NULL,'0000-00-00 00:00:00','0000-00-00 00:00:00',NULL),
	(420701,'市辖区',3,420700,NULL,'0000-00-00 00:00:00','0000-00-00 00:00:00',NULL),
	(420702,'梁子湖区',3,420700,NULL,'0000-00-00 00:00:00','0000-00-00 00:00:00',NULL),
	(420703,'华容区',3,420700,NULL,'0000-00-00 00:00:00','0000-00-00 00:00:00',NULL),
	(420704,'鄂城区',3,420700,NULL,'0000-00-00 00:00:00','0000-00-00 00:00:00',NULL),
	(420800,'荆门市',2,420000,NULL,'0000-00-00 00:00:00','0000-00-00 00:00:00',NULL),
	(420801,'市辖区',3,420800,NULL,'0000-00-00 00:00:00','0000-00-00 00:00:00',NULL),
	(420802,'东宝区',3,420800,NULL,'0000-00-00 00:00:00','0000-00-00 00:00:00',NULL),
	(420804,'掇刀区',3,420800,NULL,'0000-00-00 00:00:00','0000-00-00 00:00:00',NULL),
	(420821,'京山县',3,420800,NULL,'0000-00-00 00:00:00','0000-00-00 00:00:00',NULL),
	(420822,'沙洋县',3,420800,NULL,'0000-00-00 00:00:00','0000-00-00 00:00:00',NULL),
	(420881,'钟祥市',3,420800,NULL,'0000-00-00 00:00:00','0000-00-00 00:00:00',NULL),
	(420900,'孝感市',2,420000,NULL,'0000-00-00 00:00:00','0000-00-00 00:00:00',NULL),
	(420901,'市辖区',3,420900,NULL,'0000-00-00 00:00:00','0000-00-00 00:00:00',NULL),
	(420902,'孝南区',3,420900,NULL,'0000-00-00 00:00:00','0000-00-00 00:00:00',NULL),
	(420921,'孝昌县',3,420900,NULL,'0000-00-00 00:00:00','0000-00-00 00:00:00',NULL),
	(420922,'大悟县',3,420900,NULL,'0000-00-00 00:00:00','0000-00-00 00:00:00',NULL),
	(420923,'云梦县',3,420900,NULL,'0000-00-00 00:00:00','0000-00-00 00:00:00',NULL),
	(420981,'应城市',3,420900,NULL,'0000-00-00 00:00:00','0000-00-00 00:00:00',NULL),
	(420982,'安陆市',3,420900,NULL,'0000-00-00 00:00:00','0000-00-00 00:00:00',NULL),
	(420984,'汉川市',3,420900,NULL,'0000-00-00 00:00:00','0000-00-00 00:00:00',NULL),
	(421000,'荆州市',2,420000,NULL,'0000-00-00 00:00:00','0000-00-00 00:00:00',NULL),
	(421001,'市辖区',3,421000,NULL,'0000-00-00 00:00:00','0000-00-00 00:00:00',NULL),
	(421002,'沙市区',3,421000,NULL,'0000-00-00 00:00:00','0000-00-00 00:00:00',NULL),
	(421003,'荆州区',3,421000,NULL,'0000-00-00 00:00:00','0000-00-00 00:00:00',NULL),
	(421022,'公安县',3,421000,NULL,'0000-00-00 00:00:00','0000-00-00 00:00:00',NULL),
	(421023,'监利县',3,421000,NULL,'0000-00-00 00:00:00','0000-00-00 00:00:00',NULL),
	(421024,'江陵县',3,421000,NULL,'0000-00-00 00:00:00','0000-00-00 00:00:00',NULL),
	(421081,'石首市',3,421000,NULL,'0000-00-00 00:00:00','0000-00-00 00:00:00',NULL),
	(421083,'洪湖市',3,421000,NULL,'0000-00-00 00:00:00','0000-00-00 00:00:00',NULL),
	(421087,'松滋市',3,421000,NULL,'0000-00-00 00:00:00','0000-00-00 00:00:00',NULL),
	(421100,'黄冈市',2,420000,NULL,'0000-00-00 00:00:00','0000-00-00 00:00:00',NULL),
	(421101,'市辖区',3,421100,NULL,'0000-00-00 00:00:00','0000-00-00 00:00:00',NULL),
	(421102,'黄州区',3,421100,NULL,'0000-00-00 00:00:00','0000-00-00 00:00:00',NULL),
	(421121,'团风县',3,421100,NULL,'0000-00-00 00:00:00','0000-00-00 00:00:00',NULL),
	(421122,'红安县',3,421100,NULL,'0000-00-00 00:00:00','0000-00-00 00:00:00',NULL),
	(421123,'罗田县',3,421100,NULL,'0000-00-00 00:00:00','0000-00-00 00:00:00',NULL),
	(421124,'英山县',3,421100,NULL,'0000-00-00 00:00:00','0000-00-00 00:00:00',NULL),
	(421125,'浠水县',3,421100,NULL,'0000-00-00 00:00:00','0000-00-00 00:00:00',NULL),
	(421126,'蕲春县',3,421100,NULL,'0000-00-00 00:00:00','0000-00-00 00:00:00',NULL),
	(421127,'黄梅县',3,421100,NULL,'0000-00-00 00:00:00','0000-00-00 00:00:00',NULL),
	(421181,'麻城市',3,421100,NULL,'0000-00-00 00:00:00','0000-00-00 00:00:00',NULL),
	(421182,'武穴市',3,421100,NULL,'0000-00-00 00:00:00','0000-00-00 00:00:00',NULL),
	(421200,'咸宁市',2,420000,NULL,'0000-00-00 00:00:00','0000-00-00 00:00:00',NULL),
	(421201,'市辖区',3,421200,NULL,'0000-00-00 00:00:00','0000-00-00 00:00:00',NULL),
	(421202,'咸安区',3,421200,NULL,'0000-00-00 00:00:00','0000-00-00 00:00:00',NULL),
	(421221,'嘉鱼县',3,421200,NULL,'0000-00-00 00:00:00','0000-00-00 00:00:00',NULL),
	(421222,'通城县',3,421200,NULL,'0000-00-00 00:00:00','0000-00-00 00:00:00',NULL),
	(421223,'崇阳县',3,421200,NULL,'0000-00-00 00:00:00','0000-00-00 00:00:00',NULL),
	(421224,'通山县',3,421200,NULL,'0000-00-00 00:00:00','0000-00-00 00:00:00',NULL),
	(421281,'赤壁市',3,421200,NULL,'0000-00-00 00:00:00','0000-00-00 00:00:00',NULL),
	(421300,'随州市',2,420000,NULL,'0000-00-00 00:00:00','0000-00-00 00:00:00',NULL),
	(421301,'市辖区',3,421300,NULL,'0000-00-00 00:00:00','0000-00-00 00:00:00',NULL),
	(421303,'曾都区',3,421300,NULL,'0000-00-00 00:00:00','0000-00-00 00:00:00',NULL),
	(421321,'随县',3,421300,NULL,'0000-00-00 00:00:00','0000-00-00 00:00:00',NULL),
	(421381,'广水市',3,421300,NULL,'0000-00-00 00:00:00','0000-00-00 00:00:00',NULL),
	(422800,'恩施土家族苗族自治州',2,420000,NULL,'0000-00-00 00:00:00','0000-00-00 00:00:00',NULL),
	(422801,'恩施市',3,422800,NULL,'0000-00-00 00:00:00','0000-00-00 00:00:00',NULL),
	(422802,'利川市',3,422800,NULL,'0000-00-00 00:00:00','0000-00-00 00:00:00',NULL),
	(422822,'建始县',3,422800,NULL,'0000-00-00 00:00:00','0000-00-00 00:00:00',NULL),
	(422823,'巴东县',3,422800,NULL,'0000-00-00 00:00:00','0000-00-00 00:00:00',NULL),
	(422825,'宣恩县',3,422800,NULL,'0000-00-00 00:00:00','0000-00-00 00:00:00',NULL),
	(422826,'咸丰县',3,422800,NULL,'0000-00-00 00:00:00','0000-00-00 00:00:00',NULL),
	(422827,'来凤县',3,422800,NULL,'0000-00-00 00:00:00','0000-00-00 00:00:00',NULL),
	(422828,'鹤峰县',3,422800,NULL,'0000-00-00 00:00:00','0000-00-00 00:00:00',NULL),
	(429000,'省直辖县级行政区划',2,420000,NULL,'0000-00-00 00:00:00','0000-00-00 00:00:00',NULL),
	(429004,'仙桃市',3,429000,NULL,'0000-00-00 00:00:00','0000-00-00 00:00:00',NULL),
	(429005,'潜江市',3,429000,NULL,'0000-00-00 00:00:00','0000-00-00 00:00:00',NULL),
	(429006,'天门市',3,429000,NULL,'0000-00-00 00:00:00','0000-00-00 00:00:00',NULL),
	(429021,'神农架林区',3,429000,NULL,'0000-00-00 00:00:00','0000-00-00 00:00:00',NULL),
	(430000,'湖南省',1,0,NULL,'0000-00-00 00:00:00','0000-00-00 00:00:00',NULL),
	(430100,'长沙市',2,430000,NULL,'0000-00-00 00:00:00','0000-00-00 00:00:00',NULL),
	(430101,'市辖区',3,430100,NULL,'0000-00-00 00:00:00','0000-00-00 00:00:00',NULL),
	(430102,'芙蓉区',3,430100,NULL,'0000-00-00 00:00:00','0000-00-00 00:00:00',NULL),
	(430103,'天心区',3,430100,NULL,'0000-00-00 00:00:00','0000-00-00 00:00:00',NULL),
	(430104,'岳麓区',3,430100,NULL,'0000-00-00 00:00:00','0000-00-00 00:00:00',NULL),
	(430105,'开福区',3,430100,NULL,'0000-00-00 00:00:00','0000-00-00 00:00:00',NULL),
	(430111,'雨花区',3,430100,NULL,'0000-00-00 00:00:00','0000-00-00 00:00:00',NULL),
	(430112,'望城区',3,430100,NULL,'0000-00-00 00:00:00','0000-00-00 00:00:00',NULL),
	(430121,'长沙县',3,430100,NULL,'0000-00-00 00:00:00','0000-00-00 00:00:00',NULL),
	(430124,'宁乡县',3,430100,NULL,'0000-00-00 00:00:00','0000-00-00 00:00:00',NULL),
	(430181,'浏阳市',3,430100,NULL,'0000-00-00 00:00:00','0000-00-00 00:00:00',NULL),
	(430200,'株洲市',2,430000,NULL,'0000-00-00 00:00:00','0000-00-00 00:00:00',NULL),
	(430201,'市辖区',3,430200,NULL,'0000-00-00 00:00:00','0000-00-00 00:00:00',NULL),
	(430202,'荷塘区',3,430200,NULL,'0000-00-00 00:00:00','0000-00-00 00:00:00',NULL),
	(430203,'芦淞区',3,430200,NULL,'0000-00-00 00:00:00','0000-00-00 00:00:00',NULL),
	(430204,'石峰区',3,430200,NULL,'0000-00-00 00:00:00','0000-00-00 00:00:00',NULL),
	(430211,'天元区',3,430200,NULL,'0000-00-00 00:00:00','0000-00-00 00:00:00',NULL),
	(430221,'株洲县',3,430200,NULL,'0000-00-00 00:00:00','0000-00-00 00:00:00',NULL),
	(430223,'攸县',3,430200,NULL,'0000-00-00 00:00:00','0000-00-00 00:00:00',NULL),
	(430224,'茶陵县',3,430200,NULL,'0000-00-00 00:00:00','0000-00-00 00:00:00',NULL),
	(430225,'炎陵县',3,430200,NULL,'0000-00-00 00:00:00','0000-00-00 00:00:00',NULL),
	(430281,'醴陵市',3,430200,NULL,'0000-00-00 00:00:00','0000-00-00 00:00:00',NULL),
	(430300,'湘潭市',2,430000,NULL,'0000-00-00 00:00:00','0000-00-00 00:00:00',NULL),
	(430301,'市辖区',3,430300,NULL,'0000-00-00 00:00:00','0000-00-00 00:00:00',NULL),
	(430302,'雨湖区',3,430300,NULL,'0000-00-00 00:00:00','0000-00-00 00:00:00',NULL),
	(430304,'岳塘区',3,430300,NULL,'0000-00-00 00:00:00','0000-00-00 00:00:00',NULL),
	(430321,'湘潭县',3,430300,NULL,'0000-00-00 00:00:00','0000-00-00 00:00:00',NULL),
	(430381,'湘乡市',3,430300,NULL,'0000-00-00 00:00:00','0000-00-00 00:00:00',NULL),
	(430382,'韶山市',3,430300,NULL,'0000-00-00 00:00:00','0000-00-00 00:00:00',NULL),
	(430400,'衡阳市',2,430000,NULL,'0000-00-00 00:00:00','0000-00-00 00:00:00',NULL),
	(430401,'市辖区',3,430400,NULL,'0000-00-00 00:00:00','0000-00-00 00:00:00',NULL),
	(430405,'珠晖区',3,430400,NULL,'0000-00-00 00:00:00','0000-00-00 00:00:00',NULL),
	(430406,'雁峰区',3,430400,NULL,'0000-00-00 00:00:00','0000-00-00 00:00:00',NULL),
	(430407,'石鼓区',3,430400,NULL,'0000-00-00 00:00:00','0000-00-00 00:00:00',NULL),
	(430408,'蒸湘区',3,430400,NULL,'0000-00-00 00:00:00','0000-00-00 00:00:00',NULL),
	(430412,'南岳区',3,430400,NULL,'0000-00-00 00:00:00','0000-00-00 00:00:00',NULL),
	(430421,'衡阳县',3,430400,NULL,'0000-00-00 00:00:00','0000-00-00 00:00:00',NULL),
	(430422,'衡南县',3,430400,NULL,'0000-00-00 00:00:00','0000-00-00 00:00:00',NULL),
	(430423,'衡山县',3,430400,NULL,'0000-00-00 00:00:00','0000-00-00 00:00:00',NULL),
	(430424,'衡东县',3,430400,NULL,'0000-00-00 00:00:00','0000-00-00 00:00:00',NULL),
	(430426,'祁东县',3,430400,NULL,'0000-00-00 00:00:00','0000-00-00 00:00:00',NULL),
	(430481,'耒阳市',3,430400,NULL,'0000-00-00 00:00:00','0000-00-00 00:00:00',NULL),
	(430482,'常宁市',3,430400,NULL,'0000-00-00 00:00:00','0000-00-00 00:00:00',NULL),
	(430500,'邵阳市',2,430000,NULL,'0000-00-00 00:00:00','0000-00-00 00:00:00',NULL),
	(430501,'市辖区',3,430500,NULL,'0000-00-00 00:00:00','0000-00-00 00:00:00',NULL),
	(430502,'双清区',3,430500,NULL,'0000-00-00 00:00:00','0000-00-00 00:00:00',NULL),
	(430503,'大祥区',3,430500,NULL,'0000-00-00 00:00:00','0000-00-00 00:00:00',NULL),
	(430511,'北塔区',3,430500,NULL,'0000-00-00 00:00:00','0000-00-00 00:00:00',NULL),
	(430521,'邵东县',3,430500,NULL,'0000-00-00 00:00:00','0000-00-00 00:00:00',NULL),
	(430522,'新邵县',3,430500,NULL,'0000-00-00 00:00:00','0000-00-00 00:00:00',NULL),
	(430523,'邵阳县',3,430500,NULL,'0000-00-00 00:00:00','0000-00-00 00:00:00',NULL),
	(430524,'隆回县',3,430500,NULL,'0000-00-00 00:00:00','0000-00-00 00:00:00',NULL),
	(430525,'洞口县',3,430500,NULL,'0000-00-00 00:00:00','0000-00-00 00:00:00',NULL),
	(430527,'绥宁县',3,430500,NULL,'0000-00-00 00:00:00','0000-00-00 00:00:00',NULL),
	(430528,'新宁县',3,430500,NULL,'0000-00-00 00:00:00','0000-00-00 00:00:00',NULL),
	(430529,'城步苗族自治县',3,430500,NULL,'0000-00-00 00:00:00','0000-00-00 00:00:00',NULL),
	(430581,'武冈市',3,430500,NULL,'0000-00-00 00:00:00','0000-00-00 00:00:00',NULL),
	(430600,'岳阳市',2,430000,NULL,'0000-00-00 00:00:00','0000-00-00 00:00:00',NULL),
	(430601,'市辖区',3,430600,NULL,'0000-00-00 00:00:00','0000-00-00 00:00:00',NULL),
	(430602,'岳阳楼区',3,430600,NULL,'0000-00-00 00:00:00','0000-00-00 00:00:00',NULL),
	(430603,'云溪区',3,430600,NULL,'0000-00-00 00:00:00','0000-00-00 00:00:00',NULL),
	(430611,'君山区',3,430600,NULL,'0000-00-00 00:00:00','0000-00-00 00:00:00',NULL),
	(430621,'岳阳县',3,430600,NULL,'0000-00-00 00:00:00','0000-00-00 00:00:00',NULL),
	(430623,'华容县',3,430600,NULL,'0000-00-00 00:00:00','0000-00-00 00:00:00',NULL),
	(430624,'湘阴县',3,430600,NULL,'0000-00-00 00:00:00','0000-00-00 00:00:00',NULL),
	(430626,'平江县',3,430600,NULL,'0000-00-00 00:00:00','0000-00-00 00:00:00',NULL),
	(430681,'汨罗市',3,430600,NULL,'0000-00-00 00:00:00','0000-00-00 00:00:00',NULL),
	(430682,'临湘市',3,430600,NULL,'0000-00-00 00:00:00','0000-00-00 00:00:00',NULL),
	(430700,'常德市',2,430000,NULL,'0000-00-00 00:00:00','0000-00-00 00:00:00',NULL),
	(430701,'市辖区',3,430700,NULL,'0000-00-00 00:00:00','0000-00-00 00:00:00',NULL),
	(430702,'武陵区',3,430700,NULL,'0000-00-00 00:00:00','0000-00-00 00:00:00',NULL),
	(430703,'鼎城区',3,430700,NULL,'0000-00-00 00:00:00','0000-00-00 00:00:00',NULL),
	(430721,'安乡县',3,430700,NULL,'0000-00-00 00:00:00','0000-00-00 00:00:00',NULL),
	(430722,'汉寿县',3,430700,NULL,'0000-00-00 00:00:00','0000-00-00 00:00:00',NULL),
	(430723,'澧县',3,430700,NULL,'0000-00-00 00:00:00','0000-00-00 00:00:00',NULL),
	(430724,'临澧县',3,430700,NULL,'0000-00-00 00:00:00','0000-00-00 00:00:00',NULL),
	(430725,'桃源县',3,430700,NULL,'0000-00-00 00:00:00','0000-00-00 00:00:00',NULL),
	(430726,'石门县',3,430700,NULL,'0000-00-00 00:00:00','0000-00-00 00:00:00',NULL),
	(430781,'津市市',3,430700,NULL,'0000-00-00 00:00:00','0000-00-00 00:00:00',NULL),
	(430800,'张家界市',2,430000,NULL,'0000-00-00 00:00:00','0000-00-00 00:00:00',NULL),
	(430801,'市辖区',3,430800,NULL,'0000-00-00 00:00:00','0000-00-00 00:00:00',NULL),
	(430802,'永定区',3,430800,NULL,'0000-00-00 00:00:00','0000-00-00 00:00:00',NULL),
	(430811,'武陵源区',3,430800,NULL,'0000-00-00 00:00:00','0000-00-00 00:00:00',NULL),
	(430821,'慈利县',3,430800,NULL,'0000-00-00 00:00:00','0000-00-00 00:00:00',NULL),
	(430822,'桑植县',3,430800,NULL,'0000-00-00 00:00:00','0000-00-00 00:00:00',NULL),
	(430900,'益阳市',2,430000,NULL,'0000-00-00 00:00:00','0000-00-00 00:00:00',NULL),
	(430901,'市辖区',3,430900,NULL,'0000-00-00 00:00:00','0000-00-00 00:00:00',NULL),
	(430902,'资阳区',3,430900,NULL,'0000-00-00 00:00:00','0000-00-00 00:00:00',NULL),
	(430903,'赫山区',3,430900,NULL,'0000-00-00 00:00:00','0000-00-00 00:00:00',NULL),
	(430921,'南县',3,430900,NULL,'0000-00-00 00:00:00','0000-00-00 00:00:00',NULL),
	(430922,'桃江县',3,430900,NULL,'0000-00-00 00:00:00','0000-00-00 00:00:00',NULL),
	(430923,'安化县',3,430900,NULL,'0000-00-00 00:00:00','0000-00-00 00:00:00',NULL),
	(430981,'沅江市',3,430900,NULL,'0000-00-00 00:00:00','0000-00-00 00:00:00',NULL),
	(431000,'郴州市',2,430000,NULL,'0000-00-00 00:00:00','0000-00-00 00:00:00',NULL),
	(431001,'市辖区',3,431000,NULL,'0000-00-00 00:00:00','0000-00-00 00:00:00',NULL),
	(431002,'北湖区',3,431000,NULL,'0000-00-00 00:00:00','0000-00-00 00:00:00',NULL),
	(431003,'苏仙区',3,431000,NULL,'0000-00-00 00:00:00','0000-00-00 00:00:00',NULL),
	(431021,'桂阳县',3,431000,NULL,'0000-00-00 00:00:00','0000-00-00 00:00:00',NULL),
	(431022,'宜章县',3,431000,NULL,'0000-00-00 00:00:00','0000-00-00 00:00:00',NULL),
	(431023,'永兴县',3,431000,NULL,'0000-00-00 00:00:00','0000-00-00 00:00:00',NULL),
	(431024,'嘉禾县',3,431000,NULL,'0000-00-00 00:00:00','0000-00-00 00:00:00',NULL),
	(431025,'临武县',3,431000,NULL,'0000-00-00 00:00:00','0000-00-00 00:00:00',NULL),
	(431026,'汝城县',3,431000,NULL,'0000-00-00 00:00:00','0000-00-00 00:00:00',NULL),
	(431027,'桂东县',3,431000,NULL,'0000-00-00 00:00:00','0000-00-00 00:00:00',NULL),
	(431028,'安仁县',3,431000,NULL,'0000-00-00 00:00:00','0000-00-00 00:00:00',NULL),
	(431081,'资兴市',3,431000,NULL,'0000-00-00 00:00:00','0000-00-00 00:00:00',NULL),
	(431100,'永州市',2,430000,NULL,'0000-00-00 00:00:00','0000-00-00 00:00:00',NULL),
	(431101,'市辖区',3,431100,NULL,'0000-00-00 00:00:00','0000-00-00 00:00:00',NULL),
	(431102,'零陵区',3,431100,NULL,'0000-00-00 00:00:00','0000-00-00 00:00:00',NULL),
	(431103,'冷水滩区',3,431100,NULL,'0000-00-00 00:00:00','0000-00-00 00:00:00',NULL),
	(431121,'祁阳县',3,431100,NULL,'0000-00-00 00:00:00','0000-00-00 00:00:00',NULL),
	(431122,'东安县',3,431100,NULL,'0000-00-00 00:00:00','0000-00-00 00:00:00',NULL),
	(431123,'双牌县',3,431100,NULL,'0000-00-00 00:00:00','0000-00-00 00:00:00',NULL),
	(431124,'道县',3,431100,NULL,'0000-00-00 00:00:00','0000-00-00 00:00:00',NULL),
	(431125,'江永县',3,431100,NULL,'0000-00-00 00:00:00','0000-00-00 00:00:00',NULL),
	(431126,'宁远县',3,431100,NULL,'0000-00-00 00:00:00','0000-00-00 00:00:00',NULL),
	(431127,'蓝山县',3,431100,NULL,'0000-00-00 00:00:00','0000-00-00 00:00:00',NULL),
	(431128,'新田县',3,431100,NULL,'0000-00-00 00:00:00','0000-00-00 00:00:00',NULL),
	(431129,'江华瑶族自治县',3,431100,NULL,'0000-00-00 00:00:00','0000-00-00 00:00:00',NULL),
	(431200,'怀化市',2,430000,NULL,'0000-00-00 00:00:00','0000-00-00 00:00:00',NULL),
	(431201,'市辖区',3,431200,NULL,'0000-00-00 00:00:00','0000-00-00 00:00:00',NULL),
	(431202,'鹤城区',3,431200,NULL,'0000-00-00 00:00:00','0000-00-00 00:00:00',NULL),
	(431221,'中方县',3,431200,NULL,'0000-00-00 00:00:00','0000-00-00 00:00:00',NULL),
	(431222,'沅陵县',3,431200,NULL,'0000-00-00 00:00:00','0000-00-00 00:00:00',NULL),
	(431223,'辰溪县',3,431200,NULL,'0000-00-00 00:00:00','0000-00-00 00:00:00',NULL),
	(431224,'溆浦县',3,431200,NULL,'0000-00-00 00:00:00','0000-00-00 00:00:00',NULL),
	(431225,'会同县',3,431200,NULL,'0000-00-00 00:00:00','0000-00-00 00:00:00',NULL),
	(431226,'麻阳苗族自治县',3,431200,NULL,'0000-00-00 00:00:00','0000-00-00 00:00:00',NULL),
	(431227,'新晃侗族自治县',3,431200,NULL,'0000-00-00 00:00:00','0000-00-00 00:00:00',NULL),
	(431228,'芷江侗族自治县',3,431200,NULL,'0000-00-00 00:00:00','0000-00-00 00:00:00',NULL),
	(431229,'靖州苗族侗族自治县',3,431200,NULL,'0000-00-00 00:00:00','0000-00-00 00:00:00',NULL),
	(431230,'通道侗族自治县',3,431200,NULL,'0000-00-00 00:00:00','0000-00-00 00:00:00',NULL),
	(431281,'洪江市',3,431200,NULL,'0000-00-00 00:00:00','0000-00-00 00:00:00',NULL),
	(431300,'娄底市',2,430000,NULL,'0000-00-00 00:00:00','0000-00-00 00:00:00',NULL),
	(431301,'市辖区',3,431300,NULL,'0000-00-00 00:00:00','0000-00-00 00:00:00',NULL),
	(431302,'娄星区',3,431300,NULL,'0000-00-00 00:00:00','0000-00-00 00:00:00',NULL),
	(431321,'双峰县',3,431300,NULL,'0000-00-00 00:00:00','0000-00-00 00:00:00',NULL),
	(431322,'新化县',3,431300,NULL,'0000-00-00 00:00:00','0000-00-00 00:00:00',NULL),
	(431381,'冷水江市',3,431300,NULL,'0000-00-00 00:00:00','0000-00-00 00:00:00',NULL),
	(431382,'涟源市',3,431300,NULL,'0000-00-00 00:00:00','0000-00-00 00:00:00',NULL),
	(433100,'湘西土家族苗族自治州',2,430000,NULL,'0000-00-00 00:00:00','0000-00-00 00:00:00',NULL),
	(433101,'吉首市',3,433100,NULL,'0000-00-00 00:00:00','0000-00-00 00:00:00',NULL),
	(433122,'泸溪县',3,433100,NULL,'0000-00-00 00:00:00','0000-00-00 00:00:00',NULL),
	(433123,'凤凰县',3,433100,NULL,'0000-00-00 00:00:00','0000-00-00 00:00:00',NULL),
	(433124,'花垣县',3,433100,NULL,'0000-00-00 00:00:00','0000-00-00 00:00:00',NULL),
	(433125,'保靖县',3,433100,NULL,'0000-00-00 00:00:00','0000-00-00 00:00:00',NULL),
	(433126,'古丈县',3,433100,NULL,'0000-00-00 00:00:00','0000-00-00 00:00:00',NULL),
	(433127,'永顺县',3,433100,NULL,'0000-00-00 00:00:00','0000-00-00 00:00:00',NULL),
	(433130,'龙山县',3,433100,NULL,'0000-00-00 00:00:00','0000-00-00 00:00:00',NULL),
	(440000,'广东省',1,0,NULL,'0000-00-00 00:00:00','0000-00-00 00:00:00',NULL),
	(440100,'广州市',2,440000,NULL,'0000-00-00 00:00:00','0000-00-00 00:00:00',NULL),
	(440101,'市辖区',3,440100,NULL,'0000-00-00 00:00:00','0000-00-00 00:00:00',NULL),
	(440103,'荔湾区',3,440100,NULL,'0000-00-00 00:00:00','0000-00-00 00:00:00',NULL),
	(440104,'越秀区',3,440100,NULL,'0000-00-00 00:00:00','0000-00-00 00:00:00',NULL),
	(440105,'海珠区',3,440100,NULL,'0000-00-00 00:00:00','0000-00-00 00:00:00',NULL),
	(440106,'天河区',3,440100,NULL,'0000-00-00 00:00:00','0000-00-00 00:00:00',NULL),
	(440111,'白云区',3,440100,NULL,'0000-00-00 00:00:00','0000-00-00 00:00:00',NULL),
	(440112,'黄埔区',3,440100,NULL,'0000-00-00 00:00:00','0000-00-00 00:00:00',NULL),
	(440113,'番禺区',3,440100,NULL,'0000-00-00 00:00:00','0000-00-00 00:00:00',NULL),
	(440114,'花都区',3,440100,NULL,'0000-00-00 00:00:00','0000-00-00 00:00:00',NULL),
	(440115,'南沙区',3,440100,NULL,'0000-00-00 00:00:00','0000-00-00 00:00:00',NULL),
	(440116,'萝岗区',3,440100,NULL,'0000-00-00 00:00:00','0000-00-00 00:00:00',NULL),
	(440183,'增城市',3,440100,NULL,'0000-00-00 00:00:00','0000-00-00 00:00:00',NULL),
	(440184,'从化市',3,440100,NULL,'0000-00-00 00:00:00','0000-00-00 00:00:00',NULL),
	(440200,'韶关市',2,440000,NULL,'0000-00-00 00:00:00','0000-00-00 00:00:00',NULL),
	(440201,'市辖区',3,440200,NULL,'0000-00-00 00:00:00','0000-00-00 00:00:00',NULL),
	(440203,'武江区',3,440200,NULL,'0000-00-00 00:00:00','0000-00-00 00:00:00',NULL),
	(440204,'浈江区',3,440200,NULL,'0000-00-00 00:00:00','0000-00-00 00:00:00',NULL),
	(440205,'曲江区',3,440200,NULL,'0000-00-00 00:00:00','0000-00-00 00:00:00',NULL),
	(440222,'始兴县',3,440200,NULL,'0000-00-00 00:00:00','0000-00-00 00:00:00',NULL),
	(440224,'仁化县',3,440200,NULL,'0000-00-00 00:00:00','0000-00-00 00:00:00',NULL),
	(440229,'翁源县',3,440200,NULL,'0000-00-00 00:00:00','0000-00-00 00:00:00',NULL),
	(440232,'乳源瑶族自治县',3,440200,NULL,'0000-00-00 00:00:00','0000-00-00 00:00:00',NULL),
	(440233,'新丰县',3,440200,NULL,'0000-00-00 00:00:00','0000-00-00 00:00:00',NULL),
	(440281,'乐昌市',3,440200,NULL,'0000-00-00 00:00:00','0000-00-00 00:00:00',NULL),
	(440282,'南雄市',3,440200,NULL,'0000-00-00 00:00:00','0000-00-00 00:00:00',NULL),
	(440300,'深圳市',2,440000,NULL,'0000-00-00 00:00:00','0000-00-00 00:00:00',NULL),
	(440301,'市辖区',3,440300,NULL,'0000-00-00 00:00:00','0000-00-00 00:00:00',NULL),
	(440303,'罗湖区',3,440300,NULL,'0000-00-00 00:00:00','0000-00-00 00:00:00',NULL),
	(440304,'福田区',3,440300,NULL,'0000-00-00 00:00:00','0000-00-00 00:00:00',NULL),
	(440305,'南山区',3,440300,NULL,'0000-00-00 00:00:00','0000-00-00 00:00:00',NULL),
	(440306,'宝安区',3,440300,NULL,'0000-00-00 00:00:00','0000-00-00 00:00:00',NULL),
	(440307,'龙岗区',3,440300,NULL,'0000-00-00 00:00:00','0000-00-00 00:00:00',NULL),
	(440308,'盐田区',3,440300,NULL,'0000-00-00 00:00:00','0000-00-00 00:00:00',NULL),
	(440400,'珠海市',2,440000,NULL,'0000-00-00 00:00:00','0000-00-00 00:00:00',NULL),
	(440401,'市辖区',3,440400,NULL,'0000-00-00 00:00:00','0000-00-00 00:00:00',NULL),
	(440402,'香洲区',3,440400,NULL,'0000-00-00 00:00:00','0000-00-00 00:00:00',NULL),
	(440403,'斗门区',3,440400,NULL,'0000-00-00 00:00:00','0000-00-00 00:00:00',NULL),
	(440404,'金湾区',3,440400,NULL,'0000-00-00 00:00:00','0000-00-00 00:00:00',NULL),
	(440500,'汕头市',2,440000,NULL,'0000-00-00 00:00:00','0000-00-00 00:00:00',NULL),
	(440501,'市辖区',3,440500,NULL,'0000-00-00 00:00:00','0000-00-00 00:00:00',NULL),
	(440507,'龙湖区',3,440500,NULL,'0000-00-00 00:00:00','0000-00-00 00:00:00',NULL),
	(440511,'金平区',3,440500,NULL,'0000-00-00 00:00:00','0000-00-00 00:00:00',NULL),
	(440512,'濠江区',3,440500,NULL,'0000-00-00 00:00:00','0000-00-00 00:00:00',NULL),
	(440513,'潮阳区',3,440500,NULL,'0000-00-00 00:00:00','0000-00-00 00:00:00',NULL),
	(440514,'潮南区',3,440500,NULL,'0000-00-00 00:00:00','0000-00-00 00:00:00',NULL),
	(440515,'澄海区',3,440500,NULL,'0000-00-00 00:00:00','0000-00-00 00:00:00',NULL),
	(440523,'南澳县',3,440500,NULL,'0000-00-00 00:00:00','0000-00-00 00:00:00',NULL),
	(440600,'佛山市',2,440000,NULL,'0000-00-00 00:00:00','0000-00-00 00:00:00',NULL),
	(440601,'市辖区',3,440600,NULL,'0000-00-00 00:00:00','0000-00-00 00:00:00',NULL),
	(440604,'禅城区',3,440600,NULL,'0000-00-00 00:00:00','0000-00-00 00:00:00',NULL),
	(440605,'南海区',3,440600,NULL,'0000-00-00 00:00:00','0000-00-00 00:00:00',NULL),
	(440606,'顺德区',3,440600,NULL,'0000-00-00 00:00:00','0000-00-00 00:00:00',NULL),
	(440607,'三水区',3,440600,NULL,'0000-00-00 00:00:00','0000-00-00 00:00:00',NULL),
	(440608,'高明区',3,440600,NULL,'0000-00-00 00:00:00','0000-00-00 00:00:00',NULL),
	(440700,'江门市',2,440000,NULL,'0000-00-00 00:00:00','0000-00-00 00:00:00',NULL),
	(440701,'市辖区',3,440700,NULL,'0000-00-00 00:00:00','0000-00-00 00:00:00',NULL),
	(440703,'蓬江区',3,440700,NULL,'0000-00-00 00:00:00','0000-00-00 00:00:00',NULL),
	(440704,'江海区',3,440700,NULL,'0000-00-00 00:00:00','0000-00-00 00:00:00',NULL),
	(440705,'新会区',3,440700,NULL,'0000-00-00 00:00:00','0000-00-00 00:00:00',NULL),
	(440781,'台山市',3,440700,NULL,'0000-00-00 00:00:00','0000-00-00 00:00:00',NULL),
	(440783,'开平市',3,440700,NULL,'0000-00-00 00:00:00','0000-00-00 00:00:00',NULL),
	(440784,'鹤山市',3,440700,NULL,'0000-00-00 00:00:00','0000-00-00 00:00:00',NULL),
	(440785,'恩平市',3,440700,NULL,'0000-00-00 00:00:00','0000-00-00 00:00:00',NULL),
	(440800,'湛江市',2,440000,NULL,'0000-00-00 00:00:00','0000-00-00 00:00:00',NULL),
	(440801,'市辖区',3,440800,NULL,'0000-00-00 00:00:00','0000-00-00 00:00:00',NULL),
	(440802,'赤坎区',3,440800,NULL,'0000-00-00 00:00:00','0000-00-00 00:00:00',NULL),
	(440803,'霞山区',3,440800,NULL,'0000-00-00 00:00:00','0000-00-00 00:00:00',NULL),
	(440804,'坡头区',3,440800,NULL,'0000-00-00 00:00:00','0000-00-00 00:00:00',NULL),
	(440811,'麻章区',3,440800,NULL,'0000-00-00 00:00:00','0000-00-00 00:00:00',NULL),
	(440823,'遂溪县',3,440800,NULL,'0000-00-00 00:00:00','0000-00-00 00:00:00',NULL),
	(440825,'徐闻县',3,440800,NULL,'0000-00-00 00:00:00','0000-00-00 00:00:00',NULL),
	(440881,'廉江市',3,440800,NULL,'0000-00-00 00:00:00','0000-00-00 00:00:00',NULL),
	(440882,'雷州市',3,440800,NULL,'0000-00-00 00:00:00','0000-00-00 00:00:00',NULL),
	(440883,'吴川市',3,440800,NULL,'0000-00-00 00:00:00','0000-00-00 00:00:00',NULL),
	(440900,'茂名市',2,440000,NULL,'0000-00-00 00:00:00','0000-00-00 00:00:00',NULL),
	(440901,'市辖区',3,440900,NULL,'0000-00-00 00:00:00','0000-00-00 00:00:00',NULL),
	(440902,'茂南区',3,440900,NULL,'0000-00-00 00:00:00','0000-00-00 00:00:00',NULL),
	(440903,'茂港区',3,440900,NULL,'0000-00-00 00:00:00','0000-00-00 00:00:00',NULL),
	(440923,'电白县',3,440900,NULL,'0000-00-00 00:00:00','0000-00-00 00:00:00',NULL),
	(440981,'高州市',3,440900,NULL,'0000-00-00 00:00:00','0000-00-00 00:00:00',NULL),
	(440982,'化州市',3,440900,NULL,'0000-00-00 00:00:00','0000-00-00 00:00:00',NULL),
	(440983,'信宜市',3,440900,NULL,'0000-00-00 00:00:00','0000-00-00 00:00:00',NULL),
	(441200,'肇庆市',2,440000,NULL,'0000-00-00 00:00:00','0000-00-00 00:00:00',NULL),
	(441201,'市辖区',3,441200,NULL,'0000-00-00 00:00:00','0000-00-00 00:00:00',NULL),
	(441202,'端州区',3,441200,NULL,'0000-00-00 00:00:00','0000-00-00 00:00:00',NULL),
	(441203,'鼎湖区',3,441200,NULL,'0000-00-00 00:00:00','0000-00-00 00:00:00',NULL),
	(441223,'广宁县',3,441200,NULL,'0000-00-00 00:00:00','0000-00-00 00:00:00',NULL),
	(441224,'怀集县',3,441200,NULL,'0000-00-00 00:00:00','0000-00-00 00:00:00',NULL),
	(441225,'封开县',3,441200,NULL,'0000-00-00 00:00:00','0000-00-00 00:00:00',NULL),
	(441226,'德庆县',3,441200,NULL,'0000-00-00 00:00:00','0000-00-00 00:00:00',NULL),
	(441283,'高要市',3,441200,NULL,'0000-00-00 00:00:00','0000-00-00 00:00:00',NULL),
	(441284,'四会市',3,441200,NULL,'0000-00-00 00:00:00','0000-00-00 00:00:00',NULL),
	(441300,'惠州市',2,440000,NULL,'0000-00-00 00:00:00','0000-00-00 00:00:00',NULL),
	(441301,'市辖区',3,441300,NULL,'0000-00-00 00:00:00','0000-00-00 00:00:00',NULL),
	(441302,'惠城区',3,441300,NULL,'0000-00-00 00:00:00','0000-00-00 00:00:00',NULL),
	(441303,'惠阳区',3,441300,NULL,'0000-00-00 00:00:00','0000-00-00 00:00:00',NULL),
	(441322,'博罗县',3,441300,NULL,'0000-00-00 00:00:00','0000-00-00 00:00:00',NULL),
	(441323,'惠东县',3,441300,NULL,'0000-00-00 00:00:00','0000-00-00 00:00:00',NULL),
	(441324,'龙门县',3,441300,NULL,'0000-00-00 00:00:00','0000-00-00 00:00:00',NULL),
	(441400,'梅州市',2,440000,NULL,'0000-00-00 00:00:00','0000-00-00 00:00:00',NULL),
	(441401,'市辖区',3,441400,NULL,'0000-00-00 00:00:00','0000-00-00 00:00:00',NULL),
	(441402,'梅江区',3,441400,NULL,'0000-00-00 00:00:00','0000-00-00 00:00:00',NULL),
	(441421,'梅县',3,441400,NULL,'0000-00-00 00:00:00','0000-00-00 00:00:00',NULL),
	(441422,'大埔县',3,441400,NULL,'0000-00-00 00:00:00','0000-00-00 00:00:00',NULL),
	(441423,'丰顺县',3,441400,NULL,'0000-00-00 00:00:00','0000-00-00 00:00:00',NULL),
	(441424,'五华县',3,441400,NULL,'0000-00-00 00:00:00','0000-00-00 00:00:00',NULL),
	(441426,'平远县',3,441400,NULL,'0000-00-00 00:00:00','0000-00-00 00:00:00',NULL),
	(441427,'蕉岭县',3,441400,NULL,'0000-00-00 00:00:00','0000-00-00 00:00:00',NULL),
	(441481,'兴宁市',3,441400,NULL,'0000-00-00 00:00:00','0000-00-00 00:00:00',NULL),
	(441500,'汕尾市',2,440000,NULL,'0000-00-00 00:00:00','0000-00-00 00:00:00',NULL),
	(441501,'市辖区',3,441500,NULL,'0000-00-00 00:00:00','0000-00-00 00:00:00',NULL),
	(441502,'城区',3,441500,NULL,'0000-00-00 00:00:00','0000-00-00 00:00:00',NULL),
	(441521,'海丰县',3,441500,NULL,'0000-00-00 00:00:00','0000-00-00 00:00:00',NULL),
	(441523,'陆河县',3,441500,NULL,'0000-00-00 00:00:00','0000-00-00 00:00:00',NULL),
	(441581,'陆丰市',3,441500,NULL,'0000-00-00 00:00:00','0000-00-00 00:00:00',NULL),
	(441600,'河源市',2,440000,NULL,'0000-00-00 00:00:00','0000-00-00 00:00:00',NULL),
	(441601,'市辖区',3,441600,NULL,'0000-00-00 00:00:00','0000-00-00 00:00:00',NULL),
	(441602,'源城区',3,441600,NULL,'0000-00-00 00:00:00','0000-00-00 00:00:00',NULL),
	(441621,'紫金县',3,441600,NULL,'0000-00-00 00:00:00','0000-00-00 00:00:00',NULL),
	(441622,'龙川县',3,441600,NULL,'0000-00-00 00:00:00','0000-00-00 00:00:00',NULL),
	(441623,'连平县',3,441600,NULL,'0000-00-00 00:00:00','0000-00-00 00:00:00',NULL),
	(441624,'和平县',3,441600,NULL,'0000-00-00 00:00:00','0000-00-00 00:00:00',NULL),
	(441625,'东源县',3,441600,NULL,'0000-00-00 00:00:00','0000-00-00 00:00:00',NULL),
	(441700,'阳江市',2,440000,NULL,'0000-00-00 00:00:00','0000-00-00 00:00:00',NULL),
	(441701,'市辖区',3,441700,NULL,'0000-00-00 00:00:00','0000-00-00 00:00:00',NULL),
	(441702,'江城区',3,441700,NULL,'0000-00-00 00:00:00','0000-00-00 00:00:00',NULL),
	(441721,'阳西县',3,441700,NULL,'0000-00-00 00:00:00','0000-00-00 00:00:00',NULL),
	(441723,'阳东县',3,441700,NULL,'0000-00-00 00:00:00','0000-00-00 00:00:00',NULL),
	(441781,'阳春市',3,441700,NULL,'0000-00-00 00:00:00','0000-00-00 00:00:00',NULL),
	(441800,'清远市',2,440000,NULL,'0000-00-00 00:00:00','0000-00-00 00:00:00',NULL),
	(441801,'市辖区',3,441800,NULL,'0000-00-00 00:00:00','0000-00-00 00:00:00',NULL),
	(441802,'清城区',3,441800,NULL,'0000-00-00 00:00:00','0000-00-00 00:00:00',NULL),
	(441821,'佛冈县',3,441800,NULL,'0000-00-00 00:00:00','0000-00-00 00:00:00',NULL),
	(441823,'阳山县',3,441800,NULL,'0000-00-00 00:00:00','0000-00-00 00:00:00',NULL),
	(441825,'连山壮族瑶族自治县',3,441800,NULL,'0000-00-00 00:00:00','0000-00-00 00:00:00',NULL),
	(441826,'连南瑶族自治县',3,441800,NULL,'0000-00-00 00:00:00','0000-00-00 00:00:00',NULL),
	(441827,'清新县',3,441800,NULL,'0000-00-00 00:00:00','0000-00-00 00:00:00',NULL),
	(441881,'英德市',3,441800,NULL,'0000-00-00 00:00:00','0000-00-00 00:00:00',NULL),
	(441882,'连州市',3,441800,NULL,'0000-00-00 00:00:00','0000-00-00 00:00:00',NULL),
	(441900,'东莞市',2,440000,NULL,'0000-00-00 00:00:00','0000-00-00 00:00:00',NULL),
	(442000,'中山市',2,440000,NULL,'0000-00-00 00:00:00','0000-00-00 00:00:00',NULL),
	(445100,'潮州市',2,440000,NULL,'0000-00-00 00:00:00','0000-00-00 00:00:00',NULL),
	(445101,'市辖区',3,445100,NULL,'0000-00-00 00:00:00','0000-00-00 00:00:00',NULL),
	(445102,'湘桥区',3,445100,NULL,'0000-00-00 00:00:00','0000-00-00 00:00:00',NULL),
	(445121,'潮安县',3,445100,NULL,'0000-00-00 00:00:00','0000-00-00 00:00:00',NULL),
	(445122,'饶平县',3,445100,NULL,'0000-00-00 00:00:00','0000-00-00 00:00:00',NULL),
	(445200,'揭阳市',2,440000,NULL,'0000-00-00 00:00:00','0000-00-00 00:00:00',NULL),
	(445201,'市辖区',3,445200,NULL,'0000-00-00 00:00:00','0000-00-00 00:00:00',NULL),
	(445202,'榕城区',3,445200,NULL,'0000-00-00 00:00:00','0000-00-00 00:00:00',NULL),
	(445221,'揭东县',3,445200,NULL,'0000-00-00 00:00:00','0000-00-00 00:00:00',NULL),
	(445222,'揭西县',3,445200,NULL,'0000-00-00 00:00:00','0000-00-00 00:00:00',NULL),
	(445224,'惠来县',3,445200,NULL,'0000-00-00 00:00:00','0000-00-00 00:00:00',NULL),
	(445281,'普宁市',3,445200,NULL,'0000-00-00 00:00:00','0000-00-00 00:00:00',NULL),
	(445300,'云浮市',2,440000,NULL,'0000-00-00 00:00:00','0000-00-00 00:00:00',NULL),
	(445301,'市辖区',3,445300,NULL,'0000-00-00 00:00:00','0000-00-00 00:00:00',NULL),
	(445302,'云城区',3,445300,NULL,'0000-00-00 00:00:00','0000-00-00 00:00:00',NULL),
	(445321,'新兴县',3,445300,NULL,'0000-00-00 00:00:00','0000-00-00 00:00:00',NULL),
	(445322,'郁南县',3,445300,NULL,'0000-00-00 00:00:00','0000-00-00 00:00:00',NULL),
	(445323,'云安县',3,445300,NULL,'0000-00-00 00:00:00','0000-00-00 00:00:00',NULL),
	(445381,'罗定市',3,445300,NULL,'0000-00-00 00:00:00','0000-00-00 00:00:00',NULL),
	(450000,'广西壮族自治区',1,0,NULL,'0000-00-00 00:00:00','0000-00-00 00:00:00',NULL),
	(450100,'南宁市',2,450000,NULL,'0000-00-00 00:00:00','0000-00-00 00:00:00',NULL),
	(450101,'市辖区',3,450100,NULL,'0000-00-00 00:00:00','0000-00-00 00:00:00',NULL),
	(450102,'兴宁区',3,450100,NULL,'0000-00-00 00:00:00','0000-00-00 00:00:00',NULL),
	(450103,'青秀区',3,450100,NULL,'0000-00-00 00:00:00','0000-00-00 00:00:00',NULL),
	(450105,'江南区',3,450100,NULL,'0000-00-00 00:00:00','0000-00-00 00:00:00',NULL),
	(450107,'西乡塘区',3,450100,NULL,'0000-00-00 00:00:00','0000-00-00 00:00:00',NULL),
	(450108,'良庆区',3,450100,NULL,'0000-00-00 00:00:00','0000-00-00 00:00:00',NULL),
	(450109,'邕宁区',3,450100,NULL,'0000-00-00 00:00:00','0000-00-00 00:00:00',NULL),
	(450122,'武鸣县',3,450100,NULL,'0000-00-00 00:00:00','0000-00-00 00:00:00',NULL),
	(450123,'隆安县',3,450100,NULL,'0000-00-00 00:00:00','0000-00-00 00:00:00',NULL),
	(450124,'马山县',3,450100,NULL,'0000-00-00 00:00:00','0000-00-00 00:00:00',NULL),
	(450125,'上林县',3,450100,NULL,'0000-00-00 00:00:00','0000-00-00 00:00:00',NULL),
	(450126,'宾阳县',3,450100,NULL,'0000-00-00 00:00:00','0000-00-00 00:00:00',NULL),
	(450127,'横县',3,450100,NULL,'0000-00-00 00:00:00','0000-00-00 00:00:00',NULL),
	(450200,'柳州市',2,450000,NULL,'0000-00-00 00:00:00','0000-00-00 00:00:00',NULL),
	(450201,'市辖区',3,450200,NULL,'0000-00-00 00:00:00','0000-00-00 00:00:00',NULL),
	(450202,'城中区',3,450200,NULL,'0000-00-00 00:00:00','0000-00-00 00:00:00',NULL),
	(450203,'鱼峰区',3,450200,NULL,'0000-00-00 00:00:00','0000-00-00 00:00:00',NULL),
	(450204,'柳南区',3,450200,NULL,'0000-00-00 00:00:00','0000-00-00 00:00:00',NULL),
	(450205,'柳北区',3,450200,NULL,'0000-00-00 00:00:00','0000-00-00 00:00:00',NULL),
	(450221,'柳江县',3,450200,NULL,'0000-00-00 00:00:00','0000-00-00 00:00:00',NULL),
	(450222,'柳城县',3,450200,NULL,'0000-00-00 00:00:00','0000-00-00 00:00:00',NULL),
	(450223,'鹿寨县',3,450200,NULL,'0000-00-00 00:00:00','0000-00-00 00:00:00',NULL),
	(450224,'融安县',3,450200,NULL,'0000-00-00 00:00:00','0000-00-00 00:00:00',NULL),
	(450225,'融水苗族自治县',3,450200,NULL,'0000-00-00 00:00:00','0000-00-00 00:00:00',NULL),
	(450226,'三江侗族自治县',3,450200,NULL,'0000-00-00 00:00:00','0000-00-00 00:00:00',NULL),
	(450300,'桂林市',2,450000,NULL,'0000-00-00 00:00:00','0000-00-00 00:00:00',NULL),
	(450301,'市辖区',3,450300,NULL,'0000-00-00 00:00:00','0000-00-00 00:00:00',NULL),
	(450302,'秀峰区',3,450300,NULL,'0000-00-00 00:00:00','0000-00-00 00:00:00',NULL),
	(450303,'叠彩区',3,450300,NULL,'0000-00-00 00:00:00','0000-00-00 00:00:00',NULL),
	(450304,'象山区',3,450300,NULL,'0000-00-00 00:00:00','0000-00-00 00:00:00',NULL),
	(450305,'七星区',3,450300,NULL,'0000-00-00 00:00:00','0000-00-00 00:00:00',NULL),
	(450311,'雁山区',3,450300,NULL,'0000-00-00 00:00:00','0000-00-00 00:00:00',NULL),
	(450321,'阳朔县',3,450300,NULL,'0000-00-00 00:00:00','0000-00-00 00:00:00',NULL),
	(450322,'临桂县',3,450300,NULL,'0000-00-00 00:00:00','0000-00-00 00:00:00',NULL),
	(450323,'灵川县',3,450300,NULL,'0000-00-00 00:00:00','0000-00-00 00:00:00',NULL),
	(450324,'全州县',3,450300,NULL,'0000-00-00 00:00:00','0000-00-00 00:00:00',NULL),
	(450325,'兴安县',3,450300,NULL,'0000-00-00 00:00:00','0000-00-00 00:00:00',NULL),
	(450326,'永福县',3,450300,NULL,'0000-00-00 00:00:00','0000-00-00 00:00:00',NULL),
	(450327,'灌阳县',3,450300,NULL,'0000-00-00 00:00:00','0000-00-00 00:00:00',NULL),
	(450328,'龙胜各族自治县',3,450300,NULL,'0000-00-00 00:00:00','0000-00-00 00:00:00',NULL),
	(450329,'资源县',3,450300,NULL,'0000-00-00 00:00:00','0000-00-00 00:00:00',NULL),
	(450330,'平乐县',3,450300,NULL,'0000-00-00 00:00:00','0000-00-00 00:00:00',NULL),
	(450331,'荔浦县',3,450300,NULL,'0000-00-00 00:00:00','0000-00-00 00:00:00',NULL),
	(450332,'恭城瑶族自治县',3,450300,NULL,'0000-00-00 00:00:00','0000-00-00 00:00:00',NULL),
	(450400,'梧州市',2,450000,NULL,'0000-00-00 00:00:00','0000-00-00 00:00:00',NULL),
	(450401,'市辖区',3,450400,NULL,'0000-00-00 00:00:00','0000-00-00 00:00:00',NULL),
	(450403,'万秀区',3,450400,NULL,'0000-00-00 00:00:00','0000-00-00 00:00:00',NULL),
	(450404,'蝶山区',3,450400,NULL,'0000-00-00 00:00:00','0000-00-00 00:00:00',NULL),
	(450405,'长洲区',3,450400,NULL,'0000-00-00 00:00:00','0000-00-00 00:00:00',NULL),
	(450421,'苍梧县',3,450400,NULL,'0000-00-00 00:00:00','0000-00-00 00:00:00',NULL),
	(450422,'藤县',3,450400,NULL,'0000-00-00 00:00:00','0000-00-00 00:00:00',NULL),
	(450423,'蒙山县',3,450400,NULL,'0000-00-00 00:00:00','0000-00-00 00:00:00',NULL),
	(450481,'岑溪市',3,450400,NULL,'0000-00-00 00:00:00','0000-00-00 00:00:00',NULL),
	(450500,'北海市',2,450000,NULL,'0000-00-00 00:00:00','0000-00-00 00:00:00',NULL),
	(450501,'市辖区',3,450500,NULL,'0000-00-00 00:00:00','0000-00-00 00:00:00',NULL),
	(450502,'海城区',3,450500,NULL,'0000-00-00 00:00:00','0000-00-00 00:00:00',NULL),
	(450503,'银海区',3,450500,NULL,'0000-00-00 00:00:00','0000-00-00 00:00:00',NULL),
	(450512,'铁山港区',3,450500,NULL,'0000-00-00 00:00:00','0000-00-00 00:00:00',NULL),
	(450521,'合浦县',3,450500,NULL,'0000-00-00 00:00:00','0000-00-00 00:00:00',NULL),
	(450600,'防城港市',2,450000,NULL,'0000-00-00 00:00:00','0000-00-00 00:00:00',NULL),
	(450601,'市辖区',3,450600,NULL,'0000-00-00 00:00:00','0000-00-00 00:00:00',NULL),
	(450602,'港口区',3,450600,NULL,'0000-00-00 00:00:00','0000-00-00 00:00:00',NULL),
	(450603,'防城区',3,450600,NULL,'0000-00-00 00:00:00','0000-00-00 00:00:00',NULL),
	(450621,'上思县',3,450600,NULL,'0000-00-00 00:00:00','0000-00-00 00:00:00',NULL),
	(450681,'东兴市',3,450600,NULL,'0000-00-00 00:00:00','0000-00-00 00:00:00',NULL),
	(450700,'钦州市',2,450000,NULL,'0000-00-00 00:00:00','0000-00-00 00:00:00',NULL),
	(450701,'市辖区',3,450700,NULL,'0000-00-00 00:00:00','0000-00-00 00:00:00',NULL),
	(450702,'钦南区',3,450700,NULL,'0000-00-00 00:00:00','0000-00-00 00:00:00',NULL),
	(450703,'钦北区',3,450700,NULL,'0000-00-00 00:00:00','0000-00-00 00:00:00',NULL),
	(450721,'灵山县',3,450700,NULL,'0000-00-00 00:00:00','0000-00-00 00:00:00',NULL),
	(450722,'浦北县',3,450700,NULL,'0000-00-00 00:00:00','0000-00-00 00:00:00',NULL),
	(450800,'贵港市',2,450000,NULL,'0000-00-00 00:00:00','0000-00-00 00:00:00',NULL),
	(450801,'市辖区',3,450800,NULL,'0000-00-00 00:00:00','0000-00-00 00:00:00',NULL),
	(450802,'港北区',3,450800,NULL,'0000-00-00 00:00:00','0000-00-00 00:00:00',NULL),
	(450803,'港南区',3,450800,NULL,'0000-00-00 00:00:00','0000-00-00 00:00:00',NULL),
	(450804,'覃塘区',3,450800,NULL,'0000-00-00 00:00:00','0000-00-00 00:00:00',NULL),
	(450821,'平南县',3,450800,NULL,'0000-00-00 00:00:00','0000-00-00 00:00:00',NULL),
	(450881,'桂平市',3,450800,NULL,'0000-00-00 00:00:00','0000-00-00 00:00:00',NULL),
	(450900,'玉林市',2,450000,NULL,'0000-00-00 00:00:00','0000-00-00 00:00:00',NULL),
	(450901,'市辖区',3,450900,NULL,'0000-00-00 00:00:00','0000-00-00 00:00:00',NULL),
	(450902,'玉州区',3,450900,NULL,'0000-00-00 00:00:00','0000-00-00 00:00:00',NULL),
	(450921,'容县',3,450900,NULL,'0000-00-00 00:00:00','0000-00-00 00:00:00',NULL),
	(450922,'陆川县',3,450900,NULL,'0000-00-00 00:00:00','0000-00-00 00:00:00',NULL),
	(450923,'博白县',3,450900,NULL,'0000-00-00 00:00:00','0000-00-00 00:00:00',NULL),
	(450924,'兴业县',3,450900,NULL,'0000-00-00 00:00:00','0000-00-00 00:00:00',NULL),
	(450981,'北流市',3,450900,NULL,'0000-00-00 00:00:00','0000-00-00 00:00:00',NULL),
	(451000,'百色市',2,450000,NULL,'0000-00-00 00:00:00','0000-00-00 00:00:00',NULL),
	(451001,'市辖区',3,451000,NULL,'0000-00-00 00:00:00','0000-00-00 00:00:00',NULL),
	(451002,'右江区',3,451000,NULL,'0000-00-00 00:00:00','0000-00-00 00:00:00',NULL),
	(451021,'田阳县',3,451000,NULL,'0000-00-00 00:00:00','0000-00-00 00:00:00',NULL),
	(451022,'田东县',3,451000,NULL,'0000-00-00 00:00:00','0000-00-00 00:00:00',NULL),
	(451023,'平果县',3,451000,NULL,'0000-00-00 00:00:00','0000-00-00 00:00:00',NULL),
	(451024,'德保县',3,451000,NULL,'0000-00-00 00:00:00','0000-00-00 00:00:00',NULL),
	(451025,'靖西县',3,451000,NULL,'0000-00-00 00:00:00','0000-00-00 00:00:00',NULL),
	(451026,'那坡县',3,451000,NULL,'0000-00-00 00:00:00','0000-00-00 00:00:00',NULL),
	(451027,'凌云县',3,451000,NULL,'0000-00-00 00:00:00','0000-00-00 00:00:00',NULL),
	(451028,'乐业县',3,451000,NULL,'0000-00-00 00:00:00','0000-00-00 00:00:00',NULL),
	(451029,'田林县',3,451000,NULL,'0000-00-00 00:00:00','0000-00-00 00:00:00',NULL),
	(451030,'西林县',3,451000,NULL,'0000-00-00 00:00:00','0000-00-00 00:00:00',NULL),
	(451031,'隆林各族自治县',3,451000,NULL,'0000-00-00 00:00:00','0000-00-00 00:00:00',NULL),
	(451100,'贺州市',2,450000,NULL,'0000-00-00 00:00:00','0000-00-00 00:00:00',NULL),
	(451101,'市辖区',3,451100,NULL,'0000-00-00 00:00:00','0000-00-00 00:00:00',NULL),
	(451102,'八步区',3,451100,NULL,'0000-00-00 00:00:00','0000-00-00 00:00:00',NULL),
	(451121,'昭平县',3,451100,NULL,'0000-00-00 00:00:00','0000-00-00 00:00:00',NULL),
	(451122,'钟山县',3,451100,NULL,'0000-00-00 00:00:00','0000-00-00 00:00:00',NULL),
	(451123,'富川瑶族自治县',3,451100,NULL,'0000-00-00 00:00:00','0000-00-00 00:00:00',NULL),
	(451200,'河池市',2,450000,NULL,'0000-00-00 00:00:00','0000-00-00 00:00:00',NULL),
	(451201,'市辖区',3,451200,NULL,'0000-00-00 00:00:00','0000-00-00 00:00:00',NULL),
	(451202,'金城江区',3,451200,NULL,'0000-00-00 00:00:00','0000-00-00 00:00:00',NULL),
	(451221,'南丹县',3,451200,NULL,'0000-00-00 00:00:00','0000-00-00 00:00:00',NULL),
	(451222,'天峨县',3,451200,NULL,'0000-00-00 00:00:00','0000-00-00 00:00:00',NULL),
	(451223,'凤山县',3,451200,NULL,'0000-00-00 00:00:00','0000-00-00 00:00:00',NULL),
	(451224,'东兰县',3,451200,NULL,'0000-00-00 00:00:00','0000-00-00 00:00:00',NULL),
	(451225,'罗城仫佬族自治县',3,451200,NULL,'0000-00-00 00:00:00','0000-00-00 00:00:00',NULL),
	(451226,'环江毛南族自治县',3,451200,NULL,'0000-00-00 00:00:00','0000-00-00 00:00:00',NULL),
	(451227,'巴马瑶族自治县',3,451200,NULL,'0000-00-00 00:00:00','0000-00-00 00:00:00',NULL),
	(451228,'都安瑶族自治县',3,451200,NULL,'0000-00-00 00:00:00','0000-00-00 00:00:00',NULL),
	(451229,'大化瑶族自治县',3,451200,NULL,'0000-00-00 00:00:00','0000-00-00 00:00:00',NULL),
	(451281,'宜州市',3,451200,NULL,'0000-00-00 00:00:00','0000-00-00 00:00:00',NULL),
	(451300,'来宾市',2,450000,NULL,'0000-00-00 00:00:00','0000-00-00 00:00:00',NULL),
	(451301,'市辖区',3,451300,NULL,'0000-00-00 00:00:00','0000-00-00 00:00:00',NULL),
	(451302,'兴宾区',3,451300,NULL,'0000-00-00 00:00:00','0000-00-00 00:00:00',NULL),
	(451321,'忻城县',3,451300,NULL,'0000-00-00 00:00:00','0000-00-00 00:00:00',NULL),
	(451322,'象州县',3,451300,NULL,'0000-00-00 00:00:00','0000-00-00 00:00:00',NULL),
	(451323,'武宣县',3,451300,NULL,'0000-00-00 00:00:00','0000-00-00 00:00:00',NULL),
	(451324,'金秀瑶族自治县',3,451300,NULL,'0000-00-00 00:00:00','0000-00-00 00:00:00',NULL),
	(451381,'合山市',3,451300,NULL,'0000-00-00 00:00:00','0000-00-00 00:00:00',NULL),
	(451400,'崇左市',2,450000,NULL,'0000-00-00 00:00:00','0000-00-00 00:00:00',NULL),
	(451401,'市辖区',3,451400,NULL,'0000-00-00 00:00:00','0000-00-00 00:00:00',NULL),
	(451402,'江洲区',3,451400,NULL,'0000-00-00 00:00:00','0000-00-00 00:00:00',NULL),
	(451421,'扶绥县',3,451400,NULL,'0000-00-00 00:00:00','0000-00-00 00:00:00',NULL),
	(451422,'宁明县',3,451400,NULL,'0000-00-00 00:00:00','0000-00-00 00:00:00',NULL),
	(451423,'龙州县',3,451400,NULL,'0000-00-00 00:00:00','0000-00-00 00:00:00',NULL),
	(451424,'大新县',3,451400,NULL,'0000-00-00 00:00:00','0000-00-00 00:00:00',NULL),
	(451425,'天等县',3,451400,NULL,'0000-00-00 00:00:00','0000-00-00 00:00:00',NULL),
	(451481,'凭祥市',3,451400,NULL,'0000-00-00 00:00:00','0000-00-00 00:00:00',NULL),
	(460000,'海南省',1,0,NULL,'0000-00-00 00:00:00','0000-00-00 00:00:00',NULL),
	(460100,'海口市',2,460000,NULL,'0000-00-00 00:00:00','0000-00-00 00:00:00',NULL),
	(460101,'市辖区',3,460100,NULL,'0000-00-00 00:00:00','0000-00-00 00:00:00',NULL),
	(460105,'秀英区',3,460100,NULL,'0000-00-00 00:00:00','0000-00-00 00:00:00',NULL),
	(460106,'龙华区',3,460100,NULL,'0000-00-00 00:00:00','0000-00-00 00:00:00',NULL),
	(460107,'琼山区',3,460100,NULL,'0000-00-00 00:00:00','0000-00-00 00:00:00',NULL),
	(460108,'美兰区',3,460100,NULL,'0000-00-00 00:00:00','0000-00-00 00:00:00',NULL),
	(460200,'三亚市',2,460000,NULL,'0000-00-00 00:00:00','0000-00-00 00:00:00',NULL),
	(460201,'市辖区',3,460200,NULL,'0000-00-00 00:00:00','0000-00-00 00:00:00',NULL),
	(460300,'三沙市',2,460000,NULL,'0000-00-00 00:00:00','0000-00-00 00:00:00',NULL),
	(460321,'西沙群岛',3,460300,NULL,'0000-00-00 00:00:00','0000-00-00 00:00:00',NULL),
	(460322,'南沙群岛',3,460300,NULL,'0000-00-00 00:00:00','0000-00-00 00:00:00',NULL),
	(460323,'中沙群岛的岛礁及其海域',3,460300,NULL,'0000-00-00 00:00:00','0000-00-00 00:00:00',NULL),
	(469000,'省直辖县级行政区划',2,460000,NULL,'0000-00-00 00:00:00','0000-00-00 00:00:00',NULL),
	(469001,'五指山市',3,469000,NULL,'0000-00-00 00:00:00','0000-00-00 00:00:00',NULL),
	(469002,'琼海市',3,469000,NULL,'0000-00-00 00:00:00','0000-00-00 00:00:00',NULL),
	(469003,'儋州市',3,469000,NULL,'0000-00-00 00:00:00','0000-00-00 00:00:00',NULL),
	(469005,'文昌市',3,469000,NULL,'0000-00-00 00:00:00','0000-00-00 00:00:00',NULL),
	(469006,'万宁市',3,469000,NULL,'0000-00-00 00:00:00','0000-00-00 00:00:00',NULL),
	(469007,'东方市',3,469000,NULL,'0000-00-00 00:00:00','0000-00-00 00:00:00',NULL),
	(469021,'定安县',3,469000,NULL,'0000-00-00 00:00:00','0000-00-00 00:00:00',NULL),
	(469022,'屯昌县',3,469000,NULL,'0000-00-00 00:00:00','0000-00-00 00:00:00',NULL),
	(469023,'澄迈县',3,469000,NULL,'0000-00-00 00:00:00','0000-00-00 00:00:00',NULL),
	(469024,'临高县',3,469000,NULL,'0000-00-00 00:00:00','0000-00-00 00:00:00',NULL),
	(469025,'白沙黎族自治县',3,469000,NULL,'0000-00-00 00:00:00','0000-00-00 00:00:00',NULL),
	(469026,'昌江黎族自治县',3,469000,NULL,'0000-00-00 00:00:00','0000-00-00 00:00:00',NULL),
	(469027,'乐东黎族自治县',3,469000,NULL,'0000-00-00 00:00:00','0000-00-00 00:00:00',NULL),
	(469028,'陵水黎族自治县',3,469000,NULL,'0000-00-00 00:00:00','0000-00-00 00:00:00',NULL),
	(469029,'保亭黎族苗族自治县',3,469000,NULL,'0000-00-00 00:00:00','0000-00-00 00:00:00',NULL),
	(469030,'琼中黎族苗族自治县',3,469000,NULL,'0000-00-00 00:00:00','0000-00-00 00:00:00',NULL),
	(500000,'重庆市',1,0,NULL,'0000-00-00 00:00:00','0000-00-00 00:00:00',NULL),
	(500100,'市辖区',2,500000,NULL,'0000-00-00 00:00:00','0000-00-00 00:00:00',NULL),
	(500101,'万州区',3,500100,NULL,'0000-00-00 00:00:00','0000-00-00 00:00:00',NULL),
	(500102,'涪陵区',3,500100,NULL,'0000-00-00 00:00:00','0000-00-00 00:00:00',NULL),
	(500103,'渝中区',3,500100,NULL,'0000-00-00 00:00:00','0000-00-00 00:00:00',NULL),
	(500104,'大渡口区',3,500100,NULL,'0000-00-00 00:00:00','0000-00-00 00:00:00',NULL),
	(500105,'江北区',3,500100,NULL,'0000-00-00 00:00:00','0000-00-00 00:00:00',NULL),
	(500106,'沙坪坝区',3,500100,NULL,'0000-00-00 00:00:00','0000-00-00 00:00:00',NULL),
	(500107,'九龙坡区',3,500100,NULL,'0000-00-00 00:00:00','0000-00-00 00:00:00',NULL),
	(500108,'南岸区',3,500100,NULL,'0000-00-00 00:00:00','0000-00-00 00:00:00',NULL),
	(500109,'北碚区',3,500100,NULL,'0000-00-00 00:00:00','0000-00-00 00:00:00',NULL),
	(500110,'綦江区',3,500100,NULL,'0000-00-00 00:00:00','0000-00-00 00:00:00',NULL),
	(500111,'大足区',3,500100,NULL,'0000-00-00 00:00:00','0000-00-00 00:00:00',NULL),
	(500112,'渝北区',3,500100,NULL,'0000-00-00 00:00:00','0000-00-00 00:00:00',NULL),
	(500113,'巴南区',3,500100,NULL,'0000-00-00 00:00:00','0000-00-00 00:00:00',NULL),
	(500114,'黔江区',3,500100,NULL,'0000-00-00 00:00:00','0000-00-00 00:00:00',NULL),
	(500115,'长寿区',3,500100,NULL,'0000-00-00 00:00:00','0000-00-00 00:00:00',NULL),
	(500116,'江津区',3,500100,NULL,'0000-00-00 00:00:00','0000-00-00 00:00:00',NULL),
	(500117,'合川区',3,500100,NULL,'0000-00-00 00:00:00','0000-00-00 00:00:00',NULL),
	(500118,'永川区',3,500100,NULL,'0000-00-00 00:00:00','0000-00-00 00:00:00',NULL),
	(500119,'南川区',3,500100,NULL,'0000-00-00 00:00:00','0000-00-00 00:00:00',NULL),
	(500200,'县',2,500000,NULL,'0000-00-00 00:00:00','0000-00-00 00:00:00',NULL),
	(500223,'潼南县',3,500200,NULL,'0000-00-00 00:00:00','0000-00-00 00:00:00',NULL),
	(500224,'铜梁县',3,500200,NULL,'0000-00-00 00:00:00','0000-00-00 00:00:00',NULL),
	(500226,'荣昌县',3,500200,NULL,'0000-00-00 00:00:00','0000-00-00 00:00:00',NULL),
	(500227,'璧山县',3,500200,NULL,'0000-00-00 00:00:00','0000-00-00 00:00:00',NULL),
	(500228,'梁平县',3,500200,NULL,'0000-00-00 00:00:00','0000-00-00 00:00:00',NULL),
	(500229,'城口县',3,500200,NULL,'0000-00-00 00:00:00','0000-00-00 00:00:00',NULL),
	(500230,'丰都县',3,500200,NULL,'0000-00-00 00:00:00','0000-00-00 00:00:00',NULL),
	(500231,'垫江县',3,500200,NULL,'0000-00-00 00:00:00','0000-00-00 00:00:00',NULL),
	(500232,'武隆县',3,500200,NULL,'0000-00-00 00:00:00','0000-00-00 00:00:00',NULL),
	(500233,'忠县',3,500200,NULL,'0000-00-00 00:00:00','0000-00-00 00:00:00',NULL),
	(500234,'开县',3,500200,NULL,'0000-00-00 00:00:00','0000-00-00 00:00:00',NULL),
	(500235,'云阳县',3,500200,NULL,'0000-00-00 00:00:00','0000-00-00 00:00:00',NULL),
	(500236,'奉节县',3,500200,NULL,'0000-00-00 00:00:00','0000-00-00 00:00:00',NULL),
	(500237,'巫山县',3,500200,NULL,'0000-00-00 00:00:00','0000-00-00 00:00:00',NULL),
	(500238,'巫溪县',3,500200,NULL,'0000-00-00 00:00:00','0000-00-00 00:00:00',NULL),
	(500240,'石柱土家族自治县',3,500200,NULL,'0000-00-00 00:00:00','0000-00-00 00:00:00',NULL),
	(500241,'秀山土家族苗族自治县',3,500200,NULL,'0000-00-00 00:00:00','0000-00-00 00:00:00',NULL),
	(500242,'酉阳土家族苗族自治县',3,500200,NULL,'0000-00-00 00:00:00','0000-00-00 00:00:00',NULL),
	(500243,'彭水苗族土家族自治县',3,500200,NULL,'0000-00-00 00:00:00','0000-00-00 00:00:00',NULL),
	(510000,'四川省',1,0,NULL,'0000-00-00 00:00:00','0000-00-00 00:00:00',NULL),
	(510100,'成都市',2,510000,NULL,'0000-00-00 00:00:00','0000-00-00 00:00:00',NULL),
	(510101,'市辖区',3,510100,NULL,'0000-00-00 00:00:00','0000-00-00 00:00:00',NULL),
	(510104,'锦江区',3,510100,NULL,'0000-00-00 00:00:00','0000-00-00 00:00:00',NULL),
	(510105,'青羊区',3,510100,NULL,'0000-00-00 00:00:00','0000-00-00 00:00:00',NULL),
	(510106,'金牛区',3,510100,NULL,'0000-00-00 00:00:00','0000-00-00 00:00:00',NULL),
	(510107,'武侯区',3,510100,NULL,'0000-00-00 00:00:00','0000-00-00 00:00:00',NULL),
	(510108,'成华区',3,510100,NULL,'0000-00-00 00:00:00','0000-00-00 00:00:00',NULL),
	(510112,'龙泉驿区',3,510100,NULL,'0000-00-00 00:00:00','0000-00-00 00:00:00',NULL),
	(510113,'青白江区',3,510100,NULL,'0000-00-00 00:00:00','0000-00-00 00:00:00',NULL),
	(510114,'新都区',3,510100,NULL,'0000-00-00 00:00:00','0000-00-00 00:00:00',NULL),
	(510115,'温江区',3,510100,NULL,'0000-00-00 00:00:00','0000-00-00 00:00:00',NULL),
	(510121,'金堂县',3,510100,NULL,'0000-00-00 00:00:00','0000-00-00 00:00:00',NULL),
	(510122,'双流县',3,510100,NULL,'0000-00-00 00:00:00','0000-00-00 00:00:00',NULL),
	(510124,'郫县',3,510100,NULL,'0000-00-00 00:00:00','0000-00-00 00:00:00',NULL),
	(510129,'大邑县',3,510100,NULL,'0000-00-00 00:00:00','0000-00-00 00:00:00',NULL),
	(510131,'蒲江县',3,510100,NULL,'0000-00-00 00:00:00','0000-00-00 00:00:00',NULL),
	(510132,'新津县',3,510100,NULL,'0000-00-00 00:00:00','0000-00-00 00:00:00',NULL),
	(510181,'都江堰市',3,510100,NULL,'0000-00-00 00:00:00','0000-00-00 00:00:00',NULL),
	(510182,'彭州市',3,510100,NULL,'0000-00-00 00:00:00','0000-00-00 00:00:00',NULL),
	(510183,'邛崃市',3,510100,NULL,'0000-00-00 00:00:00','0000-00-00 00:00:00',NULL),
	(510184,'崇州市',3,510100,NULL,'0000-00-00 00:00:00','0000-00-00 00:00:00',NULL),
	(510300,'自贡市',2,510000,NULL,'0000-00-00 00:00:00','0000-00-00 00:00:00',NULL),
	(510301,'市辖区',3,510300,NULL,'0000-00-00 00:00:00','0000-00-00 00:00:00',NULL),
	(510302,'自流井区',3,510300,NULL,'0000-00-00 00:00:00','0000-00-00 00:00:00',NULL),
	(510303,'贡井区',3,510300,NULL,'0000-00-00 00:00:00','0000-00-00 00:00:00',NULL),
	(510304,'大安区',3,510300,NULL,'0000-00-00 00:00:00','0000-00-00 00:00:00',NULL),
	(510311,'沿滩区',3,510300,NULL,'0000-00-00 00:00:00','0000-00-00 00:00:00',NULL),
	(510321,'荣县',3,510300,NULL,'0000-00-00 00:00:00','0000-00-00 00:00:00',NULL),
	(510322,'富顺县',3,510300,NULL,'0000-00-00 00:00:00','0000-00-00 00:00:00',NULL),
	(510400,'攀枝花市',2,510000,NULL,'0000-00-00 00:00:00','0000-00-00 00:00:00',NULL),
	(510401,'市辖区',3,510400,NULL,'0000-00-00 00:00:00','0000-00-00 00:00:00',NULL),
	(510402,'东区',3,510400,NULL,'0000-00-00 00:00:00','0000-00-00 00:00:00',NULL),
	(510403,'西区',3,510400,NULL,'0000-00-00 00:00:00','0000-00-00 00:00:00',NULL),
	(510411,'仁和区',3,510400,NULL,'0000-00-00 00:00:00','0000-00-00 00:00:00',NULL),
	(510421,'米易县',3,510400,NULL,'0000-00-00 00:00:00','0000-00-00 00:00:00',NULL),
	(510422,'盐边县',3,510400,NULL,'0000-00-00 00:00:00','0000-00-00 00:00:00',NULL),
	(510500,'泸州市',2,510000,NULL,'0000-00-00 00:00:00','0000-00-00 00:00:00',NULL),
	(510501,'市辖区',3,510500,NULL,'0000-00-00 00:00:00','0000-00-00 00:00:00',NULL),
	(510502,'江阳区',3,510500,NULL,'0000-00-00 00:00:00','0000-00-00 00:00:00',NULL),
	(510503,'纳溪区',3,510500,NULL,'0000-00-00 00:00:00','0000-00-00 00:00:00',NULL),
	(510504,'龙马潭区',3,510500,NULL,'0000-00-00 00:00:00','0000-00-00 00:00:00',NULL),
	(510521,'泸县',3,510500,NULL,'0000-00-00 00:00:00','0000-00-00 00:00:00',NULL),
	(510522,'合江县',3,510500,NULL,'0000-00-00 00:00:00','0000-00-00 00:00:00',NULL),
	(510524,'叙永县',3,510500,NULL,'0000-00-00 00:00:00','0000-00-00 00:00:00',NULL),
	(510525,'古蔺县',3,510500,NULL,'0000-00-00 00:00:00','0000-00-00 00:00:00',NULL),
	(510600,'德阳市',2,510000,NULL,'0000-00-00 00:00:00','0000-00-00 00:00:00',NULL),
	(510601,'市辖区',3,510600,NULL,'0000-00-00 00:00:00','0000-00-00 00:00:00',NULL),
	(510603,'旌阳区',3,510600,NULL,'0000-00-00 00:00:00','0000-00-00 00:00:00',NULL),
	(510623,'中江县',3,510600,NULL,'0000-00-00 00:00:00','0000-00-00 00:00:00',NULL),
	(510626,'罗江县',3,510600,NULL,'0000-00-00 00:00:00','0000-00-00 00:00:00',NULL),
	(510681,'广汉市',3,510600,NULL,'0000-00-00 00:00:00','0000-00-00 00:00:00',NULL),
	(510682,'什邡市',3,510600,NULL,'0000-00-00 00:00:00','0000-00-00 00:00:00',NULL),
	(510683,'绵竹市',3,510600,NULL,'0000-00-00 00:00:00','0000-00-00 00:00:00',NULL),
	(510700,'绵阳市',2,510000,NULL,'0000-00-00 00:00:00','0000-00-00 00:00:00',NULL),
	(510701,'市辖区',3,510700,NULL,'0000-00-00 00:00:00','0000-00-00 00:00:00',NULL),
	(510703,'涪城区',3,510700,NULL,'0000-00-00 00:00:00','0000-00-00 00:00:00',NULL),
	(510704,'游仙区',3,510700,NULL,'0000-00-00 00:00:00','0000-00-00 00:00:00',NULL),
	(510722,'三台县',3,510700,NULL,'0000-00-00 00:00:00','0000-00-00 00:00:00',NULL),
	(510723,'盐亭县',3,510700,NULL,'0000-00-00 00:00:00','0000-00-00 00:00:00',NULL),
	(510724,'安县',3,510700,NULL,'0000-00-00 00:00:00','0000-00-00 00:00:00',NULL),
	(510725,'梓潼县',3,510700,NULL,'0000-00-00 00:00:00','0000-00-00 00:00:00',NULL),
	(510726,'北川羌族自治县',3,510700,NULL,'0000-00-00 00:00:00','0000-00-00 00:00:00',NULL),
	(510727,'平武县',3,510700,NULL,'0000-00-00 00:00:00','0000-00-00 00:00:00',NULL),
	(510781,'江油市',3,510700,NULL,'0000-00-00 00:00:00','0000-00-00 00:00:00',NULL),
	(510800,'广元市',2,510000,NULL,'0000-00-00 00:00:00','0000-00-00 00:00:00',NULL),
	(510801,'市辖区',3,510800,NULL,'0000-00-00 00:00:00','0000-00-00 00:00:00',NULL),
	(510802,'利州区',3,510800,NULL,'0000-00-00 00:00:00','0000-00-00 00:00:00',NULL),
	(510811,'元坝区',3,510800,NULL,'0000-00-00 00:00:00','0000-00-00 00:00:00',NULL),
	(510812,'朝天区',3,510800,NULL,'0000-00-00 00:00:00','0000-00-00 00:00:00',NULL),
	(510821,'旺苍县',3,510800,NULL,'0000-00-00 00:00:00','0000-00-00 00:00:00',NULL),
	(510822,'青川县',3,510800,NULL,'0000-00-00 00:00:00','0000-00-00 00:00:00',NULL),
	(510823,'剑阁县',3,510800,NULL,'0000-00-00 00:00:00','0000-00-00 00:00:00',NULL),
	(510824,'苍溪县',3,510800,NULL,'0000-00-00 00:00:00','0000-00-00 00:00:00',NULL),
	(510900,'遂宁市',2,510000,NULL,'0000-00-00 00:00:00','0000-00-00 00:00:00',NULL),
	(510901,'市辖区',3,510900,NULL,'0000-00-00 00:00:00','0000-00-00 00:00:00',NULL),
	(510903,'船山区',3,510900,NULL,'0000-00-00 00:00:00','0000-00-00 00:00:00',NULL),
	(510904,'安居区',3,510900,NULL,'0000-00-00 00:00:00','0000-00-00 00:00:00',NULL),
	(510921,'蓬溪县',3,510900,NULL,'0000-00-00 00:00:00','0000-00-00 00:00:00',NULL),
	(510922,'射洪县',3,510900,NULL,'0000-00-00 00:00:00','0000-00-00 00:00:00',NULL),
	(510923,'大英县',3,510900,NULL,'0000-00-00 00:00:00','0000-00-00 00:00:00',NULL),
	(511000,'内江市',2,510000,NULL,'0000-00-00 00:00:00','0000-00-00 00:00:00',NULL),
	(511001,'市辖区',3,511000,NULL,'0000-00-00 00:00:00','0000-00-00 00:00:00',NULL),
	(511002,'市中区',3,511000,NULL,'0000-00-00 00:00:00','0000-00-00 00:00:00',NULL),
	(511011,'东兴区',3,511000,NULL,'0000-00-00 00:00:00','0000-00-00 00:00:00',NULL),
	(511024,'威远县',3,511000,NULL,'0000-00-00 00:00:00','0000-00-00 00:00:00',NULL),
	(511025,'资中县',3,511000,NULL,'0000-00-00 00:00:00','0000-00-00 00:00:00',NULL),
	(511028,'隆昌县',3,511000,NULL,'0000-00-00 00:00:00','0000-00-00 00:00:00',NULL),
	(511100,'乐山市',2,510000,NULL,'0000-00-00 00:00:00','0000-00-00 00:00:00',NULL),
	(511101,'市辖区',3,511100,NULL,'0000-00-00 00:00:00','0000-00-00 00:00:00',NULL),
	(511102,'市中区',3,511100,NULL,'0000-00-00 00:00:00','0000-00-00 00:00:00',NULL),
	(511111,'沙湾区',3,511100,NULL,'0000-00-00 00:00:00','0000-00-00 00:00:00',NULL),
	(511112,'五通桥区',3,511100,NULL,'0000-00-00 00:00:00','0000-00-00 00:00:00',NULL),
	(511113,'金口河区',3,511100,NULL,'0000-00-00 00:00:00','0000-00-00 00:00:00',NULL),
	(511123,'犍为县',3,511100,NULL,'0000-00-00 00:00:00','0000-00-00 00:00:00',NULL),
	(511124,'井研县',3,511100,NULL,'0000-00-00 00:00:00','0000-00-00 00:00:00',NULL),
	(511126,'夹江县',3,511100,NULL,'0000-00-00 00:00:00','0000-00-00 00:00:00',NULL),
	(511129,'沐川县',3,511100,NULL,'0000-00-00 00:00:00','0000-00-00 00:00:00',NULL),
	(511132,'峨边彝族自治县',3,511100,NULL,'0000-00-00 00:00:00','0000-00-00 00:00:00',NULL),
	(511133,'马边彝族自治县',3,511100,NULL,'0000-00-00 00:00:00','0000-00-00 00:00:00',NULL),
	(511181,'峨眉山市',3,511100,NULL,'0000-00-00 00:00:00','0000-00-00 00:00:00',NULL),
	(511300,'南充市',2,510000,NULL,'0000-00-00 00:00:00','0000-00-00 00:00:00',NULL),
	(511301,'市辖区',3,511300,NULL,'0000-00-00 00:00:00','0000-00-00 00:00:00',NULL),
	(511302,'顺庆区',3,511300,NULL,'0000-00-00 00:00:00','0000-00-00 00:00:00',NULL),
	(511303,'高坪区',3,511300,NULL,'0000-00-00 00:00:00','0000-00-00 00:00:00',NULL),
	(511304,'嘉陵区',3,511300,NULL,'0000-00-00 00:00:00','0000-00-00 00:00:00',NULL),
	(511321,'南部县',3,511300,NULL,'0000-00-00 00:00:00','0000-00-00 00:00:00',NULL),
	(511322,'营山县',3,511300,NULL,'0000-00-00 00:00:00','0000-00-00 00:00:00',NULL),
	(511323,'蓬安县',3,511300,NULL,'0000-00-00 00:00:00','0000-00-00 00:00:00',NULL),
	(511324,'仪陇县',3,511300,NULL,'0000-00-00 00:00:00','0000-00-00 00:00:00',NULL),
	(511325,'西充县',3,511300,NULL,'0000-00-00 00:00:00','0000-00-00 00:00:00',NULL),
	(511381,'阆中市',3,511300,NULL,'0000-00-00 00:00:00','0000-00-00 00:00:00',NULL),
	(511400,'眉山市',2,510000,NULL,'0000-00-00 00:00:00','0000-00-00 00:00:00',NULL),
	(511401,'市辖区',3,511400,NULL,'0000-00-00 00:00:00','0000-00-00 00:00:00',NULL),
	(511402,'东坡区',3,511400,NULL,'0000-00-00 00:00:00','0000-00-00 00:00:00',NULL),
	(511421,'仁寿县',3,511400,NULL,'0000-00-00 00:00:00','0000-00-00 00:00:00',NULL),
	(511422,'彭山县',3,511400,NULL,'0000-00-00 00:00:00','0000-00-00 00:00:00',NULL),
	(511423,'洪雅县',3,511400,NULL,'0000-00-00 00:00:00','0000-00-00 00:00:00',NULL),
	(511424,'丹棱县',3,511400,NULL,'0000-00-00 00:00:00','0000-00-00 00:00:00',NULL),
	(511425,'青神县',3,511400,NULL,'0000-00-00 00:00:00','0000-00-00 00:00:00',NULL),
	(511500,'宜宾市',2,510000,NULL,'0000-00-00 00:00:00','0000-00-00 00:00:00',NULL),
	(511501,'市辖区',3,511500,NULL,'0000-00-00 00:00:00','0000-00-00 00:00:00',NULL),
	(511502,'翠屏区',3,511500,NULL,'0000-00-00 00:00:00','0000-00-00 00:00:00',NULL),
	(511503,'南溪区',3,511500,NULL,'0000-00-00 00:00:00','0000-00-00 00:00:00',NULL),
	(511521,'宜宾县',3,511500,NULL,'0000-00-00 00:00:00','0000-00-00 00:00:00',NULL),
	(511523,'江安县',3,511500,NULL,'0000-00-00 00:00:00','0000-00-00 00:00:00',NULL),
	(511524,'长宁县',3,511500,NULL,'0000-00-00 00:00:00','0000-00-00 00:00:00',NULL),
	(511525,'高县',3,511500,NULL,'0000-00-00 00:00:00','0000-00-00 00:00:00',NULL),
	(511526,'珙县',3,511500,NULL,'0000-00-00 00:00:00','0000-00-00 00:00:00',NULL),
	(511527,'筠连县',3,511500,NULL,'0000-00-00 00:00:00','0000-00-00 00:00:00',NULL),
	(511528,'兴文县',3,511500,NULL,'0000-00-00 00:00:00','0000-00-00 00:00:00',NULL),
	(511529,'屏山县',3,511500,NULL,'0000-00-00 00:00:00','0000-00-00 00:00:00',NULL),
	(511600,'广安市',2,510000,NULL,'0000-00-00 00:00:00','0000-00-00 00:00:00',NULL),
	(511601,'市辖区',3,511600,NULL,'0000-00-00 00:00:00','0000-00-00 00:00:00',NULL),
	(511602,'广安区',3,511600,NULL,'0000-00-00 00:00:00','0000-00-00 00:00:00',NULL),
	(511621,'岳池县',3,511600,NULL,'0000-00-00 00:00:00','0000-00-00 00:00:00',NULL),
	(511622,'武胜县',3,511600,NULL,'0000-00-00 00:00:00','0000-00-00 00:00:00',NULL),
	(511623,'邻水县',3,511600,NULL,'0000-00-00 00:00:00','0000-00-00 00:00:00',NULL),
	(511681,'华蓥市',3,511600,NULL,'0000-00-00 00:00:00','0000-00-00 00:00:00',NULL),
	(511700,'达州市',2,510000,NULL,'0000-00-00 00:00:00','0000-00-00 00:00:00',NULL),
	(511701,'市辖区',3,511700,NULL,'0000-00-00 00:00:00','0000-00-00 00:00:00',NULL),
	(511702,'通川区',3,511700,NULL,'0000-00-00 00:00:00','0000-00-00 00:00:00',NULL),
	(511721,'达县',3,511700,NULL,'0000-00-00 00:00:00','0000-00-00 00:00:00',NULL),
	(511722,'宣汉县',3,511700,NULL,'0000-00-00 00:00:00','0000-00-00 00:00:00',NULL),
	(511723,'开江县',3,511700,NULL,'0000-00-00 00:00:00','0000-00-00 00:00:00',NULL),
	(511724,'大竹县',3,511700,NULL,'0000-00-00 00:00:00','0000-00-00 00:00:00',NULL),
	(511725,'渠县',3,511700,NULL,'0000-00-00 00:00:00','0000-00-00 00:00:00',NULL),
	(511781,'万源市',3,511700,NULL,'0000-00-00 00:00:00','0000-00-00 00:00:00',NULL),
	(511800,'雅安市',2,510000,NULL,'0000-00-00 00:00:00','0000-00-00 00:00:00',NULL),
	(511801,'市辖区',3,511800,NULL,'0000-00-00 00:00:00','0000-00-00 00:00:00',NULL),
	(511802,'雨城区',3,511800,NULL,'0000-00-00 00:00:00','0000-00-00 00:00:00',NULL),
	(511803,'名山区',3,511800,NULL,'0000-00-00 00:00:00','0000-00-00 00:00:00',NULL),
	(511822,'荥经县',3,511800,NULL,'0000-00-00 00:00:00','0000-00-00 00:00:00',NULL),
	(511823,'汉源县',3,511800,NULL,'0000-00-00 00:00:00','0000-00-00 00:00:00',NULL),
	(511824,'石棉县',3,511800,NULL,'0000-00-00 00:00:00','0000-00-00 00:00:00',NULL),
	(511825,'天全县',3,511800,NULL,'0000-00-00 00:00:00','0000-00-00 00:00:00',NULL),
	(511826,'芦山县',3,511800,NULL,'0000-00-00 00:00:00','0000-00-00 00:00:00',NULL),
	(511827,'宝兴县',3,511800,NULL,'0000-00-00 00:00:00','0000-00-00 00:00:00',NULL),
	(511900,'巴中市',2,510000,NULL,'0000-00-00 00:00:00','0000-00-00 00:00:00',NULL),
	(511901,'市辖区',3,511900,NULL,'0000-00-00 00:00:00','0000-00-00 00:00:00',NULL),
	(511902,'巴州区',3,511900,NULL,'0000-00-00 00:00:00','0000-00-00 00:00:00',NULL),
	(511921,'通江县',3,511900,NULL,'0000-00-00 00:00:00','0000-00-00 00:00:00',NULL),
	(511922,'南江县',3,511900,NULL,'0000-00-00 00:00:00','0000-00-00 00:00:00',NULL),
	(511923,'平昌县',3,511900,NULL,'0000-00-00 00:00:00','0000-00-00 00:00:00',NULL),
	(512000,'资阳市',2,510000,NULL,'0000-00-00 00:00:00','0000-00-00 00:00:00',NULL),
	(512001,'市辖区',3,512000,NULL,'0000-00-00 00:00:00','0000-00-00 00:00:00',NULL),
	(512002,'雁江区',3,512000,NULL,'0000-00-00 00:00:00','0000-00-00 00:00:00',NULL),
	(512021,'安岳县',3,512000,NULL,'0000-00-00 00:00:00','0000-00-00 00:00:00',NULL),
	(512022,'乐至县',3,512000,NULL,'0000-00-00 00:00:00','0000-00-00 00:00:00',NULL),
	(512081,'简阳市',3,512000,NULL,'0000-00-00 00:00:00','0000-00-00 00:00:00',NULL),
	(513200,'阿坝藏族羌族自治州',2,510000,NULL,'0000-00-00 00:00:00','0000-00-00 00:00:00',NULL),
	(513221,'汶川县',3,513200,NULL,'0000-00-00 00:00:00','0000-00-00 00:00:00',NULL),
	(513222,'理县',3,513200,NULL,'0000-00-00 00:00:00','0000-00-00 00:00:00',NULL),
	(513223,'茂县',3,513200,NULL,'0000-00-00 00:00:00','0000-00-00 00:00:00',NULL),
	(513224,'松潘县',3,513200,NULL,'0000-00-00 00:00:00','0000-00-00 00:00:00',NULL),
	(513225,'九寨沟县',3,513200,NULL,'0000-00-00 00:00:00','0000-00-00 00:00:00',NULL),
	(513226,'金川县',3,513200,NULL,'0000-00-00 00:00:00','0000-00-00 00:00:00',NULL),
	(513227,'小金县',3,513200,NULL,'0000-00-00 00:00:00','0000-00-00 00:00:00',NULL),
	(513228,'黑水县',3,513200,NULL,'0000-00-00 00:00:00','0000-00-00 00:00:00',NULL),
	(513229,'马尔康县',3,513200,NULL,'0000-00-00 00:00:00','0000-00-00 00:00:00',NULL),
	(513230,'壤塘县',3,513200,NULL,'0000-00-00 00:00:00','0000-00-00 00:00:00',NULL),
	(513231,'阿坝县',3,513200,NULL,'0000-00-00 00:00:00','0000-00-00 00:00:00',NULL),
	(513232,'若尔盖县',3,513200,NULL,'0000-00-00 00:00:00','0000-00-00 00:00:00',NULL),
	(513233,'红原县',3,513200,NULL,'0000-00-00 00:00:00','0000-00-00 00:00:00',NULL),
	(513300,'甘孜藏族自治州',2,510000,NULL,'0000-00-00 00:00:00','0000-00-00 00:00:00',NULL),
	(513321,'康定县',3,513300,NULL,'0000-00-00 00:00:00','0000-00-00 00:00:00',NULL),
	(513322,'泸定县',3,513300,NULL,'0000-00-00 00:00:00','0000-00-00 00:00:00',NULL),
	(513323,'丹巴县',3,513300,NULL,'0000-00-00 00:00:00','0000-00-00 00:00:00',NULL),
	(513324,'九龙县',3,513300,NULL,'0000-00-00 00:00:00','0000-00-00 00:00:00',NULL),
	(513325,'雅江县',3,513300,NULL,'0000-00-00 00:00:00','0000-00-00 00:00:00',NULL),
	(513326,'道孚县',3,513300,NULL,'0000-00-00 00:00:00','0000-00-00 00:00:00',NULL),
	(513327,'炉霍县',3,513300,NULL,'0000-00-00 00:00:00','0000-00-00 00:00:00',NULL),
	(513328,'甘孜县',3,513300,NULL,'0000-00-00 00:00:00','0000-00-00 00:00:00',NULL),
	(513329,'新龙县',3,513300,NULL,'0000-00-00 00:00:00','0000-00-00 00:00:00',NULL),
	(513330,'德格县',3,513300,NULL,'0000-00-00 00:00:00','0000-00-00 00:00:00',NULL),
	(513331,'白玉县',3,513300,NULL,'0000-00-00 00:00:00','0000-00-00 00:00:00',NULL),
	(513332,'石渠县',3,513300,NULL,'0000-00-00 00:00:00','0000-00-00 00:00:00',NULL),
	(513333,'色达县',3,513300,NULL,'0000-00-00 00:00:00','0000-00-00 00:00:00',NULL),
	(513334,'理塘县',3,513300,NULL,'0000-00-00 00:00:00','0000-00-00 00:00:00',NULL),
	(513335,'巴塘县',3,513300,NULL,'0000-00-00 00:00:00','0000-00-00 00:00:00',NULL),
	(513336,'乡城县',3,513300,NULL,'0000-00-00 00:00:00','0000-00-00 00:00:00',NULL),
	(513337,'稻城县',3,513300,NULL,'0000-00-00 00:00:00','0000-00-00 00:00:00',NULL),
	(513338,'得荣县',3,513300,NULL,'0000-00-00 00:00:00','0000-00-00 00:00:00',NULL),
	(513400,'凉山彝族自治州',2,510000,NULL,'0000-00-00 00:00:00','0000-00-00 00:00:00',NULL),
	(513401,'西昌市',3,513400,NULL,'0000-00-00 00:00:00','0000-00-00 00:00:00',NULL),
	(513422,'木里藏族自治县',3,513400,NULL,'0000-00-00 00:00:00','0000-00-00 00:00:00',NULL),
	(513423,'盐源县',3,513400,NULL,'0000-00-00 00:00:00','0000-00-00 00:00:00',NULL),
	(513424,'德昌县',3,513400,NULL,'0000-00-00 00:00:00','0000-00-00 00:00:00',NULL),
	(513425,'会理县',3,513400,NULL,'0000-00-00 00:00:00','0000-00-00 00:00:00',NULL),
	(513426,'会东县',3,513400,NULL,'0000-00-00 00:00:00','0000-00-00 00:00:00',NULL),
	(513427,'宁南县',3,513400,NULL,'0000-00-00 00:00:00','0000-00-00 00:00:00',NULL),
	(513428,'普格县',3,513400,NULL,'0000-00-00 00:00:00','0000-00-00 00:00:00',NULL),
	(513429,'布拖县',3,513400,NULL,'0000-00-00 00:00:00','0000-00-00 00:00:00',NULL),
	(513430,'金阳县',3,513400,NULL,'0000-00-00 00:00:00','0000-00-00 00:00:00',NULL),
	(513431,'昭觉县',3,513400,NULL,'0000-00-00 00:00:00','0000-00-00 00:00:00',NULL),
	(513432,'喜德县',3,513400,NULL,'0000-00-00 00:00:00','0000-00-00 00:00:00',NULL),
	(513433,'冕宁县',3,513400,NULL,'0000-00-00 00:00:00','0000-00-00 00:00:00',NULL),
	(513434,'越西县',3,513400,NULL,'0000-00-00 00:00:00','0000-00-00 00:00:00',NULL),
	(513435,'甘洛县',3,513400,NULL,'0000-00-00 00:00:00','0000-00-00 00:00:00',NULL),
	(513436,'美姑县',3,513400,NULL,'0000-00-00 00:00:00','0000-00-00 00:00:00',NULL),
	(513437,'雷波县',3,513400,NULL,'0000-00-00 00:00:00','0000-00-00 00:00:00',NULL),
	(520000,'贵州省',1,0,NULL,'0000-00-00 00:00:00','0000-00-00 00:00:00',NULL),
	(520100,'贵阳市',2,520000,NULL,'0000-00-00 00:00:00','0000-00-00 00:00:00',NULL),
	(520101,'市辖区',3,520100,NULL,'0000-00-00 00:00:00','0000-00-00 00:00:00',NULL),
	(520102,'南明区',3,520100,NULL,'0000-00-00 00:00:00','0000-00-00 00:00:00',NULL),
	(520103,'云岩区',3,520100,NULL,'0000-00-00 00:00:00','0000-00-00 00:00:00',NULL),
	(520111,'花溪区',3,520100,NULL,'0000-00-00 00:00:00','0000-00-00 00:00:00',NULL),
	(520112,'乌当区',3,520100,NULL,'0000-00-00 00:00:00','0000-00-00 00:00:00',NULL),
	(520113,'白云区',3,520100,NULL,'0000-00-00 00:00:00','0000-00-00 00:00:00',NULL),
	(520114,'小河区',3,520100,NULL,'0000-00-00 00:00:00','0000-00-00 00:00:00',NULL),
	(520121,'开阳县',3,520100,NULL,'0000-00-00 00:00:00','0000-00-00 00:00:00',NULL),
	(520122,'息烽县',3,520100,NULL,'0000-00-00 00:00:00','0000-00-00 00:00:00',NULL),
	(520123,'修文县',3,520100,NULL,'0000-00-00 00:00:00','0000-00-00 00:00:00',NULL),
	(520181,'清镇市',3,520100,NULL,'0000-00-00 00:00:00','0000-00-00 00:00:00',NULL),
	(520200,'六盘水市',2,520000,NULL,'0000-00-00 00:00:00','0000-00-00 00:00:00',NULL),
	(520201,'钟山区',3,520200,NULL,'0000-00-00 00:00:00','0000-00-00 00:00:00',NULL),
	(520203,'六枝特区',3,520200,NULL,'0000-00-00 00:00:00','0000-00-00 00:00:00',NULL),
	(520221,'水城县',3,520200,NULL,'0000-00-00 00:00:00','0000-00-00 00:00:00',NULL),
	(520222,'盘县',3,520200,NULL,'0000-00-00 00:00:00','0000-00-00 00:00:00',NULL),
	(520300,'遵义市',2,520000,NULL,'0000-00-00 00:00:00','0000-00-00 00:00:00',NULL),
	(520301,'市辖区',3,520300,NULL,'0000-00-00 00:00:00','0000-00-00 00:00:00',NULL),
	(520302,'红花岗区',3,520300,NULL,'0000-00-00 00:00:00','0000-00-00 00:00:00',NULL),
	(520303,'汇川区',3,520300,NULL,'0000-00-00 00:00:00','0000-00-00 00:00:00',NULL),
	(520321,'遵义县',3,520300,NULL,'0000-00-00 00:00:00','0000-00-00 00:00:00',NULL),
	(520322,'桐梓县',3,520300,NULL,'0000-00-00 00:00:00','0000-00-00 00:00:00',NULL),
	(520323,'绥阳县',3,520300,NULL,'0000-00-00 00:00:00','0000-00-00 00:00:00',NULL),
	(520324,'正安县',3,520300,NULL,'0000-00-00 00:00:00','0000-00-00 00:00:00',NULL),
	(520325,'道真仡佬族苗族自治县',3,520300,NULL,'0000-00-00 00:00:00','0000-00-00 00:00:00',NULL),
	(520326,'务川仡佬族苗族自治县',3,520300,NULL,'0000-00-00 00:00:00','0000-00-00 00:00:00',NULL),
	(520327,'凤冈县',3,520300,NULL,'0000-00-00 00:00:00','0000-00-00 00:00:00',NULL),
	(520328,'湄潭县',3,520300,NULL,'0000-00-00 00:00:00','0000-00-00 00:00:00',NULL),
	(520329,'余庆县',3,520300,NULL,'0000-00-00 00:00:00','0000-00-00 00:00:00',NULL),
	(520330,'习水县',3,520300,NULL,'0000-00-00 00:00:00','0000-00-00 00:00:00',NULL),
	(520381,'赤水市',3,520300,NULL,'0000-00-00 00:00:00','0000-00-00 00:00:00',NULL),
	(520382,'仁怀市',3,520300,NULL,'0000-00-00 00:00:00','0000-00-00 00:00:00',NULL),
	(520400,'安顺市',2,520000,NULL,'0000-00-00 00:00:00','0000-00-00 00:00:00',NULL),
	(520401,'市辖区',3,520400,NULL,'0000-00-00 00:00:00','0000-00-00 00:00:00',NULL),
	(520402,'西秀区',3,520400,NULL,'0000-00-00 00:00:00','0000-00-00 00:00:00',NULL),
	(520421,'平坝县',3,520400,NULL,'0000-00-00 00:00:00','0000-00-00 00:00:00',NULL),
	(520422,'普定县',3,520400,NULL,'0000-00-00 00:00:00','0000-00-00 00:00:00',NULL),
	(520423,'镇宁布依族苗族自治县',3,520400,NULL,'0000-00-00 00:00:00','0000-00-00 00:00:00',NULL),
	(520424,'关岭布依族苗族自治县',3,520400,NULL,'0000-00-00 00:00:00','0000-00-00 00:00:00',NULL),
	(520425,'紫云苗族布依族自治县',3,520400,NULL,'0000-00-00 00:00:00','0000-00-00 00:00:00',NULL),
	(520500,'毕节市',2,520000,NULL,'0000-00-00 00:00:00','0000-00-00 00:00:00',NULL),
	(520502,'七星关区',3,520500,NULL,'0000-00-00 00:00:00','0000-00-00 00:00:00',NULL),
	(520521,'大方县',3,520500,NULL,'0000-00-00 00:00:00','0000-00-00 00:00:00',NULL),
	(520522,'黔西县',3,520500,NULL,'0000-00-00 00:00:00','0000-00-00 00:00:00',NULL),
	(520523,'金沙县',3,520500,NULL,'0000-00-00 00:00:00','0000-00-00 00:00:00',NULL),
	(520524,'织金县',3,520500,NULL,'0000-00-00 00:00:00','0000-00-00 00:00:00',NULL),
	(520525,'纳雍县',3,520500,NULL,'0000-00-00 00:00:00','0000-00-00 00:00:00',NULL),
	(520526,'威宁彝族回族苗族自治县',3,520500,NULL,'0000-00-00 00:00:00','0000-00-00 00:00:00',NULL),
	(520527,'赫章县',3,520500,NULL,'0000-00-00 00:00:00','0000-00-00 00:00:00',NULL),
	(520600,'铜仁市',2,520000,NULL,'0000-00-00 00:00:00','0000-00-00 00:00:00',NULL),
	(520602,'碧江区',3,520600,NULL,'0000-00-00 00:00:00','0000-00-00 00:00:00',NULL),
	(520603,'万山区',3,520600,NULL,'0000-00-00 00:00:00','0000-00-00 00:00:00',NULL),
	(520621,'江口县',3,520600,NULL,'0000-00-00 00:00:00','0000-00-00 00:00:00',NULL),
	(520622,'玉屏侗族自治县',3,520600,NULL,'0000-00-00 00:00:00','0000-00-00 00:00:00',NULL),
	(520623,'石阡县',3,520600,NULL,'0000-00-00 00:00:00','0000-00-00 00:00:00',NULL),
	(520624,'思南县',3,520600,NULL,'0000-00-00 00:00:00','0000-00-00 00:00:00',NULL),
	(520625,'印江土家族苗族自治县',3,520600,NULL,'0000-00-00 00:00:00','0000-00-00 00:00:00',NULL),
	(520626,'德江县',3,520600,NULL,'0000-00-00 00:00:00','0000-00-00 00:00:00',NULL),
	(520627,'沿河土家族自治县',3,520600,NULL,'0000-00-00 00:00:00','0000-00-00 00:00:00',NULL),
	(520628,'松桃苗族自治县',3,520600,NULL,'0000-00-00 00:00:00','0000-00-00 00:00:00',NULL),
	(522300,'黔西南布依族苗族自治州',2,520000,NULL,'0000-00-00 00:00:00','0000-00-00 00:00:00',NULL),
	(522301,'兴义市',3,522300,NULL,'0000-00-00 00:00:00','0000-00-00 00:00:00',NULL),
	(522322,'兴仁县',3,522300,NULL,'0000-00-00 00:00:00','0000-00-00 00:00:00',NULL),
	(522323,'普安县',3,522300,NULL,'0000-00-00 00:00:00','0000-00-00 00:00:00',NULL),
	(522324,'晴隆县',3,522300,NULL,'0000-00-00 00:00:00','0000-00-00 00:00:00',NULL),
	(522325,'贞丰县',3,522300,NULL,'0000-00-00 00:00:00','0000-00-00 00:00:00',NULL),
	(522326,'望谟县',3,522300,NULL,'0000-00-00 00:00:00','0000-00-00 00:00:00',NULL),
	(522327,'册亨县',3,522300,NULL,'0000-00-00 00:00:00','0000-00-00 00:00:00',NULL),
	(522328,'安龙县',3,522300,NULL,'0000-00-00 00:00:00','0000-00-00 00:00:00',NULL),
	(522600,'黔东南苗族侗族自治州',2,520000,NULL,'0000-00-00 00:00:00','0000-00-00 00:00:00',NULL),
	(522601,'凯里市',3,522600,NULL,'0000-00-00 00:00:00','0000-00-00 00:00:00',NULL),
	(522622,'黄平县',3,522600,NULL,'0000-00-00 00:00:00','0000-00-00 00:00:00',NULL),
	(522623,'施秉县',3,522600,NULL,'0000-00-00 00:00:00','0000-00-00 00:00:00',NULL),
	(522624,'三穗县',3,522600,NULL,'0000-00-00 00:00:00','0000-00-00 00:00:00',NULL),
	(522625,'镇远县',3,522600,NULL,'0000-00-00 00:00:00','0000-00-00 00:00:00',NULL),
	(522626,'岑巩县',3,522600,NULL,'0000-00-00 00:00:00','0000-00-00 00:00:00',NULL),
	(522627,'天柱县',3,522600,NULL,'0000-00-00 00:00:00','0000-00-00 00:00:00',NULL),
	(522628,'锦屏县',3,522600,NULL,'0000-00-00 00:00:00','0000-00-00 00:00:00',NULL),
	(522629,'剑河县',3,522600,NULL,'0000-00-00 00:00:00','0000-00-00 00:00:00',NULL),
	(522630,'台江县',3,522600,NULL,'0000-00-00 00:00:00','0000-00-00 00:00:00',NULL),
	(522631,'黎平县',3,522600,NULL,'0000-00-00 00:00:00','0000-00-00 00:00:00',NULL),
	(522632,'榕江县',3,522600,NULL,'0000-00-00 00:00:00','0000-00-00 00:00:00',NULL),
	(522633,'从江县',3,522600,NULL,'0000-00-00 00:00:00','0000-00-00 00:00:00',NULL),
	(522634,'雷山县',3,522600,NULL,'0000-00-00 00:00:00','0000-00-00 00:00:00',NULL),
	(522635,'麻江县',3,522600,NULL,'0000-00-00 00:00:00','0000-00-00 00:00:00',NULL),
	(522636,'丹寨县',3,522600,NULL,'0000-00-00 00:00:00','0000-00-00 00:00:00',NULL),
	(522700,'黔南布依族苗族自治州',2,520000,NULL,'0000-00-00 00:00:00','0000-00-00 00:00:00',NULL),
	(522701,'都匀市',3,522700,NULL,'0000-00-00 00:00:00','0000-00-00 00:00:00',NULL),
	(522702,'福泉市',3,522700,NULL,'0000-00-00 00:00:00','0000-00-00 00:00:00',NULL),
	(522722,'荔波县',3,522700,NULL,'0000-00-00 00:00:00','0000-00-00 00:00:00',NULL),
	(522723,'贵定县',3,522700,NULL,'0000-00-00 00:00:00','0000-00-00 00:00:00',NULL),
	(522725,'瓮安县',3,522700,NULL,'0000-00-00 00:00:00','0000-00-00 00:00:00',NULL),
	(522726,'独山县',3,522700,NULL,'0000-00-00 00:00:00','0000-00-00 00:00:00',NULL),
	(522727,'平塘县',3,522700,NULL,'0000-00-00 00:00:00','0000-00-00 00:00:00',NULL),
	(522728,'罗甸县',3,522700,NULL,'0000-00-00 00:00:00','0000-00-00 00:00:00',NULL),
	(522729,'长顺县',3,522700,NULL,'0000-00-00 00:00:00','0000-00-00 00:00:00',NULL),
	(522730,'龙里县',3,522700,NULL,'0000-00-00 00:00:00','0000-00-00 00:00:00',NULL),
	(522731,'惠水县',3,522700,NULL,'0000-00-00 00:00:00','0000-00-00 00:00:00',NULL),
	(522732,'三都水族自治县',3,522700,NULL,'0000-00-00 00:00:00','0000-00-00 00:00:00',NULL),
	(530000,'云南省',1,0,NULL,'0000-00-00 00:00:00','0000-00-00 00:00:00',NULL),
	(530100,'昆明市',2,530000,NULL,'0000-00-00 00:00:00','0000-00-00 00:00:00',NULL),
	(530101,'市辖区',3,530100,NULL,'0000-00-00 00:00:00','0000-00-00 00:00:00',NULL),
	(530102,'五华区',3,530100,NULL,'0000-00-00 00:00:00','0000-00-00 00:00:00',NULL),
	(530103,'盘龙区',3,530100,NULL,'0000-00-00 00:00:00','0000-00-00 00:00:00',NULL),
	(530111,'官渡区',3,530100,NULL,'0000-00-00 00:00:00','0000-00-00 00:00:00',NULL),
	(530112,'西山区',3,530100,NULL,'0000-00-00 00:00:00','0000-00-00 00:00:00',NULL),
	(530113,'东川区',3,530100,NULL,'0000-00-00 00:00:00','0000-00-00 00:00:00',NULL),
	(530114,'呈贡区',3,530100,NULL,'0000-00-00 00:00:00','0000-00-00 00:00:00',NULL),
	(530122,'晋宁县',3,530100,NULL,'0000-00-00 00:00:00','0000-00-00 00:00:00',NULL),
	(530124,'富民县',3,530100,NULL,'0000-00-00 00:00:00','0000-00-00 00:00:00',NULL),
	(530125,'宜良县',3,530100,NULL,'0000-00-00 00:00:00','0000-00-00 00:00:00',NULL),
	(530126,'石林彝族自治县',3,530100,NULL,'0000-00-00 00:00:00','0000-00-00 00:00:00',NULL),
	(530127,'嵩明县',3,530100,NULL,'0000-00-00 00:00:00','0000-00-00 00:00:00',NULL),
	(530128,'禄劝彝族苗族自治县',3,530100,NULL,'0000-00-00 00:00:00','0000-00-00 00:00:00',NULL),
	(530129,'寻甸回族彝族自治县',3,530100,NULL,'0000-00-00 00:00:00','0000-00-00 00:00:00',NULL),
	(530181,'安宁市',3,530100,NULL,'0000-00-00 00:00:00','0000-00-00 00:00:00',NULL),
	(530300,'曲靖市',2,530000,NULL,'0000-00-00 00:00:00','0000-00-00 00:00:00',NULL),
	(530301,'市辖区',3,530300,NULL,'0000-00-00 00:00:00','0000-00-00 00:00:00',NULL),
	(530302,'麒麟区',3,530300,NULL,'0000-00-00 00:00:00','0000-00-00 00:00:00',NULL),
	(530321,'马龙县',3,530300,NULL,'0000-00-00 00:00:00','0000-00-00 00:00:00',NULL),
	(530322,'陆良县',3,530300,NULL,'0000-00-00 00:00:00','0000-00-00 00:00:00',NULL),
	(530323,'师宗县',3,530300,NULL,'0000-00-00 00:00:00','0000-00-00 00:00:00',NULL),
	(530324,'罗平县',3,530300,NULL,'0000-00-00 00:00:00','0000-00-00 00:00:00',NULL),
	(530325,'富源县',3,530300,NULL,'0000-00-00 00:00:00','0000-00-00 00:00:00',NULL),
	(530326,'会泽县',3,530300,NULL,'0000-00-00 00:00:00','0000-00-00 00:00:00',NULL),
	(530328,'沾益县',3,530300,NULL,'0000-00-00 00:00:00','0000-00-00 00:00:00',NULL),
	(530381,'宣威市',3,530300,NULL,'0000-00-00 00:00:00','0000-00-00 00:00:00',NULL),
	(530400,'玉溪市',2,530000,NULL,'0000-00-00 00:00:00','0000-00-00 00:00:00',NULL),
	(530402,'红塔区',3,530400,NULL,'0000-00-00 00:00:00','0000-00-00 00:00:00',NULL),
	(530421,'江川县',3,530400,NULL,'0000-00-00 00:00:00','0000-00-00 00:00:00',NULL),
	(530422,'澄江县',3,530400,NULL,'0000-00-00 00:00:00','0000-00-00 00:00:00',NULL),
	(530423,'通海县',3,530400,NULL,'0000-00-00 00:00:00','0000-00-00 00:00:00',NULL),
	(530424,'华宁县',3,530400,NULL,'0000-00-00 00:00:00','0000-00-00 00:00:00',NULL),
	(530425,'易门县',3,530400,NULL,'0000-00-00 00:00:00','0000-00-00 00:00:00',NULL),
	(530426,'峨山彝族自治县',3,530400,NULL,'0000-00-00 00:00:00','0000-00-00 00:00:00',NULL),
	(530427,'新平彝族傣族自治县',3,530400,NULL,'0000-00-00 00:00:00','0000-00-00 00:00:00',NULL),
	(530428,'元江哈尼族彝族傣族自治县',3,530400,NULL,'0000-00-00 00:00:00','0000-00-00 00:00:00',NULL),
	(530500,'保山市',2,530000,NULL,'0000-00-00 00:00:00','0000-00-00 00:00:00',NULL),
	(530501,'市辖区',3,530500,NULL,'0000-00-00 00:00:00','0000-00-00 00:00:00',NULL),
	(530502,'隆阳区',3,530500,NULL,'0000-00-00 00:00:00','0000-00-00 00:00:00',NULL),
	(530521,'施甸县',3,530500,NULL,'0000-00-00 00:00:00','0000-00-00 00:00:00',NULL),
	(530522,'腾冲县',3,530500,NULL,'0000-00-00 00:00:00','0000-00-00 00:00:00',NULL),
	(530523,'龙陵县',3,530500,NULL,'0000-00-00 00:00:00','0000-00-00 00:00:00',NULL),
	(530524,'昌宁县',3,530500,NULL,'0000-00-00 00:00:00','0000-00-00 00:00:00',NULL),
	(530600,'昭通市',2,530000,NULL,'0000-00-00 00:00:00','0000-00-00 00:00:00',NULL),
	(530601,'市辖区',3,530600,NULL,'0000-00-00 00:00:00','0000-00-00 00:00:00',NULL),
	(530602,'昭阳区',3,530600,NULL,'0000-00-00 00:00:00','0000-00-00 00:00:00',NULL),
	(530621,'鲁甸县',3,530600,NULL,'0000-00-00 00:00:00','0000-00-00 00:00:00',NULL),
	(530622,'巧家县',3,530600,NULL,'0000-00-00 00:00:00','0000-00-00 00:00:00',NULL),
	(530623,'盐津县',3,530600,NULL,'0000-00-00 00:00:00','0000-00-00 00:00:00',NULL),
	(530624,'大关县',3,530600,NULL,'0000-00-00 00:00:00','0000-00-00 00:00:00',NULL),
	(530625,'永善县',3,530600,NULL,'0000-00-00 00:00:00','0000-00-00 00:00:00',NULL),
	(530626,'绥江县',3,530600,NULL,'0000-00-00 00:00:00','0000-00-00 00:00:00',NULL),
	(530627,'镇雄县',3,530600,NULL,'0000-00-00 00:00:00','0000-00-00 00:00:00',NULL),
	(530628,'彝良县',3,530600,NULL,'0000-00-00 00:00:00','0000-00-00 00:00:00',NULL),
	(530629,'威信县',3,530600,NULL,'0000-00-00 00:00:00','0000-00-00 00:00:00',NULL),
	(530630,'水富县',3,530600,NULL,'0000-00-00 00:00:00','0000-00-00 00:00:00',NULL),
	(530700,'丽江市',2,530000,NULL,'0000-00-00 00:00:00','0000-00-00 00:00:00',NULL),
	(530701,'市辖区',3,530700,NULL,'0000-00-00 00:00:00','0000-00-00 00:00:00',NULL),
	(530702,'古城区',3,530700,NULL,'0000-00-00 00:00:00','0000-00-00 00:00:00',NULL),
	(530721,'玉龙纳西族自治县',3,530700,NULL,'0000-00-00 00:00:00','0000-00-00 00:00:00',NULL),
	(530722,'永胜县',3,530700,NULL,'0000-00-00 00:00:00','0000-00-00 00:00:00',NULL),
	(530723,'华坪县',3,530700,NULL,'0000-00-00 00:00:00','0000-00-00 00:00:00',NULL),
	(530724,'宁蒗彝族自治县',3,530700,NULL,'0000-00-00 00:00:00','0000-00-00 00:00:00',NULL),
	(530800,'普洱市',2,530000,NULL,'0000-00-00 00:00:00','0000-00-00 00:00:00',NULL),
	(530801,'市辖区',3,530800,NULL,'0000-00-00 00:00:00','0000-00-00 00:00:00',NULL),
	(530802,'思茅区',3,530800,NULL,'0000-00-00 00:00:00','0000-00-00 00:00:00',NULL),
	(530821,'宁洱哈尼族彝族自治县',3,530800,NULL,'0000-00-00 00:00:00','0000-00-00 00:00:00',NULL),
	(530822,'墨江哈尼族自治县',3,530800,NULL,'0000-00-00 00:00:00','0000-00-00 00:00:00',NULL),
	(530823,'景东彝族自治县',3,530800,NULL,'0000-00-00 00:00:00','0000-00-00 00:00:00',NULL),
	(530824,'景谷傣族彝族自治县',3,530800,NULL,'0000-00-00 00:00:00','0000-00-00 00:00:00',NULL),
	(530825,'镇沅彝族哈尼族拉祜族自治县',3,530800,NULL,'0000-00-00 00:00:00','0000-00-00 00:00:00',NULL),
	(530826,'江城哈尼族彝族自治县',3,530800,NULL,'0000-00-00 00:00:00','0000-00-00 00:00:00',NULL),
	(530827,'孟连傣族拉祜族佤族自治县',3,530800,NULL,'0000-00-00 00:00:00','0000-00-00 00:00:00',NULL),
	(530828,'澜沧拉祜族自治县',3,530800,NULL,'0000-00-00 00:00:00','0000-00-00 00:00:00',NULL),
	(530829,'西盟佤族自治县',3,530800,NULL,'0000-00-00 00:00:00','0000-00-00 00:00:00',NULL),
	(530900,'临沧市',2,530000,NULL,'0000-00-00 00:00:00','0000-00-00 00:00:00',NULL),
	(530901,'市辖区',3,530900,NULL,'0000-00-00 00:00:00','0000-00-00 00:00:00',NULL),
	(530902,'临翔区',3,530900,NULL,'0000-00-00 00:00:00','0000-00-00 00:00:00',NULL),
	(530921,'凤庆县',3,530900,NULL,'0000-00-00 00:00:00','0000-00-00 00:00:00',NULL),
	(530922,'云县',3,530900,NULL,'0000-00-00 00:00:00','0000-00-00 00:00:00',NULL),
	(530923,'永德县',3,530900,NULL,'0000-00-00 00:00:00','0000-00-00 00:00:00',NULL),
	(530924,'镇康县',3,530900,NULL,'0000-00-00 00:00:00','0000-00-00 00:00:00',NULL),
	(530925,'双江拉祜族佤族布朗族傣族自治县',3,530900,NULL,'0000-00-00 00:00:00','0000-00-00 00:00:00',NULL),
	(530926,'耿马傣族佤族自治县',3,530900,NULL,'0000-00-00 00:00:00','0000-00-00 00:00:00',NULL),
	(530927,'沧源佤族自治县',3,530900,NULL,'0000-00-00 00:00:00','0000-00-00 00:00:00',NULL),
	(532300,'楚雄彝族自治州',2,530000,NULL,'0000-00-00 00:00:00','0000-00-00 00:00:00',NULL),
	(532301,'楚雄市',3,532300,NULL,'0000-00-00 00:00:00','0000-00-00 00:00:00',NULL),
	(532322,'双柏县',3,532300,NULL,'0000-00-00 00:00:00','0000-00-00 00:00:00',NULL),
	(532323,'牟定县',3,532300,NULL,'0000-00-00 00:00:00','0000-00-00 00:00:00',NULL),
	(532324,'南华县',3,532300,NULL,'0000-00-00 00:00:00','0000-00-00 00:00:00',NULL),
	(532325,'姚安县',3,532300,NULL,'0000-00-00 00:00:00','0000-00-00 00:00:00',NULL),
	(532326,'大姚县',3,532300,NULL,'0000-00-00 00:00:00','0000-00-00 00:00:00',NULL),
	(532327,'永仁县',3,532300,NULL,'0000-00-00 00:00:00','0000-00-00 00:00:00',NULL),
	(532328,'元谋县',3,532300,NULL,'0000-00-00 00:00:00','0000-00-00 00:00:00',NULL),
	(532329,'武定县',3,532300,NULL,'0000-00-00 00:00:00','0000-00-00 00:00:00',NULL),
	(532331,'禄丰县',3,532300,NULL,'0000-00-00 00:00:00','0000-00-00 00:00:00',NULL),
	(532500,'红河哈尼族彝族自治州',2,530000,NULL,'0000-00-00 00:00:00','0000-00-00 00:00:00',NULL),
	(532501,'个旧市',3,532500,NULL,'0000-00-00 00:00:00','0000-00-00 00:00:00',NULL),
	(532502,'开远市',3,532500,NULL,'0000-00-00 00:00:00','0000-00-00 00:00:00',NULL),
	(532503,'蒙自市',3,532500,NULL,'0000-00-00 00:00:00','0000-00-00 00:00:00',NULL),
	(532523,'屏边苗族自治县',3,532500,NULL,'0000-00-00 00:00:00','0000-00-00 00:00:00',NULL),
	(532524,'建水县',3,532500,NULL,'0000-00-00 00:00:00','0000-00-00 00:00:00',NULL),
	(532525,'石屏县',3,532500,NULL,'0000-00-00 00:00:00','0000-00-00 00:00:00',NULL),
	(532526,'弥勒县',3,532500,NULL,'0000-00-00 00:00:00','0000-00-00 00:00:00',NULL),
	(532527,'泸西县',3,532500,NULL,'0000-00-00 00:00:00','0000-00-00 00:00:00',NULL),
	(532528,'元阳县',3,532500,NULL,'0000-00-00 00:00:00','0000-00-00 00:00:00',NULL),
	(532529,'红河县',3,532500,NULL,'0000-00-00 00:00:00','0000-00-00 00:00:00',NULL),
	(532530,'金平苗族瑶族傣族自治县',3,532500,NULL,'0000-00-00 00:00:00','0000-00-00 00:00:00',NULL),
	(532531,'绿春县',3,532500,NULL,'0000-00-00 00:00:00','0000-00-00 00:00:00',NULL),
	(532532,'河口瑶族自治县',3,532500,NULL,'0000-00-00 00:00:00','0000-00-00 00:00:00',NULL),
	(532600,'文山壮族苗族自治州',2,530000,NULL,'0000-00-00 00:00:00','0000-00-00 00:00:00',NULL),
	(532601,'文山市',3,532600,NULL,'0000-00-00 00:00:00','0000-00-00 00:00:00',NULL),
	(532622,'砚山县',3,532600,NULL,'0000-00-00 00:00:00','0000-00-00 00:00:00',NULL),
	(532623,'西畴县',3,532600,NULL,'0000-00-00 00:00:00','0000-00-00 00:00:00',NULL),
	(532624,'麻栗坡县',3,532600,NULL,'0000-00-00 00:00:00','0000-00-00 00:00:00',NULL),
	(532625,'马关县',3,532600,NULL,'0000-00-00 00:00:00','0000-00-00 00:00:00',NULL),
	(532626,'丘北县',3,532600,NULL,'0000-00-00 00:00:00','0000-00-00 00:00:00',NULL),
	(532627,'广南县',3,532600,NULL,'0000-00-00 00:00:00','0000-00-00 00:00:00',NULL),
	(532628,'富宁县',3,532600,NULL,'0000-00-00 00:00:00','0000-00-00 00:00:00',NULL),
	(532800,'西双版纳傣族自治州',2,530000,NULL,'0000-00-00 00:00:00','0000-00-00 00:00:00',NULL),
	(532801,'景洪市',3,532800,NULL,'0000-00-00 00:00:00','0000-00-00 00:00:00',NULL),
	(532822,'勐海县',3,532800,NULL,'0000-00-00 00:00:00','0000-00-00 00:00:00',NULL),
	(532823,'勐腊县',3,532800,NULL,'0000-00-00 00:00:00','0000-00-00 00:00:00',NULL),
	(532900,'大理白族自治州',2,530000,NULL,'0000-00-00 00:00:00','0000-00-00 00:00:00',NULL),
	(532901,'大理市',3,532900,NULL,'0000-00-00 00:00:00','0000-00-00 00:00:00',NULL),
	(532922,'漾濞彝族自治县',3,532900,NULL,'0000-00-00 00:00:00','0000-00-00 00:00:00',NULL),
	(532923,'祥云县',3,532900,NULL,'0000-00-00 00:00:00','0000-00-00 00:00:00',NULL),
	(532924,'宾川县',3,532900,NULL,'0000-00-00 00:00:00','0000-00-00 00:00:00',NULL),
	(532925,'弥渡县',3,532900,NULL,'0000-00-00 00:00:00','0000-00-00 00:00:00',NULL),
	(532926,'南涧彝族自治县',3,532900,NULL,'0000-00-00 00:00:00','0000-00-00 00:00:00',NULL),
	(532927,'巍山彝族回族自治县',3,532900,NULL,'0000-00-00 00:00:00','0000-00-00 00:00:00',NULL),
	(532928,'永平县',3,532900,NULL,'0000-00-00 00:00:00','0000-00-00 00:00:00',NULL),
	(532929,'云龙县',3,532900,NULL,'0000-00-00 00:00:00','0000-00-00 00:00:00',NULL),
	(532930,'洱源县',3,532900,NULL,'0000-00-00 00:00:00','0000-00-00 00:00:00',NULL),
	(532931,'剑川县',3,532900,NULL,'0000-00-00 00:00:00','0000-00-00 00:00:00',NULL),
	(532932,'鹤庆县',3,532900,NULL,'0000-00-00 00:00:00','0000-00-00 00:00:00',NULL),
	(533100,'德宏傣族景颇族自治州',2,530000,NULL,'0000-00-00 00:00:00','0000-00-00 00:00:00',NULL),
	(533102,'瑞丽市',3,533100,NULL,'0000-00-00 00:00:00','0000-00-00 00:00:00',NULL),
	(533103,'芒市',3,533100,NULL,'0000-00-00 00:00:00','0000-00-00 00:00:00',NULL),
	(533122,'梁河县',3,533100,NULL,'0000-00-00 00:00:00','0000-00-00 00:00:00',NULL),
	(533123,'盈江县',3,533100,NULL,'0000-00-00 00:00:00','0000-00-00 00:00:00',NULL),
	(533124,'陇川县',3,533100,NULL,'0000-00-00 00:00:00','0000-00-00 00:00:00',NULL),
	(533300,'怒江傈僳族自治州',2,530000,NULL,'0000-00-00 00:00:00','0000-00-00 00:00:00',NULL),
	(533321,'泸水县',3,533300,NULL,'0000-00-00 00:00:00','0000-00-00 00:00:00',NULL),
	(533323,'福贡县',3,533300,NULL,'0000-00-00 00:00:00','0000-00-00 00:00:00',NULL),
	(533324,'贡山独龙族怒族自治县',3,533300,NULL,'0000-00-00 00:00:00','0000-00-00 00:00:00',NULL),
	(533325,'兰坪白族普米族自治县',3,533300,NULL,'0000-00-00 00:00:00','0000-00-00 00:00:00',NULL),
	(533400,'迪庆藏族自治州',2,530000,NULL,'0000-00-00 00:00:00','0000-00-00 00:00:00',NULL),
	(533421,'香格里拉县',3,533400,NULL,'0000-00-00 00:00:00','0000-00-00 00:00:00',NULL),
	(533422,'德钦县',3,533400,NULL,'0000-00-00 00:00:00','0000-00-00 00:00:00',NULL),
	(533423,'维西傈僳族自治县',3,533400,NULL,'0000-00-00 00:00:00','0000-00-00 00:00:00',NULL),
	(540000,'西藏自治区',1,0,NULL,'0000-00-00 00:00:00','0000-00-00 00:00:00',NULL),
	(540100,'拉萨市',2,540000,NULL,'0000-00-00 00:00:00','0000-00-00 00:00:00',NULL),
	(540101,'市辖区',3,540100,NULL,'0000-00-00 00:00:00','0000-00-00 00:00:00',NULL),
	(540102,'城关区',3,540100,NULL,'0000-00-00 00:00:00','0000-00-00 00:00:00',NULL),
	(540121,'林周县',3,540100,NULL,'0000-00-00 00:00:00','0000-00-00 00:00:00',NULL),
	(540122,'当雄县',3,540100,NULL,'0000-00-00 00:00:00','0000-00-00 00:00:00',NULL),
	(540123,'尼木县',3,540100,NULL,'0000-00-00 00:00:00','0000-00-00 00:00:00',NULL),
	(540124,'曲水县',3,540100,NULL,'0000-00-00 00:00:00','0000-00-00 00:00:00',NULL),
	(540125,'堆龙德庆县',3,540100,NULL,'0000-00-00 00:00:00','0000-00-00 00:00:00',NULL),
	(540126,'达孜县',3,540100,NULL,'0000-00-00 00:00:00','0000-00-00 00:00:00',NULL),
	(540127,'墨竹工卡县',3,540100,NULL,'0000-00-00 00:00:00','0000-00-00 00:00:00',NULL),
	(542100,'昌都地区',2,540000,NULL,'0000-00-00 00:00:00','0000-00-00 00:00:00',NULL),
	(542121,'昌都县',3,542100,NULL,'0000-00-00 00:00:00','0000-00-00 00:00:00',NULL),
	(542122,'江达县',3,542100,NULL,'0000-00-00 00:00:00','0000-00-00 00:00:00',NULL),
	(542123,'贡觉县',3,542100,NULL,'0000-00-00 00:00:00','0000-00-00 00:00:00',NULL),
	(542124,'类乌齐县',3,542100,NULL,'0000-00-00 00:00:00','0000-00-00 00:00:00',NULL),
	(542125,'丁青县',3,542100,NULL,'0000-00-00 00:00:00','0000-00-00 00:00:00',NULL),
	(542126,'察雅县',3,542100,NULL,'0000-00-00 00:00:00','0000-00-00 00:00:00',NULL),
	(542127,'八宿县',3,542100,NULL,'0000-00-00 00:00:00','0000-00-00 00:00:00',NULL),
	(542128,'左贡县',3,542100,NULL,'0000-00-00 00:00:00','0000-00-00 00:00:00',NULL),
	(542129,'芒康县',3,542100,NULL,'0000-00-00 00:00:00','0000-00-00 00:00:00',NULL),
	(542132,'洛隆县',3,542100,NULL,'0000-00-00 00:00:00','0000-00-00 00:00:00',NULL),
	(542133,'边坝县',3,542100,NULL,'0000-00-00 00:00:00','0000-00-00 00:00:00',NULL),
	(542200,'山南地区',2,540000,NULL,'0000-00-00 00:00:00','0000-00-00 00:00:00',NULL),
	(542221,'乃东县',3,542200,NULL,'0000-00-00 00:00:00','0000-00-00 00:00:00',NULL),
	(542222,'扎囊县',3,542200,NULL,'0000-00-00 00:00:00','0000-00-00 00:00:00',NULL),
	(542223,'贡嘎县',3,542200,NULL,'0000-00-00 00:00:00','0000-00-00 00:00:00',NULL),
	(542224,'桑日县',3,542200,NULL,'0000-00-00 00:00:00','0000-00-00 00:00:00',NULL),
	(542225,'琼结县',3,542200,NULL,'0000-00-00 00:00:00','0000-00-00 00:00:00',NULL),
	(542226,'曲松县',3,542200,NULL,'0000-00-00 00:00:00','0000-00-00 00:00:00',NULL),
	(542227,'措美县',3,542200,NULL,'0000-00-00 00:00:00','0000-00-00 00:00:00',NULL),
	(542228,'洛扎县',3,542200,NULL,'0000-00-00 00:00:00','0000-00-00 00:00:00',NULL),
	(542229,'加查县',3,542200,NULL,'0000-00-00 00:00:00','0000-00-00 00:00:00',NULL),
	(542231,'隆子县',3,542200,NULL,'0000-00-00 00:00:00','0000-00-00 00:00:00',NULL),
	(542232,'错那县',3,542200,NULL,'0000-00-00 00:00:00','0000-00-00 00:00:00',NULL),
	(542233,'浪卡子县',3,542200,NULL,'0000-00-00 00:00:00','0000-00-00 00:00:00',NULL),
	(542300,'日喀则地区',2,540000,NULL,'0000-00-00 00:00:00','0000-00-00 00:00:00',NULL),
	(542301,'日喀则市',3,542300,NULL,'0000-00-00 00:00:00','0000-00-00 00:00:00',NULL),
	(542322,'南木林县',3,542300,NULL,'0000-00-00 00:00:00','0000-00-00 00:00:00',NULL),
	(542323,'江孜县',3,542300,NULL,'0000-00-00 00:00:00','0000-00-00 00:00:00',NULL),
	(542324,'定日县',3,542300,NULL,'0000-00-00 00:00:00','0000-00-00 00:00:00',NULL),
	(542325,'萨迦县',3,542300,NULL,'0000-00-00 00:00:00','0000-00-00 00:00:00',NULL),
	(542326,'拉孜县',3,542300,NULL,'0000-00-00 00:00:00','0000-00-00 00:00:00',NULL),
	(542327,'昂仁县',3,542300,NULL,'0000-00-00 00:00:00','0000-00-00 00:00:00',NULL),
	(542328,'谢通门县',3,542300,NULL,'0000-00-00 00:00:00','0000-00-00 00:00:00',NULL),
	(542329,'白朗县',3,542300,NULL,'0000-00-00 00:00:00','0000-00-00 00:00:00',NULL),
	(542330,'仁布县',3,542300,NULL,'0000-00-00 00:00:00','0000-00-00 00:00:00',NULL),
	(542331,'康马县',3,542300,NULL,'0000-00-00 00:00:00','0000-00-00 00:00:00',NULL),
	(542332,'定结县',3,542300,NULL,'0000-00-00 00:00:00','0000-00-00 00:00:00',NULL),
	(542333,'仲巴县',3,542300,NULL,'0000-00-00 00:00:00','0000-00-00 00:00:00',NULL),
	(542334,'亚东县',3,542300,NULL,'0000-00-00 00:00:00','0000-00-00 00:00:00',NULL),
	(542335,'吉隆县',3,542300,NULL,'0000-00-00 00:00:00','0000-00-00 00:00:00',NULL),
	(542336,'聂拉木县',3,542300,NULL,'0000-00-00 00:00:00','0000-00-00 00:00:00',NULL),
	(542337,'萨嘎县',3,542300,NULL,'0000-00-00 00:00:00','0000-00-00 00:00:00',NULL),
	(542338,'岗巴县',3,542300,NULL,'0000-00-00 00:00:00','0000-00-00 00:00:00',NULL),
	(542400,'那曲地区',2,540000,NULL,'0000-00-00 00:00:00','0000-00-00 00:00:00',NULL),
	(542421,'那曲县',3,542400,NULL,'0000-00-00 00:00:00','0000-00-00 00:00:00',NULL),
	(542422,'嘉黎县',3,542400,NULL,'0000-00-00 00:00:00','0000-00-00 00:00:00',NULL),
	(542423,'比如县',3,542400,NULL,'0000-00-00 00:00:00','0000-00-00 00:00:00',NULL),
	(542424,'聂荣县',3,542400,NULL,'0000-00-00 00:00:00','0000-00-00 00:00:00',NULL),
	(542425,'安多县',3,542400,NULL,'0000-00-00 00:00:00','0000-00-00 00:00:00',NULL),
	(542426,'申扎县',3,542400,NULL,'0000-00-00 00:00:00','0000-00-00 00:00:00',NULL),
	(542427,'索县',3,542400,NULL,'0000-00-00 00:00:00','0000-00-00 00:00:00',NULL),
	(542428,'班戈县',3,542400,NULL,'0000-00-00 00:00:00','0000-00-00 00:00:00',NULL),
	(542429,'巴青县',3,542400,NULL,'0000-00-00 00:00:00','0000-00-00 00:00:00',NULL),
	(542430,'尼玛县',3,542400,NULL,'0000-00-00 00:00:00','0000-00-00 00:00:00',NULL),
	(542500,'阿里地区',2,540000,NULL,'0000-00-00 00:00:00','0000-00-00 00:00:00',NULL),
	(542521,'普兰县',3,542500,NULL,'0000-00-00 00:00:00','0000-00-00 00:00:00',NULL),
	(542522,'札达县',3,542500,NULL,'0000-00-00 00:00:00','0000-00-00 00:00:00',NULL),
	(542523,'噶尔县',3,542500,NULL,'0000-00-00 00:00:00','0000-00-00 00:00:00',NULL),
	(542524,'日土县',3,542500,NULL,'0000-00-00 00:00:00','0000-00-00 00:00:00',NULL),
	(542525,'革吉县',3,542500,NULL,'0000-00-00 00:00:00','0000-00-00 00:00:00',NULL),
	(542526,'改则县',3,542500,NULL,'0000-00-00 00:00:00','0000-00-00 00:00:00',NULL),
	(542527,'措勤县',3,542500,NULL,'0000-00-00 00:00:00','0000-00-00 00:00:00',NULL),
	(542600,'林芝地区',2,540000,NULL,'0000-00-00 00:00:00','0000-00-00 00:00:00',NULL),
	(542621,'林芝县',3,542600,NULL,'0000-00-00 00:00:00','0000-00-00 00:00:00',NULL),
	(542622,'工布江达县',3,542600,NULL,'0000-00-00 00:00:00','0000-00-00 00:00:00',NULL),
	(542623,'米林县',3,542600,NULL,'0000-00-00 00:00:00','0000-00-00 00:00:00',NULL),
	(542624,'墨脱县',3,542600,NULL,'0000-00-00 00:00:00','0000-00-00 00:00:00',NULL),
	(542625,'波密县',3,542600,NULL,'0000-00-00 00:00:00','0000-00-00 00:00:00',NULL),
	(542626,'察隅县',3,542600,NULL,'0000-00-00 00:00:00','0000-00-00 00:00:00',NULL),
	(542627,'朗县',3,542600,NULL,'0000-00-00 00:00:00','0000-00-00 00:00:00',NULL),
	(610000,'陕西省',1,0,NULL,'0000-00-00 00:00:00','0000-00-00 00:00:00',NULL),
	(610100,'西安市',2,610000,NULL,'0000-00-00 00:00:00','0000-00-00 00:00:00',NULL),
	(610101,'市辖区',3,610100,NULL,'0000-00-00 00:00:00','0000-00-00 00:00:00',NULL),
	(610102,'新城区',3,610100,NULL,'0000-00-00 00:00:00','0000-00-00 00:00:00',NULL),
	(610103,'碑林区',3,610100,NULL,'0000-00-00 00:00:00','0000-00-00 00:00:00',NULL),
	(610104,'莲湖区',3,610100,NULL,'0000-00-00 00:00:00','0000-00-00 00:00:00',NULL),
	(610111,'灞桥区',3,610100,NULL,'0000-00-00 00:00:00','0000-00-00 00:00:00',NULL),
	(610112,'未央区',3,610100,NULL,'0000-00-00 00:00:00','0000-00-00 00:00:00',NULL),
	(610113,'雁塔区',3,610100,NULL,'0000-00-00 00:00:00','0000-00-00 00:00:00',NULL),
	(610114,'阎良区',3,610100,NULL,'0000-00-00 00:00:00','0000-00-00 00:00:00',NULL),
	(610115,'临潼区',3,610100,NULL,'0000-00-00 00:00:00','0000-00-00 00:00:00',NULL),
	(610116,'长安区',3,610100,NULL,'0000-00-00 00:00:00','0000-00-00 00:00:00',NULL),
	(610122,'蓝田县',3,610100,NULL,'0000-00-00 00:00:00','0000-00-00 00:00:00',NULL),
	(610124,'周至县',3,610100,NULL,'0000-00-00 00:00:00','0000-00-00 00:00:00',NULL),
	(610125,'户县',3,610100,NULL,'0000-00-00 00:00:00','0000-00-00 00:00:00',NULL),
	(610126,'高陵县',3,610100,NULL,'0000-00-00 00:00:00','0000-00-00 00:00:00',NULL),
	(610200,'铜川市',2,610000,NULL,'0000-00-00 00:00:00','0000-00-00 00:00:00',NULL),
	(610201,'市辖区',3,610200,NULL,'0000-00-00 00:00:00','0000-00-00 00:00:00',NULL),
	(610202,'王益区',3,610200,NULL,'0000-00-00 00:00:00','0000-00-00 00:00:00',NULL),
	(610203,'印台区',3,610200,NULL,'0000-00-00 00:00:00','0000-00-00 00:00:00',NULL),
	(610204,'耀州区',3,610200,NULL,'0000-00-00 00:00:00','0000-00-00 00:00:00',NULL),
	(610222,'宜君县',3,610200,NULL,'0000-00-00 00:00:00','0000-00-00 00:00:00',NULL),
	(610300,'宝鸡市',2,610000,NULL,'0000-00-00 00:00:00','0000-00-00 00:00:00',NULL),
	(610301,'市辖区',3,610300,NULL,'0000-00-00 00:00:00','0000-00-00 00:00:00',NULL),
	(610302,'渭滨区',3,610300,NULL,'0000-00-00 00:00:00','0000-00-00 00:00:00',NULL),
	(610303,'金台区',3,610300,NULL,'0000-00-00 00:00:00','0000-00-00 00:00:00',NULL),
	(610304,'陈仓区',3,610300,NULL,'0000-00-00 00:00:00','0000-00-00 00:00:00',NULL),
	(610322,'凤翔县',3,610300,NULL,'0000-00-00 00:00:00','0000-00-00 00:00:00',NULL),
	(610323,'岐山县',3,610300,NULL,'0000-00-00 00:00:00','0000-00-00 00:00:00',NULL),
	(610324,'扶风县',3,610300,NULL,'0000-00-00 00:00:00','0000-00-00 00:00:00',NULL),
	(610326,'眉县',3,610300,NULL,'0000-00-00 00:00:00','0000-00-00 00:00:00',NULL),
	(610327,'陇县',3,610300,NULL,'0000-00-00 00:00:00','0000-00-00 00:00:00',NULL),
	(610328,'千阳县',3,610300,NULL,'0000-00-00 00:00:00','0000-00-00 00:00:00',NULL),
	(610329,'麟游县',3,610300,NULL,'0000-00-00 00:00:00','0000-00-00 00:00:00',NULL),
	(610330,'凤县',3,610300,NULL,'0000-00-00 00:00:00','0000-00-00 00:00:00',NULL),
	(610331,'太白县',3,610300,NULL,'0000-00-00 00:00:00','0000-00-00 00:00:00',NULL),
	(610400,'咸阳市',2,610000,NULL,'0000-00-00 00:00:00','0000-00-00 00:00:00',NULL),
	(610401,'市辖区',3,610400,NULL,'0000-00-00 00:00:00','0000-00-00 00:00:00',NULL),
	(610402,'秦都区',3,610400,NULL,'0000-00-00 00:00:00','0000-00-00 00:00:00',NULL),
	(610403,'杨陵区',3,610400,NULL,'0000-00-00 00:00:00','0000-00-00 00:00:00',NULL),
	(610404,'渭城区',3,610400,NULL,'0000-00-00 00:00:00','0000-00-00 00:00:00',NULL),
	(610422,'三原县',3,610400,NULL,'0000-00-00 00:00:00','0000-00-00 00:00:00',NULL),
	(610423,'泾阳县',3,610400,NULL,'0000-00-00 00:00:00','0000-00-00 00:00:00',NULL),
	(610424,'乾县',3,610400,NULL,'0000-00-00 00:00:00','0000-00-00 00:00:00',NULL),
	(610425,'礼泉县',3,610400,NULL,'0000-00-00 00:00:00','0000-00-00 00:00:00',NULL),
	(610426,'永寿县',3,610400,NULL,'0000-00-00 00:00:00','0000-00-00 00:00:00',NULL),
	(610427,'彬县',3,610400,NULL,'0000-00-00 00:00:00','0000-00-00 00:00:00',NULL),
	(610428,'长武县',3,610400,NULL,'0000-00-00 00:00:00','0000-00-00 00:00:00',NULL),
	(610429,'旬邑县',3,610400,NULL,'0000-00-00 00:00:00','0000-00-00 00:00:00',NULL),
	(610430,'淳化县',3,610400,NULL,'0000-00-00 00:00:00','0000-00-00 00:00:00',NULL),
	(610431,'武功县',3,610400,NULL,'0000-00-00 00:00:00','0000-00-00 00:00:00',NULL),
	(610481,'兴平市',3,610400,NULL,'0000-00-00 00:00:00','0000-00-00 00:00:00',NULL),
	(610500,'渭南市',2,610000,NULL,'0000-00-00 00:00:00','0000-00-00 00:00:00',NULL),
	(610501,'市辖区',3,610500,NULL,'0000-00-00 00:00:00','0000-00-00 00:00:00',NULL),
	(610502,'临渭区',3,610500,NULL,'0000-00-00 00:00:00','0000-00-00 00:00:00',NULL),
	(610521,'华县',3,610500,NULL,'0000-00-00 00:00:00','0000-00-00 00:00:00',NULL),
	(610522,'潼关县',3,610500,NULL,'0000-00-00 00:00:00','0000-00-00 00:00:00',NULL),
	(610523,'大荔县',3,610500,NULL,'0000-00-00 00:00:00','0000-00-00 00:00:00',NULL),
	(610524,'合阳县',3,610500,NULL,'0000-00-00 00:00:00','0000-00-00 00:00:00',NULL),
	(610525,'澄城县',3,610500,NULL,'0000-00-00 00:00:00','0000-00-00 00:00:00',NULL),
	(610526,'蒲城县',3,610500,NULL,'0000-00-00 00:00:00','0000-00-00 00:00:00',NULL),
	(610527,'白水县',3,610500,NULL,'0000-00-00 00:00:00','0000-00-00 00:00:00',NULL),
	(610528,'富平县',3,610500,NULL,'0000-00-00 00:00:00','0000-00-00 00:00:00',NULL),
	(610581,'韩城市',3,610500,NULL,'0000-00-00 00:00:00','0000-00-00 00:00:00',NULL),
	(610582,'华阴市',3,610500,NULL,'0000-00-00 00:00:00','0000-00-00 00:00:00',NULL),
	(610600,'延安市',2,610000,NULL,'0000-00-00 00:00:00','0000-00-00 00:00:00',NULL),
	(610601,'市辖区',3,610600,NULL,'0000-00-00 00:00:00','0000-00-00 00:00:00',NULL),
	(610602,'宝塔区',3,610600,NULL,'0000-00-00 00:00:00','0000-00-00 00:00:00',NULL),
	(610621,'延长县',3,610600,NULL,'0000-00-00 00:00:00','0000-00-00 00:00:00',NULL),
	(610622,'延川县',3,610600,NULL,'0000-00-00 00:00:00','0000-00-00 00:00:00',NULL),
	(610623,'子长县',3,610600,NULL,'0000-00-00 00:00:00','0000-00-00 00:00:00',NULL),
	(610624,'安塞县',3,610600,NULL,'0000-00-00 00:00:00','0000-00-00 00:00:00',NULL),
	(610625,'志丹县',3,610600,NULL,'0000-00-00 00:00:00','0000-00-00 00:00:00',NULL),
	(610626,'吴起县',3,610600,NULL,'0000-00-00 00:00:00','0000-00-00 00:00:00',NULL),
	(610627,'甘泉县',3,610600,NULL,'0000-00-00 00:00:00','0000-00-00 00:00:00',NULL),
	(610628,'富县',3,610600,NULL,'0000-00-00 00:00:00','0000-00-00 00:00:00',NULL),
	(610629,'洛川县',3,610600,NULL,'0000-00-00 00:00:00','0000-00-00 00:00:00',NULL),
	(610630,'宜川县',3,610600,NULL,'0000-00-00 00:00:00','0000-00-00 00:00:00',NULL),
	(610631,'黄龙县',3,610600,NULL,'0000-00-00 00:00:00','0000-00-00 00:00:00',NULL),
	(610632,'黄陵县',3,610600,NULL,'0000-00-00 00:00:00','0000-00-00 00:00:00',NULL),
	(610700,'汉中市',2,610000,NULL,'0000-00-00 00:00:00','0000-00-00 00:00:00',NULL),
	(610701,'市辖区',3,610700,NULL,'0000-00-00 00:00:00','0000-00-00 00:00:00',NULL),
	(610702,'汉台区',3,610700,NULL,'0000-00-00 00:00:00','0000-00-00 00:00:00',NULL),
	(610721,'南郑县',3,610700,NULL,'0000-00-00 00:00:00','0000-00-00 00:00:00',NULL),
	(610722,'城固县',3,610700,NULL,'0000-00-00 00:00:00','0000-00-00 00:00:00',NULL),
	(610723,'洋县',3,610700,NULL,'0000-00-00 00:00:00','0000-00-00 00:00:00',NULL),
	(610724,'西乡县',3,610700,NULL,'0000-00-00 00:00:00','0000-00-00 00:00:00',NULL),
	(610725,'勉县',3,610700,NULL,'0000-00-00 00:00:00','0000-00-00 00:00:00',NULL),
	(610726,'宁强县',3,610700,NULL,'0000-00-00 00:00:00','0000-00-00 00:00:00',NULL),
	(610727,'略阳县',3,610700,NULL,'0000-00-00 00:00:00','0000-00-00 00:00:00',NULL),
	(610728,'镇巴县',3,610700,NULL,'0000-00-00 00:00:00','0000-00-00 00:00:00',NULL),
	(610729,'留坝县',3,610700,NULL,'0000-00-00 00:00:00','0000-00-00 00:00:00',NULL),
	(610730,'佛坪县',3,610700,NULL,'0000-00-00 00:00:00','0000-00-00 00:00:00',NULL),
	(610800,'榆林市',2,610000,NULL,'0000-00-00 00:00:00','0000-00-00 00:00:00',NULL),
	(610801,'市辖区',3,610800,NULL,'0000-00-00 00:00:00','0000-00-00 00:00:00',NULL),
	(610802,'榆阳区',3,610800,NULL,'0000-00-00 00:00:00','0000-00-00 00:00:00',NULL),
	(610821,'神木县',3,610800,NULL,'0000-00-00 00:00:00','0000-00-00 00:00:00',NULL),
	(610822,'府谷县',3,610800,NULL,'0000-00-00 00:00:00','0000-00-00 00:00:00',NULL),
	(610823,'横山县',3,610800,NULL,'0000-00-00 00:00:00','0000-00-00 00:00:00',NULL),
	(610824,'靖边县',3,610800,NULL,'0000-00-00 00:00:00','0000-00-00 00:00:00',NULL),
	(610825,'定边县',3,610800,NULL,'0000-00-00 00:00:00','0000-00-00 00:00:00',NULL),
	(610826,'绥德县',3,610800,NULL,'0000-00-00 00:00:00','0000-00-00 00:00:00',NULL),
	(610827,'米脂县',3,610800,NULL,'0000-00-00 00:00:00','0000-00-00 00:00:00',NULL),
	(610828,'佳县',3,610800,NULL,'0000-00-00 00:00:00','0000-00-00 00:00:00',NULL),
	(610829,'吴堡县',3,610800,NULL,'0000-00-00 00:00:00','0000-00-00 00:00:00',NULL),
	(610830,'清涧县',3,610800,NULL,'0000-00-00 00:00:00','0000-00-00 00:00:00',NULL),
	(610831,'子洲县',3,610800,NULL,'0000-00-00 00:00:00','0000-00-00 00:00:00',NULL),
	(610900,'安康市',2,610000,NULL,'0000-00-00 00:00:00','0000-00-00 00:00:00',NULL),
	(610901,'市辖区',3,610900,NULL,'0000-00-00 00:00:00','0000-00-00 00:00:00',NULL),
	(610902,'汉滨区',3,610900,NULL,'0000-00-00 00:00:00','0000-00-00 00:00:00',NULL),
	(610921,'汉阴县',3,610900,NULL,'0000-00-00 00:00:00','0000-00-00 00:00:00',NULL),
	(610922,'石泉县',3,610900,NULL,'0000-00-00 00:00:00','0000-00-00 00:00:00',NULL),
	(610923,'宁陕县',3,610900,NULL,'0000-00-00 00:00:00','0000-00-00 00:00:00',NULL),
	(610924,'紫阳县',3,610900,NULL,'0000-00-00 00:00:00','0000-00-00 00:00:00',NULL),
	(610925,'岚皋县',3,610900,NULL,'0000-00-00 00:00:00','0000-00-00 00:00:00',NULL),
	(610926,'平利县',3,610900,NULL,'0000-00-00 00:00:00','0000-00-00 00:00:00',NULL),
	(610927,'镇坪县',3,610900,NULL,'0000-00-00 00:00:00','0000-00-00 00:00:00',NULL),
	(610928,'旬阳县',3,610900,NULL,'0000-00-00 00:00:00','0000-00-00 00:00:00',NULL),
	(610929,'白河县',3,610900,NULL,'0000-00-00 00:00:00','0000-00-00 00:00:00',NULL),
	(611000,'商洛市',2,610000,NULL,'0000-00-00 00:00:00','0000-00-00 00:00:00',NULL),
	(611001,'市辖区',3,611000,NULL,'0000-00-00 00:00:00','0000-00-00 00:00:00',NULL),
	(611002,'商州区',3,611000,NULL,'0000-00-00 00:00:00','0000-00-00 00:00:00',NULL),
	(611021,'洛南县',3,611000,NULL,'0000-00-00 00:00:00','0000-00-00 00:00:00',NULL),
	(611022,'丹凤县',3,611000,NULL,'0000-00-00 00:00:00','0000-00-00 00:00:00',NULL),
	(611023,'商南县',3,611000,NULL,'0000-00-00 00:00:00','0000-00-00 00:00:00',NULL),
	(611024,'山阳县',3,611000,NULL,'0000-00-00 00:00:00','0000-00-00 00:00:00',NULL),
	(611025,'镇安县',3,611000,NULL,'0000-00-00 00:00:00','0000-00-00 00:00:00',NULL),
	(611026,'柞水县',3,611000,NULL,'0000-00-00 00:00:00','0000-00-00 00:00:00',NULL),
	(620000,'甘肃省',1,0,NULL,'0000-00-00 00:00:00','0000-00-00 00:00:00',NULL),
	(620100,'兰州市',2,620000,NULL,'0000-00-00 00:00:00','0000-00-00 00:00:00',NULL),
	(620101,'市辖区',3,620100,NULL,'0000-00-00 00:00:00','0000-00-00 00:00:00',NULL),
	(620102,'城关区',3,620100,NULL,'0000-00-00 00:00:00','0000-00-00 00:00:00',NULL),
	(620103,'七里河区',3,620100,NULL,'0000-00-00 00:00:00','0000-00-00 00:00:00',NULL),
	(620104,'西固区',3,620100,NULL,'0000-00-00 00:00:00','0000-00-00 00:00:00',NULL),
	(620105,'安宁区',3,620100,NULL,'0000-00-00 00:00:00','0000-00-00 00:00:00',NULL),
	(620111,'红古区',3,620100,NULL,'0000-00-00 00:00:00','0000-00-00 00:00:00',NULL),
	(620121,'永登县',3,620100,NULL,'0000-00-00 00:00:00','0000-00-00 00:00:00',NULL),
	(620122,'皋兰县',3,620100,NULL,'0000-00-00 00:00:00','0000-00-00 00:00:00',NULL),
	(620123,'榆中县',3,620100,NULL,'0000-00-00 00:00:00','0000-00-00 00:00:00',NULL),
	(620200,'嘉峪关市',2,620000,NULL,'0000-00-00 00:00:00','0000-00-00 00:00:00',NULL),
	(620201,'市辖区',3,620200,NULL,'0000-00-00 00:00:00','0000-00-00 00:00:00',NULL),
	(620300,'金昌市',2,620000,NULL,'0000-00-00 00:00:00','0000-00-00 00:00:00',NULL),
	(620301,'市辖区',3,620300,NULL,'0000-00-00 00:00:00','0000-00-00 00:00:00',NULL),
	(620302,'金川区',3,620300,NULL,'0000-00-00 00:00:00','0000-00-00 00:00:00',NULL),
	(620321,'永昌县',3,620300,NULL,'0000-00-00 00:00:00','0000-00-00 00:00:00',NULL),
	(620400,'白银市',2,620000,NULL,'0000-00-00 00:00:00','0000-00-00 00:00:00',NULL),
	(620401,'市辖区',3,620400,NULL,'0000-00-00 00:00:00','0000-00-00 00:00:00',NULL),
	(620402,'白银区',3,620400,NULL,'0000-00-00 00:00:00','0000-00-00 00:00:00',NULL),
	(620403,'平川区',3,620400,NULL,'0000-00-00 00:00:00','0000-00-00 00:00:00',NULL),
	(620421,'靖远县',3,620400,NULL,'0000-00-00 00:00:00','0000-00-00 00:00:00',NULL),
	(620422,'会宁县',3,620400,NULL,'0000-00-00 00:00:00','0000-00-00 00:00:00',NULL),
	(620423,'景泰县',3,620400,NULL,'0000-00-00 00:00:00','0000-00-00 00:00:00',NULL),
	(620500,'天水市',2,620000,NULL,'0000-00-00 00:00:00','0000-00-00 00:00:00',NULL),
	(620501,'市辖区',3,620500,NULL,'0000-00-00 00:00:00','0000-00-00 00:00:00',NULL),
	(620502,'秦州区',3,620500,NULL,'0000-00-00 00:00:00','0000-00-00 00:00:00',NULL),
	(620503,'麦积区',3,620500,NULL,'0000-00-00 00:00:00','0000-00-00 00:00:00',NULL),
	(620521,'清水县',3,620500,NULL,'0000-00-00 00:00:00','0000-00-00 00:00:00',NULL),
	(620522,'秦安县',3,620500,NULL,'0000-00-00 00:00:00','0000-00-00 00:00:00',NULL),
	(620523,'甘谷县',3,620500,NULL,'0000-00-00 00:00:00','0000-00-00 00:00:00',NULL),
	(620524,'武山县',3,620500,NULL,'0000-00-00 00:00:00','0000-00-00 00:00:00',NULL),
	(620525,'张家川回族自治县',3,620500,NULL,'0000-00-00 00:00:00','0000-00-00 00:00:00',NULL),
	(620600,'武威市',2,620000,NULL,'0000-00-00 00:00:00','0000-00-00 00:00:00',NULL),
	(620601,'市辖区',3,620600,NULL,'0000-00-00 00:00:00','0000-00-00 00:00:00',NULL),
	(620602,'凉州区',3,620600,NULL,'0000-00-00 00:00:00','0000-00-00 00:00:00',NULL),
	(620621,'民勤县',3,620600,NULL,'0000-00-00 00:00:00','0000-00-00 00:00:00',NULL),
	(620622,'古浪县',3,620600,NULL,'0000-00-00 00:00:00','0000-00-00 00:00:00',NULL),
	(620623,'天祝藏族自治县',3,620600,NULL,'0000-00-00 00:00:00','0000-00-00 00:00:00',NULL),
	(620700,'张掖市',2,620000,NULL,'0000-00-00 00:00:00','0000-00-00 00:00:00',NULL),
	(620701,'市辖区',3,620700,NULL,'0000-00-00 00:00:00','0000-00-00 00:00:00',NULL),
	(620702,'甘州区',3,620700,NULL,'0000-00-00 00:00:00','0000-00-00 00:00:00',NULL),
	(620721,'肃南裕固族自治县',3,620700,NULL,'0000-00-00 00:00:00','0000-00-00 00:00:00',NULL),
	(620722,'民乐县',3,620700,NULL,'0000-00-00 00:00:00','0000-00-00 00:00:00',NULL),
	(620723,'临泽县',3,620700,NULL,'0000-00-00 00:00:00','0000-00-00 00:00:00',NULL),
	(620724,'高台县',3,620700,NULL,'0000-00-00 00:00:00','0000-00-00 00:00:00',NULL),
	(620725,'山丹县',3,620700,NULL,'0000-00-00 00:00:00','0000-00-00 00:00:00',NULL),
	(620800,'平凉市',2,620000,NULL,'0000-00-00 00:00:00','0000-00-00 00:00:00',NULL),
	(620801,'市辖区',3,620800,NULL,'0000-00-00 00:00:00','0000-00-00 00:00:00',NULL),
	(620802,'崆峒区',3,620800,NULL,'0000-00-00 00:00:00','0000-00-00 00:00:00',NULL),
	(620821,'泾川县',3,620800,NULL,'0000-00-00 00:00:00','0000-00-00 00:00:00',NULL),
	(620822,'灵台县',3,620800,NULL,'0000-00-00 00:00:00','0000-00-00 00:00:00',NULL),
	(620823,'崇信县',3,620800,NULL,'0000-00-00 00:00:00','0000-00-00 00:00:00',NULL),
	(620824,'华亭县',3,620800,NULL,'0000-00-00 00:00:00','0000-00-00 00:00:00',NULL),
	(620825,'庄浪县',3,620800,NULL,'0000-00-00 00:00:00','0000-00-00 00:00:00',NULL),
	(620826,'静宁县',3,620800,NULL,'0000-00-00 00:00:00','0000-00-00 00:00:00',NULL),
	(620900,'酒泉市',2,620000,NULL,'0000-00-00 00:00:00','0000-00-00 00:00:00',NULL),
	(620901,'市辖区',3,620900,NULL,'0000-00-00 00:00:00','0000-00-00 00:00:00',NULL),
	(620902,'肃州区',3,620900,NULL,'0000-00-00 00:00:00','0000-00-00 00:00:00',NULL),
	(620921,'金塔县',3,620900,NULL,'0000-00-00 00:00:00','0000-00-00 00:00:00',NULL),
	(620922,'瓜州县',3,620900,NULL,'0000-00-00 00:00:00','0000-00-00 00:00:00',NULL),
	(620923,'肃北蒙古族自治县',3,620900,NULL,'0000-00-00 00:00:00','0000-00-00 00:00:00',NULL),
	(620924,'阿克塞哈萨克族自治县',3,620900,NULL,'0000-00-00 00:00:00','0000-00-00 00:00:00',NULL),
	(620981,'玉门市',3,620900,NULL,'0000-00-00 00:00:00','0000-00-00 00:00:00',NULL),
	(620982,'敦煌市',3,620900,NULL,'0000-00-00 00:00:00','0000-00-00 00:00:00',NULL),
	(621000,'庆阳市',2,620000,NULL,'0000-00-00 00:00:00','0000-00-00 00:00:00',NULL),
	(621001,'市辖区',3,621000,NULL,'0000-00-00 00:00:00','0000-00-00 00:00:00',NULL),
	(621002,'西峰区',3,621000,NULL,'0000-00-00 00:00:00','0000-00-00 00:00:00',NULL),
	(621021,'庆城县',3,621000,NULL,'0000-00-00 00:00:00','0000-00-00 00:00:00',NULL),
	(621022,'环县',3,621000,NULL,'0000-00-00 00:00:00','0000-00-00 00:00:00',NULL),
	(621023,'华池县',3,621000,NULL,'0000-00-00 00:00:00','0000-00-00 00:00:00',NULL),
	(621024,'合水县',3,621000,NULL,'0000-00-00 00:00:00','0000-00-00 00:00:00',NULL),
	(621025,'正宁县',3,621000,NULL,'0000-00-00 00:00:00','0000-00-00 00:00:00',NULL),
	(621026,'宁县',3,621000,NULL,'0000-00-00 00:00:00','0000-00-00 00:00:00',NULL),
	(621027,'镇原县',3,621000,NULL,'0000-00-00 00:00:00','0000-00-00 00:00:00',NULL),
	(621100,'定西市',2,620000,NULL,'0000-00-00 00:00:00','0000-00-00 00:00:00',NULL),
	(621101,'市辖区',3,621100,NULL,'0000-00-00 00:00:00','0000-00-00 00:00:00',NULL),
	(621102,'安定区',3,621100,NULL,'0000-00-00 00:00:00','0000-00-00 00:00:00',NULL),
	(621121,'通渭县',3,621100,NULL,'0000-00-00 00:00:00','0000-00-00 00:00:00',NULL),
	(621122,'陇西县',3,621100,NULL,'0000-00-00 00:00:00','0000-00-00 00:00:00',NULL),
	(621123,'渭源县',3,621100,NULL,'0000-00-00 00:00:00','0000-00-00 00:00:00',NULL),
	(621124,'临洮县',3,621100,NULL,'0000-00-00 00:00:00','0000-00-00 00:00:00',NULL),
	(621125,'漳县',3,621100,NULL,'0000-00-00 00:00:00','0000-00-00 00:00:00',NULL),
	(621126,'岷县',3,621100,NULL,'0000-00-00 00:00:00','0000-00-00 00:00:00',NULL),
	(621200,'陇南市',2,620000,NULL,'0000-00-00 00:00:00','0000-00-00 00:00:00',NULL),
	(621201,'市辖区',3,621200,NULL,'0000-00-00 00:00:00','0000-00-00 00:00:00',NULL),
	(621202,'武都区',3,621200,NULL,'0000-00-00 00:00:00','0000-00-00 00:00:00',NULL),
	(621221,'成县',3,621200,NULL,'0000-00-00 00:00:00','0000-00-00 00:00:00',NULL),
	(621222,'文县',3,621200,NULL,'0000-00-00 00:00:00','0000-00-00 00:00:00',NULL),
	(621223,'宕昌县',3,621200,NULL,'0000-00-00 00:00:00','0000-00-00 00:00:00',NULL),
	(621224,'康县',3,621200,NULL,'0000-00-00 00:00:00','0000-00-00 00:00:00',NULL),
	(621225,'西和县',3,621200,NULL,'0000-00-00 00:00:00','0000-00-00 00:00:00',NULL),
	(621226,'礼县',3,621200,NULL,'0000-00-00 00:00:00','0000-00-00 00:00:00',NULL),
	(621227,'徽县',3,621200,NULL,'0000-00-00 00:00:00','0000-00-00 00:00:00',NULL),
	(621228,'两当县',3,621200,NULL,'0000-00-00 00:00:00','0000-00-00 00:00:00',NULL),
	(622900,'临夏回族自治州',2,620000,NULL,'0000-00-00 00:00:00','0000-00-00 00:00:00',NULL),
	(622901,'临夏市',3,622900,NULL,'0000-00-00 00:00:00','0000-00-00 00:00:00',NULL),
	(622921,'临夏县',3,622900,NULL,'0000-00-00 00:00:00','0000-00-00 00:00:00',NULL),
	(622922,'康乐县',3,622900,NULL,'0000-00-00 00:00:00','0000-00-00 00:00:00',NULL),
	(622923,'永靖县',3,622900,NULL,'0000-00-00 00:00:00','0000-00-00 00:00:00',NULL),
	(622924,'广河县',3,622900,NULL,'0000-00-00 00:00:00','0000-00-00 00:00:00',NULL),
	(622925,'和政县',3,622900,NULL,'0000-00-00 00:00:00','0000-00-00 00:00:00',NULL),
	(622926,'东乡族自治县',3,622900,NULL,'0000-00-00 00:00:00','0000-00-00 00:00:00',NULL),
	(622927,'积石山保安族东乡族撒拉族自治县',3,622900,NULL,'0000-00-00 00:00:00','0000-00-00 00:00:00',NULL),
	(623000,'甘南藏族自治州',2,620000,NULL,'0000-00-00 00:00:00','0000-00-00 00:00:00',NULL),
	(623001,'合作市',3,623000,NULL,'0000-00-00 00:00:00','0000-00-00 00:00:00',NULL),
	(623021,'临潭县',3,623000,NULL,'0000-00-00 00:00:00','0000-00-00 00:00:00',NULL),
	(623022,'卓尼县',3,623000,NULL,'0000-00-00 00:00:00','0000-00-00 00:00:00',NULL),
	(623023,'舟曲县',3,623000,NULL,'0000-00-00 00:00:00','0000-00-00 00:00:00',NULL),
	(623024,'迭部县',3,623000,NULL,'0000-00-00 00:00:00','0000-00-00 00:00:00',NULL),
	(623025,'玛曲县',3,623000,NULL,'0000-00-00 00:00:00','0000-00-00 00:00:00',NULL),
	(623026,'碌曲县',3,623000,NULL,'0000-00-00 00:00:00','0000-00-00 00:00:00',NULL),
	(623027,'夏河县',3,623000,NULL,'0000-00-00 00:00:00','0000-00-00 00:00:00',NULL),
	(630000,'青海省',1,0,NULL,'0000-00-00 00:00:00','0000-00-00 00:00:00',NULL),
	(630100,'西宁市',2,630000,NULL,'0000-00-00 00:00:00','0000-00-00 00:00:00',NULL),
	(630101,'市辖区',3,630100,NULL,'0000-00-00 00:00:00','0000-00-00 00:00:00',NULL),
	(630102,'城东区',3,630100,NULL,'0000-00-00 00:00:00','0000-00-00 00:00:00',NULL),
	(630103,'城中区',3,630100,NULL,'0000-00-00 00:00:00','0000-00-00 00:00:00',NULL),
	(630104,'城西区',3,630100,NULL,'0000-00-00 00:00:00','0000-00-00 00:00:00',NULL),
	(630105,'城北区',3,630100,NULL,'0000-00-00 00:00:00','0000-00-00 00:00:00',NULL),
	(630121,'大通回族土族自治县',3,630100,NULL,'0000-00-00 00:00:00','0000-00-00 00:00:00',NULL),
	(630122,'湟中县',3,630100,NULL,'0000-00-00 00:00:00','0000-00-00 00:00:00',NULL),
	(630123,'湟源县',3,630100,NULL,'0000-00-00 00:00:00','0000-00-00 00:00:00',NULL),
	(632100,'海东地区',2,630000,NULL,'0000-00-00 00:00:00','0000-00-00 00:00:00',NULL),
	(632121,'平安县',3,632100,NULL,'0000-00-00 00:00:00','0000-00-00 00:00:00',NULL),
	(632122,'民和回族土族自治县',3,632100,NULL,'0000-00-00 00:00:00','0000-00-00 00:00:00',NULL),
	(632123,'乐都县',3,632100,NULL,'0000-00-00 00:00:00','0000-00-00 00:00:00',NULL),
	(632126,'互助土族自治县',3,632100,NULL,'0000-00-00 00:00:00','0000-00-00 00:00:00',NULL),
	(632127,'化隆回族自治县',3,632100,NULL,'0000-00-00 00:00:00','0000-00-00 00:00:00',NULL),
	(632128,'循化撒拉族自治县',3,632100,NULL,'0000-00-00 00:00:00','0000-00-00 00:00:00',NULL),
	(632200,'海北藏族自治州',2,630000,NULL,'0000-00-00 00:00:00','0000-00-00 00:00:00',NULL),
	(632221,'门源回族自治县',3,632200,NULL,'0000-00-00 00:00:00','0000-00-00 00:00:00',NULL),
	(632222,'祁连县',3,632200,NULL,'0000-00-00 00:00:00','0000-00-00 00:00:00',NULL),
	(632223,'海晏县',3,632200,NULL,'0000-00-00 00:00:00','0000-00-00 00:00:00',NULL),
	(632224,'刚察县',3,632200,NULL,'0000-00-00 00:00:00','0000-00-00 00:00:00',NULL),
	(632300,'黄南藏族自治州',2,630000,NULL,'0000-00-00 00:00:00','0000-00-00 00:00:00',NULL),
	(632321,'同仁县',3,632300,NULL,'0000-00-00 00:00:00','0000-00-00 00:00:00',NULL),
	(632322,'尖扎县',3,632300,NULL,'0000-00-00 00:00:00','0000-00-00 00:00:00',NULL),
	(632323,'泽库县',3,632300,NULL,'0000-00-00 00:00:00','0000-00-00 00:00:00',NULL),
	(632324,'河南蒙古族自治县',3,632300,NULL,'0000-00-00 00:00:00','0000-00-00 00:00:00',NULL),
	(632500,'海南藏族自治州',2,630000,NULL,'0000-00-00 00:00:00','0000-00-00 00:00:00',NULL),
	(632521,'共和县',3,632500,NULL,'0000-00-00 00:00:00','0000-00-00 00:00:00',NULL),
	(632522,'同德县',3,632500,NULL,'0000-00-00 00:00:00','0000-00-00 00:00:00',NULL),
	(632523,'贵德县',3,632500,NULL,'0000-00-00 00:00:00','0000-00-00 00:00:00',NULL),
	(632524,'兴海县',3,632500,NULL,'0000-00-00 00:00:00','0000-00-00 00:00:00',NULL),
	(632525,'贵南县',3,632500,NULL,'0000-00-00 00:00:00','0000-00-00 00:00:00',NULL),
	(632600,'果洛藏族自治州',2,630000,NULL,'0000-00-00 00:00:00','0000-00-00 00:00:00',NULL),
	(632621,'玛沁县',3,632600,NULL,'0000-00-00 00:00:00','0000-00-00 00:00:00',NULL),
	(632622,'班玛县',3,632600,NULL,'0000-00-00 00:00:00','0000-00-00 00:00:00',NULL),
	(632623,'甘德县',3,632600,NULL,'0000-00-00 00:00:00','0000-00-00 00:00:00',NULL),
	(632624,'达日县',3,632600,NULL,'0000-00-00 00:00:00','0000-00-00 00:00:00',NULL),
	(632625,'久治县',3,632600,NULL,'0000-00-00 00:00:00','0000-00-00 00:00:00',NULL),
	(632626,'玛多县',3,632600,NULL,'0000-00-00 00:00:00','0000-00-00 00:00:00',NULL),
	(632700,'玉树藏族自治州',2,630000,NULL,'0000-00-00 00:00:00','0000-00-00 00:00:00',NULL),
	(632721,'玉树县',3,632700,NULL,'0000-00-00 00:00:00','0000-00-00 00:00:00',NULL),
	(632722,'杂多县',3,632700,NULL,'0000-00-00 00:00:00','0000-00-00 00:00:00',NULL),
	(632723,'称多县',3,632700,NULL,'0000-00-00 00:00:00','0000-00-00 00:00:00',NULL),
	(632724,'治多县',3,632700,NULL,'0000-00-00 00:00:00','0000-00-00 00:00:00',NULL),
	(632725,'囊谦县',3,632700,NULL,'0000-00-00 00:00:00','0000-00-00 00:00:00',NULL),
	(632726,'曲麻莱县',3,632700,NULL,'0000-00-00 00:00:00','0000-00-00 00:00:00',NULL),
	(632800,'海西蒙古族藏族自治州',2,630000,NULL,'0000-00-00 00:00:00','0000-00-00 00:00:00',NULL),
	(632801,'格尔木市',3,632800,NULL,'0000-00-00 00:00:00','0000-00-00 00:00:00',NULL),
	(632802,'德令哈市',3,632800,NULL,'0000-00-00 00:00:00','0000-00-00 00:00:00',NULL),
	(632821,'乌兰县',3,632800,NULL,'0000-00-00 00:00:00','0000-00-00 00:00:00',NULL),
	(632822,'都兰县',3,632800,NULL,'0000-00-00 00:00:00','0000-00-00 00:00:00',NULL),
	(632823,'天峻县',3,632800,NULL,'0000-00-00 00:00:00','0000-00-00 00:00:00',NULL),
	(640000,'宁夏回族自治区',1,0,NULL,'0000-00-00 00:00:00','0000-00-00 00:00:00',NULL),
	(640100,'银川市',2,640000,NULL,'0000-00-00 00:00:00','0000-00-00 00:00:00',NULL),
	(640101,'市辖区',3,640100,NULL,'0000-00-00 00:00:00','0000-00-00 00:00:00',NULL),
	(640104,'兴庆区',3,640100,NULL,'0000-00-00 00:00:00','0000-00-00 00:00:00',NULL),
	(640105,'西夏区',3,640100,NULL,'0000-00-00 00:00:00','0000-00-00 00:00:00',NULL),
	(640106,'金凤区',3,640100,NULL,'0000-00-00 00:00:00','0000-00-00 00:00:00',NULL),
	(640121,'永宁县',3,640100,NULL,'0000-00-00 00:00:00','0000-00-00 00:00:00',NULL),
	(640122,'贺兰县',3,640100,NULL,'0000-00-00 00:00:00','0000-00-00 00:00:00',NULL),
	(640181,'灵武市',3,640100,NULL,'0000-00-00 00:00:00','0000-00-00 00:00:00',NULL),
	(640200,'石嘴山市',2,640000,NULL,'0000-00-00 00:00:00','0000-00-00 00:00:00',NULL),
	(640201,'市辖区',3,640200,NULL,'0000-00-00 00:00:00','0000-00-00 00:00:00',NULL),
	(640202,'大武口区',3,640200,NULL,'0000-00-00 00:00:00','0000-00-00 00:00:00',NULL),
	(640205,'惠农区',3,640200,NULL,'0000-00-00 00:00:00','0000-00-00 00:00:00',NULL),
	(640221,'平罗县',3,640200,NULL,'0000-00-00 00:00:00','0000-00-00 00:00:00',NULL),
	(640300,'吴忠市',2,640000,NULL,'0000-00-00 00:00:00','0000-00-00 00:00:00',NULL),
	(640301,'市辖区',3,640300,NULL,'0000-00-00 00:00:00','0000-00-00 00:00:00',NULL),
	(640302,'利通区',3,640300,NULL,'0000-00-00 00:00:00','0000-00-00 00:00:00',NULL),
	(640303,'红寺堡区',3,640300,NULL,'0000-00-00 00:00:00','0000-00-00 00:00:00',NULL),
	(640323,'盐池县',3,640300,NULL,'0000-00-00 00:00:00','0000-00-00 00:00:00',NULL),
	(640324,'同心县',3,640300,NULL,'0000-00-00 00:00:00','0000-00-00 00:00:00',NULL),
	(640381,'青铜峡市',3,640300,NULL,'0000-00-00 00:00:00','0000-00-00 00:00:00',NULL),
	(640400,'固原市',2,640000,NULL,'0000-00-00 00:00:00','0000-00-00 00:00:00',NULL),
	(640401,'市辖区',3,640400,NULL,'0000-00-00 00:00:00','0000-00-00 00:00:00',NULL),
	(640402,'原州区',3,640400,NULL,'0000-00-00 00:00:00','0000-00-00 00:00:00',NULL),
	(640422,'西吉县',3,640400,NULL,'0000-00-00 00:00:00','0000-00-00 00:00:00',NULL),
	(640423,'隆德县',3,640400,NULL,'0000-00-00 00:00:00','0000-00-00 00:00:00',NULL),
	(640424,'泾源县',3,640400,NULL,'0000-00-00 00:00:00','0000-00-00 00:00:00',NULL),
	(640425,'彭阳县',3,640400,NULL,'0000-00-00 00:00:00','0000-00-00 00:00:00',NULL),
	(640500,'中卫市',2,640000,NULL,'0000-00-00 00:00:00','0000-00-00 00:00:00',NULL),
	(640501,'市辖区',3,640500,NULL,'0000-00-00 00:00:00','0000-00-00 00:00:00',NULL),
	(640502,'沙坡头区',3,640500,NULL,'0000-00-00 00:00:00','0000-00-00 00:00:00',NULL),
	(640521,'中宁县',3,640500,NULL,'0000-00-00 00:00:00','0000-00-00 00:00:00',NULL),
	(640522,'海原县',3,640500,NULL,'0000-00-00 00:00:00','0000-00-00 00:00:00',NULL),
	(650000,'新疆维吾尔自治区',1,0,NULL,'0000-00-00 00:00:00','0000-00-00 00:00:00',NULL),
	(650100,'乌鲁木齐市',2,650000,NULL,'0000-00-00 00:00:00','0000-00-00 00:00:00',NULL),
	(650101,'市辖区',3,650100,NULL,'0000-00-00 00:00:00','0000-00-00 00:00:00',NULL),
	(650102,'天山区',3,650100,NULL,'0000-00-00 00:00:00','0000-00-00 00:00:00',NULL),
	(650103,'沙依巴克区',3,650100,NULL,'0000-00-00 00:00:00','0000-00-00 00:00:00',NULL),
	(650104,'新市区',3,650100,NULL,'0000-00-00 00:00:00','0000-00-00 00:00:00',NULL),
	(650105,'水磨沟区',3,650100,NULL,'0000-00-00 00:00:00','0000-00-00 00:00:00',NULL),
	(650106,'头屯河区',3,650100,NULL,'0000-00-00 00:00:00','0000-00-00 00:00:00',NULL),
	(650107,'达坂城区',3,650100,NULL,'0000-00-00 00:00:00','0000-00-00 00:00:00',NULL),
	(650109,'米东区',3,650100,NULL,'0000-00-00 00:00:00','0000-00-00 00:00:00',NULL),
	(650121,'乌鲁木齐县',3,650100,NULL,'0000-00-00 00:00:00','0000-00-00 00:00:00',NULL);

INSERT INTO `districts` (`id`, `name`, `level`, `parent_id`, `rank`, `created_at`, `updated_at`, `deleted_at`)
VALUES
	(650200,'克拉玛依市',2,650000,NULL,'0000-00-00 00:00:00','0000-00-00 00:00:00',NULL),
	(650201,'市辖区',3,650200,NULL,'0000-00-00 00:00:00','0000-00-00 00:00:00',NULL),
	(650202,'独山子区',3,650200,NULL,'0000-00-00 00:00:00','0000-00-00 00:00:00',NULL),
	(650203,'克拉玛依区',3,650200,NULL,'0000-00-00 00:00:00','0000-00-00 00:00:00',NULL),
	(650204,'白碱滩区',3,650200,NULL,'0000-00-00 00:00:00','0000-00-00 00:00:00',NULL),
	(650205,'乌尔禾区',3,650200,NULL,'0000-00-00 00:00:00','0000-00-00 00:00:00',NULL),
	(652100,'吐鲁番地区',2,650000,NULL,'0000-00-00 00:00:00','0000-00-00 00:00:00',NULL),
	(652101,'吐鲁番市',3,652100,NULL,'0000-00-00 00:00:00','0000-00-00 00:00:00',NULL),
	(652122,'鄯善县',3,652100,NULL,'0000-00-00 00:00:00','0000-00-00 00:00:00',NULL),
	(652123,'托克逊县',3,652100,NULL,'0000-00-00 00:00:00','0000-00-00 00:00:00',NULL),
	(652200,'哈密地区',2,650000,NULL,'0000-00-00 00:00:00','0000-00-00 00:00:00',NULL),
	(652201,'哈密市',3,652200,NULL,'0000-00-00 00:00:00','0000-00-00 00:00:00',NULL),
	(652222,'巴里坤哈萨克自治县',3,652200,NULL,'0000-00-00 00:00:00','0000-00-00 00:00:00',NULL),
	(652223,'伊吾县',3,652200,NULL,'0000-00-00 00:00:00','0000-00-00 00:00:00',NULL),
	(652300,'昌吉回族自治州',2,650000,NULL,'0000-00-00 00:00:00','0000-00-00 00:00:00',NULL),
	(652301,'昌吉市',3,652300,NULL,'0000-00-00 00:00:00','0000-00-00 00:00:00',NULL),
	(652302,'阜康市',3,652300,NULL,'0000-00-00 00:00:00','0000-00-00 00:00:00',NULL),
	(652323,'呼图壁县',3,652300,NULL,'0000-00-00 00:00:00','0000-00-00 00:00:00',NULL),
	(652324,'玛纳斯县',3,652300,NULL,'0000-00-00 00:00:00','0000-00-00 00:00:00',NULL),
	(652325,'奇台县',3,652300,NULL,'0000-00-00 00:00:00','0000-00-00 00:00:00',NULL),
	(652327,'吉木萨尔县',3,652300,NULL,'0000-00-00 00:00:00','0000-00-00 00:00:00',NULL),
	(652328,'木垒哈萨克自治县',3,652300,NULL,'0000-00-00 00:00:00','0000-00-00 00:00:00',NULL),
	(652700,'博尔塔拉蒙古自治州',2,650000,NULL,'0000-00-00 00:00:00','0000-00-00 00:00:00',NULL),
	(652701,'博乐市',3,652700,NULL,'0000-00-00 00:00:00','0000-00-00 00:00:00',NULL),
	(652722,'精河县',3,652700,NULL,'0000-00-00 00:00:00','0000-00-00 00:00:00',NULL),
	(652723,'温泉县',3,652700,NULL,'0000-00-00 00:00:00','0000-00-00 00:00:00',NULL),
	(652800,'巴音郭楞蒙古自治州',2,650000,NULL,'0000-00-00 00:00:00','0000-00-00 00:00:00',NULL),
	(652801,'库尔勒市',3,652800,NULL,'0000-00-00 00:00:00','0000-00-00 00:00:00',NULL),
	(652822,'轮台县',3,652800,NULL,'0000-00-00 00:00:00','0000-00-00 00:00:00',NULL),
	(652823,'尉犁县',3,652800,NULL,'0000-00-00 00:00:00','0000-00-00 00:00:00',NULL),
	(652824,'若羌县',3,652800,NULL,'0000-00-00 00:00:00','0000-00-00 00:00:00',NULL),
	(652825,'且末县',3,652800,NULL,'0000-00-00 00:00:00','0000-00-00 00:00:00',NULL),
	(652826,'焉耆回族自治县',3,652800,NULL,'0000-00-00 00:00:00','0000-00-00 00:00:00',NULL),
	(652827,'和静县',3,652800,NULL,'0000-00-00 00:00:00','0000-00-00 00:00:00',NULL),
	(652828,'和硕县',3,652800,NULL,'0000-00-00 00:00:00','0000-00-00 00:00:00',NULL),
	(652829,'博湖县',3,652800,NULL,'0000-00-00 00:00:00','0000-00-00 00:00:00',NULL),
	(652900,'阿克苏地区',2,650000,NULL,'0000-00-00 00:00:00','0000-00-00 00:00:00',NULL),
	(652901,'阿克苏市',3,652900,NULL,'0000-00-00 00:00:00','0000-00-00 00:00:00',NULL),
	(652922,'温宿县',3,652900,NULL,'0000-00-00 00:00:00','0000-00-00 00:00:00',NULL),
	(652923,'库车县',3,652900,NULL,'0000-00-00 00:00:00','0000-00-00 00:00:00',NULL),
	(652924,'沙雅县',3,652900,NULL,'0000-00-00 00:00:00','0000-00-00 00:00:00',NULL),
	(652925,'新和县',3,652900,NULL,'0000-00-00 00:00:00','0000-00-00 00:00:00',NULL),
	(652926,'拜城县',3,652900,NULL,'0000-00-00 00:00:00','0000-00-00 00:00:00',NULL),
	(652927,'乌什县',3,652900,NULL,'0000-00-00 00:00:00','0000-00-00 00:00:00',NULL),
	(652928,'阿瓦提县',3,652900,NULL,'0000-00-00 00:00:00','0000-00-00 00:00:00',NULL),
	(652929,'柯坪县',3,652900,NULL,'0000-00-00 00:00:00','0000-00-00 00:00:00',NULL),
	(653000,'克孜勒苏柯尔克孜自治州',2,650000,NULL,'0000-00-00 00:00:00','0000-00-00 00:00:00',NULL),
	(653001,'阿图什市',3,653000,NULL,'0000-00-00 00:00:00','0000-00-00 00:00:00',NULL),
	(653022,'阿克陶县',3,653000,NULL,'0000-00-00 00:00:00','0000-00-00 00:00:00',NULL),
	(653023,'阿合奇县',3,653000,NULL,'0000-00-00 00:00:00','0000-00-00 00:00:00',NULL),
	(653024,'乌恰县',3,653000,NULL,'0000-00-00 00:00:00','0000-00-00 00:00:00',NULL),
	(653100,'喀什地区',2,650000,NULL,'0000-00-00 00:00:00','0000-00-00 00:00:00',NULL),
	(653101,'喀什市',3,653100,NULL,'0000-00-00 00:00:00','0000-00-00 00:00:00',NULL),
	(653121,'疏附县',3,653100,NULL,'0000-00-00 00:00:00','0000-00-00 00:00:00',NULL),
	(653122,'疏勒县',3,653100,NULL,'0000-00-00 00:00:00','0000-00-00 00:00:00',NULL),
	(653123,'英吉沙县',3,653100,NULL,'0000-00-00 00:00:00','0000-00-00 00:00:00',NULL),
	(653124,'泽普县',3,653100,NULL,'0000-00-00 00:00:00','0000-00-00 00:00:00',NULL),
	(653125,'莎车县',3,653100,NULL,'0000-00-00 00:00:00','0000-00-00 00:00:00',NULL),
	(653126,'叶城县',3,653100,NULL,'0000-00-00 00:00:00','0000-00-00 00:00:00',NULL),
	(653127,'麦盖提县',3,653100,NULL,'0000-00-00 00:00:00','0000-00-00 00:00:00',NULL),
	(653128,'岳普湖县',3,653100,NULL,'0000-00-00 00:00:00','0000-00-00 00:00:00',NULL),
	(653129,'伽师县',3,653100,NULL,'0000-00-00 00:00:00','0000-00-00 00:00:00',NULL),
	(653130,'巴楚县',3,653100,NULL,'0000-00-00 00:00:00','0000-00-00 00:00:00',NULL),
	(653131,'塔什库尔干塔吉克自治县',3,653100,NULL,'0000-00-00 00:00:00','0000-00-00 00:00:00',NULL),
	(653200,'和田地区',2,650000,NULL,'0000-00-00 00:00:00','0000-00-00 00:00:00',NULL),
	(653201,'和田市',3,653200,NULL,'0000-00-00 00:00:00','0000-00-00 00:00:00',NULL),
	(653221,'和田县',3,653200,NULL,'0000-00-00 00:00:00','0000-00-00 00:00:00',NULL),
	(653222,'墨玉县',3,653200,NULL,'0000-00-00 00:00:00','0000-00-00 00:00:00',NULL),
	(653223,'皮山县',3,653200,NULL,'0000-00-00 00:00:00','0000-00-00 00:00:00',NULL),
	(653224,'洛浦县',3,653200,NULL,'0000-00-00 00:00:00','0000-00-00 00:00:00',NULL),
	(653225,'策勒县',3,653200,NULL,'0000-00-00 00:00:00','0000-00-00 00:00:00',NULL),
	(653226,'于田县',3,653200,NULL,'0000-00-00 00:00:00','0000-00-00 00:00:00',NULL),
	(653227,'民丰县',3,653200,NULL,'0000-00-00 00:00:00','0000-00-00 00:00:00',NULL),
	(654000,'伊犁哈萨克自治州',2,650000,NULL,'0000-00-00 00:00:00','0000-00-00 00:00:00',NULL),
	(654002,'伊宁市',3,654000,NULL,'0000-00-00 00:00:00','0000-00-00 00:00:00',NULL),
	(654003,'奎屯市',3,654000,NULL,'0000-00-00 00:00:00','0000-00-00 00:00:00',NULL),
	(654021,'伊宁县',3,654000,NULL,'0000-00-00 00:00:00','0000-00-00 00:00:00',NULL),
	(654022,'察布查尔锡伯自治县',3,654000,NULL,'0000-00-00 00:00:00','0000-00-00 00:00:00',NULL),
	(654023,'霍城县',3,654000,NULL,'0000-00-00 00:00:00','0000-00-00 00:00:00',NULL),
	(654024,'巩留县',3,654000,NULL,'0000-00-00 00:00:00','0000-00-00 00:00:00',NULL),
	(654025,'新源县',3,654000,NULL,'0000-00-00 00:00:00','0000-00-00 00:00:00',NULL),
	(654026,'昭苏县',3,654000,NULL,'0000-00-00 00:00:00','0000-00-00 00:00:00',NULL),
	(654027,'特克斯县',3,654000,NULL,'0000-00-00 00:00:00','0000-00-00 00:00:00',NULL),
	(654028,'尼勒克县',3,654000,NULL,'0000-00-00 00:00:00','0000-00-00 00:00:00',NULL),
	(654200,'塔城地区',2,650000,NULL,'0000-00-00 00:00:00','0000-00-00 00:00:00',NULL),
	(654201,'塔城市',3,654200,NULL,'0000-00-00 00:00:00','0000-00-00 00:00:00',NULL),
	(654202,'乌苏市',3,654200,NULL,'0000-00-00 00:00:00','0000-00-00 00:00:00',NULL),
	(654221,'额敏县',3,654200,NULL,'0000-00-00 00:00:00','0000-00-00 00:00:00',NULL),
	(654223,'沙湾县',3,654200,NULL,'0000-00-00 00:00:00','0000-00-00 00:00:00',NULL),
	(654224,'托里县',3,654200,NULL,'0000-00-00 00:00:00','0000-00-00 00:00:00',NULL),
	(654225,'裕民县',3,654200,NULL,'0000-00-00 00:00:00','0000-00-00 00:00:00',NULL),
	(654226,'和布克赛尔蒙古自治县',3,654200,NULL,'0000-00-00 00:00:00','0000-00-00 00:00:00',NULL),
	(654300,'阿勒泰地区',2,650000,NULL,'0000-00-00 00:00:00','0000-00-00 00:00:00',NULL),
	(654301,'阿勒泰市',3,654300,NULL,'0000-00-00 00:00:00','0000-00-00 00:00:00',NULL),
	(654321,'布尔津县',3,654300,NULL,'0000-00-00 00:00:00','0000-00-00 00:00:00',NULL),
	(654322,'富蕴县',3,654300,NULL,'0000-00-00 00:00:00','0000-00-00 00:00:00',NULL),
	(654323,'福海县',3,654300,NULL,'0000-00-00 00:00:00','0000-00-00 00:00:00',NULL),
	(654324,'哈巴河县',3,654300,NULL,'0000-00-00 00:00:00','0000-00-00 00:00:00',NULL),
	(654325,'青河县',3,654300,NULL,'0000-00-00 00:00:00','0000-00-00 00:00:00',NULL),
	(654326,'吉木乃县',3,654300,NULL,'0000-00-00 00:00:00','0000-00-00 00:00:00',NULL),
	(659000,'自治区直辖县级行政区划',2,650000,NULL,'0000-00-00 00:00:00','0000-00-00 00:00:00',NULL),
	(659001,'石河子市',3,659000,NULL,'0000-00-00 00:00:00','0000-00-00 00:00:00',NULL),
	(659002,'阿拉尔市',3,659000,NULL,'0000-00-00 00:00:00','0000-00-00 00:00:00',NULL),
	(659003,'图木舒克市',3,659000,NULL,'0000-00-00 00:00:00','0000-00-00 00:00:00',NULL),
	(659004,'五家渠市',3,659000,NULL,'0000-00-00 00:00:00','0000-00-00 00:00:00',NULL),
	(710000,'台湾省',1,0,NULL,'0000-00-00 00:00:00','0000-00-00 00:00:00',NULL),
	(810000,'香港特别行政区',1,0,NULL,'0000-00-00 00:00:00','0000-00-00 00:00:00',NULL),
	(820000,'澳门特别行政区',1,0,NULL,'0000-00-00 00:00:00','0000-00-00 00:00:00',NULL);

/*!40000 ALTER TABLE `districts` ENABLE KEYS */;
UNLOCK TABLES;


# Dump of table landscape_audience
# ------------------------------------------------------------

DROP TABLE IF EXISTS `landscape_audience`;

CREATE TABLE `landscape_audience` (
  `id` int(10) unsigned NOT NULL AUTO_INCREMENT,
  `landscape_id` int(10) unsigned NOT NULL,
  `audience_id` int(10) unsigned NOT NULL,
  PRIMARY KEY (`id`),
  UNIQUE KEY `landscape_audience_landscape_id_audience_id_unique` (`landscape_id`,`audience_id`)
) ENGINE=MyISAM DEFAULT CHARSET=utf8;

LOCK TABLES `landscape_audience` WRITE;
/*!40000 ALTER TABLE `landscape_audience` DISABLE KEYS */;

INSERT INTO `landscape_audience` (`id`, `landscape_id`, `audience_id`)
VALUES
	(1,7,2),
	(2,7,5),
	(3,8,1),
	(4,8,2),
	(5,8,3),
	(6,8,7),
	(7,8,8),
	(8,9,1),
	(9,9,2),
	(10,9,3),
	(11,10,2),
	(12,10,8),
	(13,11,1),
	(14,12,1),
	(15,12,2),
	(16,12,3),
	(17,13,1),
	(18,13,7),
	(19,13,8),
	(20,15,1),
	(21,15,2),
	(22,15,3),
	(23,15,4),
	(24,16,9),
	(25,17,1),
	(26,17,2),
	(27,18,9),
	(28,19,9),
	(29,20,1),
	(30,20,7),
	(31,20,2),
	(32,20,8),
	(33,20,3),
	(34,20,9),
	(35,20,4),
	(36,20,5),
	(37,20,6),
	(38,21,1),
	(39,21,7),
	(40,21,2),
	(41,21,8),
	(42,21,3),
	(43,21,9),
	(44,21,4),
	(45,21,5),
	(46,21,6),
	(47,22,1),
	(48,22,7),
	(49,22,2),
	(50,22,8),
	(51,22,4),
	(52,22,5),
	(53,22,6),
	(54,23,8),
	(55,23,3),
	(56,23,4),
	(57,233,1),
	(58,234,1),
	(59,235,3),
	(60,236,3),
	(103,241,8),
	(68,244,2),
	(104,241,3),
	(64,243,2),
	(65,243,8),
	(75,245,1),
	(76,245,7),
	(77,245,2),
	(78,245,8),
	(79,245,3),
	(80,245,9),
	(81,245,4),
	(82,245,5),
	(83,245,6),
	(84,237,8),
	(105,246,2),
	(106,246,8),
	(107,247,7),
	(221,248,7),
	(226,248,6),
	(225,248,5),
	(224,248,3),
	(222,248,2),
	(220,248,1),
	(173,276,2),
	(223,248,8),
	(176,276,6),
	(175,276,4),
	(185,282,3),
	(172,276,7),
	(174,276,3),
	(171,276,1),
	(184,282,1),
	(123,277,1),
	(124,278,2),
	(125,279,1),
	(126,279,7),
	(127,279,2),
	(128,279,8),
	(129,279,3),
	(130,279,9),
	(131,279,4),
	(132,279,5),
	(133,279,6),
	(134,280,1),
	(135,280,7),
	(136,280,2),
	(137,280,8),
	(138,280,3),
	(139,280,9),
	(140,280,4),
	(141,280,5),
	(142,280,6),
	(143,281,2),
	(186,283,2),
	(187,284,1),
	(233,285,8),
	(232,285,2),
	(190,286,1),
	(191,286,7),
	(192,286,2),
	(193,286,8),
	(194,286,3),
	(195,286,4),
	(196,286,5),
	(197,286,6),
	(198,287,1),
	(199,287,7),
	(200,287,2),
	(201,287,8),
	(202,287,3),
	(203,287,4),
	(204,287,5),
	(205,287,6),
	(227,288,2),
	(228,288,3),
	(229,288,4),
	(230,289,1),
	(231,289,2);

/*!40000 ALTER TABLE `landscape_audience` ENABLE KEYS */;
UNLOCK TABLES;


# Dump of table landscape_audiences
# ------------------------------------------------------------

DROP TABLE IF EXISTS `landscape_audiences`;

CREATE TABLE `landscape_audiences` (
  `id` int(10) unsigned NOT NULL AUTO_INCREMENT,
  `name` varchar(100) NOT NULL,
  `rank` int(10) unsigned DEFAULT NULL,
  `created_by` int(10) unsigned DEFAULT NULL,
  `created_at` timestamp NOT NULL DEFAULT '0000-00-00 00:00:00',
  `updated_at` timestamp NOT NULL DEFAULT '0000-00-00 00:00:00',
  `deleted_at` timestamp NULL DEFAULT NULL,
  PRIMARY KEY (`id`),
  UNIQUE KEY `landscape_audiences_name_unique` (`name`)
) ENGINE=MyISAM DEFAULT CHARSET=utf8;

LOCK TABLES `landscape_audiences` WRITE;
/*!40000 ALTER TABLE `landscape_audiences` DISABLE KEYS */;

INSERT INTO `landscape_audiences` (`id`, `name`, `rank`, `created_by`, `created_at`, `updated_at`, `deleted_at`)
VALUES
	(1,'家庭',NULL,NULL,'0000-00-00 00:00:00','0000-00-00 00:00:00',NULL),
	(2,'情侣',NULL,NULL,'0000-00-00 00:00:00','0000-00-00 00:00:00',NULL),
	(3,'个人',NULL,NULL,'0000-00-00 00:00:00','0000-00-00 00:00:00',NULL),
	(4,'老人',NULL,NULL,'0000-00-00 00:00:00','0000-00-00 00:00:00',NULL),
	(5,'商务',NULL,NULL,'0000-00-00 00:00:00','0000-00-00 00:00:00',NULL),
	(6,'公司',NULL,NULL,'0000-00-00 00:00:00','0000-00-00 00:00:00',NULL),
	(7,'朋友',NULL,NULL,'0000-00-00 00:00:00','0000-00-00 00:00:00',NULL),
	(8,'同学',NULL,NULL,'0000-00-00 00:00:00','0000-00-00 00:00:00',NULL);

/*!40000 ALTER TABLE `landscape_audiences` ENABLE KEYS */;
UNLOCK TABLES;


# Dump of table landscape_levels
# ------------------------------------------------------------

DROP TABLE IF EXISTS `landscape_levels`;

CREATE TABLE `landscape_levels` (
  `id` int(10) unsigned NOT NULL,
  `name` varchar(100) NOT NULL,
  `rank` int(10) unsigned DEFAULT NULL,
  `created_by` int(10) unsigned DEFAULT NULL,
  `created_at` timestamp NOT NULL DEFAULT '0000-00-00 00:00:00',
  `updated_at` timestamp NOT NULL DEFAULT '0000-00-00 00:00:00',
  `deleted_at` timestamp NULL DEFAULT NULL,
  PRIMARY KEY (`id`)
) ENGINE=MyISAM DEFAULT CHARSET=utf8;

LOCK TABLES `landscape_levels` WRITE;
/*!40000 ALTER TABLE `landscape_levels` DISABLE KEYS */;

INSERT INTO `landscape_levels` (`id`, `name`, `rank`, `created_by`, `created_at`, `updated_at`, `deleted_at`)
VALUES
	(0,'非A景区',NULL,NULL,'0000-00-00 00:00:00','0000-00-00 00:00:00',NULL),
	(1,'A景区',NULL,NULL,'0000-00-00 00:00:00','0000-00-00 00:00:00',NULL),
	(2,'AA景区',NULL,NULL,'0000-00-00 00:00:00','0000-00-00 00:00:00',NULL),
	(3,'AAA景区',NULL,NULL,'0000-00-00 00:00:00','0000-00-00 00:00:00',NULL),
	(4,'AAAA景区',NULL,NULL,'0000-00-00 00:00:00','0000-00-00 00:00:00',NULL),
	(5,'AAAAA景区',NULL,NULL,'0000-00-00 00:00:00','0000-00-00 00:00:00',NULL);

/*!40000 ALTER TABLE `landscape_levels` ENABLE KEYS */;
UNLOCK TABLES;


# Dump of table landscape_theme
# ------------------------------------------------------------

DROP TABLE IF EXISTS `landscape_theme`;

CREATE TABLE `landscape_theme` (
  `id` int(10) unsigned NOT NULL AUTO_INCREMENT,
  `landscape_id` int(10) unsigned NOT NULL,
  `theme_id` int(10) unsigned NOT NULL,
  PRIMARY KEY (`id`),
  UNIQUE KEY `landscape_theme_landscape_id_theme_id_unique` (`landscape_id`,`theme_id`)
) ENGINE=MyISAM DEFAULT CHARSET=utf8;

LOCK TABLES `landscape_theme` WRITE;
/*!40000 ALTER TABLE `landscape_theme` DISABLE KEYS */;

INSERT INTO `landscape_theme` (`id`, `landscape_id`, `theme_id`)
VALUES
	(1,7,2),
	(2,7,8),
	(3,7,11),
	(4,8,1),
	(5,8,13),
	(6,9,1),
	(7,9,2),
	(8,9,3),
	(9,10,2),
	(10,10,8),
	(11,10,14),
	(12,11,1),
	(13,12,1),
	(14,12,2),
	(15,12,3),
	(16,13,10),
	(17,13,12),
	(18,15,1),
	(19,15,2),
	(20,15,3),
	(21,15,4),
	(25,16,1),
	(23,17,1),
	(24,17,7),
	(26,16,2),
	(27,18,12),
	(28,19,5),
	(29,20,1),
	(30,21,1),
	(31,22,7),
	(32,22,2),
	(33,22,14),
	(34,23,14),
	(35,23,9),
	(36,233,2),
	(37,234,2),
	(38,235,1),
	(39,235,14),
	(40,235,15),
	(41,236,1),
	(42,236,3),
	(43,236,9),
	(54,245,1),
	(50,244,1),
	(65,241,2),
	(47,243,7),
	(48,243,8),
	(55,237,1),
	(66,246,7),
	(67,246,2),
	(68,247,1),
	(122,248,1),
	(123,248,2),
	(124,248,3),
	(72,273,10),
	(73,274,10),
	(100,276,4),
	(97,276,1),
	(99,276,3),
	(98,276,8),
	(78,277,1),
	(79,278,14),
	(80,279,1),
	(81,280,1),
	(82,281,14),
	(101,276,10),
	(105,282,1),
	(106,282,2),
	(107,282,3),
	(108,283,2),
	(109,284,2),
	(110,284,9),
	(111,284,15),
	(132,285,2),
	(131,285,1),
	(114,286,1),
	(115,287,1),
	(125,288,1),
	(126,288,2),
	(127,288,3),
	(128,289,1),
	(129,289,3),
	(130,289,4),
	(133,285,8);

/*!40000 ALTER TABLE `landscape_theme` ENABLE KEYS */;
UNLOCK TABLES;


# Dump of table landscape_themes
# ------------------------------------------------------------

DROP TABLE IF EXISTS `landscape_themes`;

CREATE TABLE `landscape_themes` (
  `id` int(10) unsigned NOT NULL AUTO_INCREMENT,
  `name` varchar(100) NOT NULL,
  `rank` int(10) unsigned DEFAULT NULL,
  `created_by` int(10) unsigned DEFAULT NULL,
  `created_at` timestamp NOT NULL DEFAULT '0000-00-00 00:00:00',
  `updated_at` timestamp NOT NULL DEFAULT '0000-00-00 00:00:00',
  `deleted_at` timestamp NULL DEFAULT NULL,
  PRIMARY KEY (`id`),
  UNIQUE KEY `landscape_themes_name_unique` (`name`)
) ENGINE=MyISAM DEFAULT CHARSET=utf8;

LOCK TABLES `landscape_themes` WRITE;
/*!40000 ALTER TABLE `landscape_themes` DISABLE KEYS */;

INSERT INTO `landscape_themes` (`id`, `name`, `rank`, `created_by`, `created_at`, `updated_at`, `deleted_at`)
VALUES
	(1,'休闲',NULL,NULL,'0000-00-00 00:00:00','0000-00-00 00:00:00',NULL),
	(2,'文化',NULL,NULL,'0000-00-00 00:00:00','0000-00-00 00:00:00',NULL),
	(3,'演出',NULL,NULL,'0000-00-00 00:00:00','0000-00-00 00:00:00',NULL),
	(4,'户外拓展',NULL,NULL,'0000-00-00 00:00:00','0000-00-00 00:00:00',NULL),
	(5,'古镇',NULL,NULL,'0000-00-00 00:00:00','0000-00-00 00:00:00',NULL),
	(6,'水乡',NULL,NULL,'0000-00-00 00:00:00','0000-00-00 00:00:00',NULL),
	(7,'滑雪',NULL,NULL,'0000-00-00 00:00:00','0000-00-00 00:00:00',NULL),
	(8,'探险',NULL,NULL,'0000-00-00 00:00:00','0000-00-00 00:00:00',NULL),
	(9,'园林',NULL,NULL,'0000-00-00 00:00:00','0000-00-00 00:00:00',NULL),
	(10,'农家乐',NULL,NULL,'0000-00-00 00:00:00','0000-00-00 00:00:00',NULL),
	(11,'漂流',NULL,NULL,'0000-00-00 00:00:00','0000-00-00 00:00:00',NULL),
	(12,'登山',NULL,NULL,'0000-00-00 00:00:00','0000-00-00 00:00:00',NULL),
	(13,'温泉',NULL,NULL,'0000-00-00 00:00:00','0000-00-00 00:00:00',NULL),
	(14,'生态旅游',NULL,NULL,'0000-00-00 00:00:00','0000-00-00 00:00:00',NULL),
	(15,'红色',NULL,12,'2013-10-22 03:34:12','2013-10-22 03:34:12',NULL);

/*!40000 ALTER TABLE `landscape_themes` ENABLE KEYS */;
UNLOCK TABLES;


# Dump of table landscapes
# ------------------------------------------------------------

DROP TABLE IF EXISTS `landscapes`;

CREATE TABLE `landscapes` (
  `id` int(10) unsigned NOT NULL AUTO_INCREMENT,
  `name` varchar(100) DEFAULT NULL,
  `landscape_level_id` int(10) unsigned NOT NULL,
  `district_id` int(10) unsigned NOT NULL,
  `address` varchar(100) DEFAULT NULL,
  `thumbnail_id` int(10) unsigned DEFAULT NULL,
  `phone` varchar(100) DEFAULT NULL,
  `hours` text,
  `exaddress` varchar(100) DEFAULT NULL,
  `description` text,
  `biography` text,
  `note` text,
  `transit` text,
  `rank` int(10) unsigned DEFAULT NULL,
  `status` enum('normal','unaudited','failed','suspend') NOT NULL DEFAULT 'unaudited',
  `created_by` int(10) unsigned DEFAULT NULL,
  `audited_by` int(10) unsigned DEFAULT NULL,
  `audited_at` timestamp NULL DEFAULT NULL,
  `created_at` timestamp NOT NULL DEFAULT '0000-00-00 00:00:00',
  `updated_at` timestamp NOT NULL DEFAULT '0000-00-00 00:00:00',
  `deleted_at` timestamp NULL DEFAULT NULL,
  `organization_id` int(10) unsigned NOT NULL COMMENT '机构id',
  `impower_id` int(10) unsigned NOT NULL DEFAULT '0' COMMENT '授权书',
  `poi_id` int(10) unsigned NOT NULL DEFAULT '0' COMMENT 'poi id',
  `location_hash` varchar(10) NOT NULL DEFAULT '' COMMENT '数据中心加密的5位的景区id',
  PRIMARY KEY (`id`)
) ENGINE=MyISAM DEFAULT CHARSET=utf8;

LOCK TABLES `landscapes` WRITE;
/*!40000 ALTER TABLE `landscapes` DISABLE KEYS */;

INSERT INTO `landscapes` (`id`, `name`, `landscape_level_id`, `district_id`, `address`, `thumbnail_id`, `phone`, `hours`, `exaddress`, `description`, `biography`, `note`, `transit`, `rank`, `status`, `created_by`, `audited_by`, `audited_at`, `created_at`, `updated_at`, `deleted_at`, `organization_id`, `impower_id`, `poi_id`, `location_hash`)
VALUES
	(1,'武夷山d',4,110000,'地址地址',0,'13533334444','aaaaa','','描述','传记传记传记传记传记传记传记传记传记','标记标记','',0,'normal',1,1,'2013-08-21 12:11:11','2013-08-20 12:11:11','2014-02-26 14:54:29',NULL,1,0,0,'Z0000'),
	(2,'土楼',5,110106,'地址地址',NULL,'222222222','aaaaa','abscdd','描述','传记传记传记传记传记传记传记传记传记','标记标记',NULL,1,'normal',1,1,'2013-08-21 12:11:11','2013-08-20 12:11:11','2013-08-20 12:11:11',NULL,1,0,0,''),
	(3,'武夷山武夷山',4,110000,'地址地址',NULL,'111111111','aaaaa','abscdd','描述','传记传记传记传记传记传记传记传记传记','标记标记',NULL,1,'normal',1,1,'2013-08-21 12:11:11','2013-08-20 12:11:11','2013-08-20 12:11:11',NULL,1,0,0,''),
	(4,'景点三',4,110000,'地址地址',NULL,'111111111','aaaaa','abscdd','描述','传记传记传记传记传记传记传记传记传记','标记标记',NULL,1,'normal',1,1,'2014-01-23 18:32:52','2013-08-20 12:11:11','2014-01-25 13:39:09',NULL,1,0,0,'70000'),
	(5,'景点四',4,110000,'地址地址',NULL,'13456786756','aaaaa','abscdd','描述','传记传记传记传记传记传记传记传记传记','标记标记',NULL,1,'unaudited',1,1,'2013-08-21 12:11:11','2013-08-20 12:11:11','2013-08-20 12:11:11',NULL,1,0,0,''),
	(6,'景点五',3,110000,'地址地址',2,'13456786756','aaaaa','','描述','传记传记传记传记传记传记传记传记传记','标记标记','',0,'failed',1,1,'2013-08-21 12:11:11','2013-08-20 12:11:11','2013-09-27 09:58:09',NULL,1,0,0,''),
	(7,'景点六',2,110000,'地址地址',1,'13456786756','aaaaa','','描述','传记传记传记传记传记传记传记传记传记','标记标记','',0,'failed',1,1,'2013-08-21 12:11:11','2013-08-20 12:11:11','2013-09-27 09:41:37',NULL,1,0,0,''),
	(8,'测试景区',3,340603,'友谊路147号',4,'','夏季','二恶烷','ewafebvaefazbnfbgse','','beabgtvcsxgtrebh','',0,'normal',4,0,'0000-00-00 00:00:00','2013-09-30 06:37:12','2013-12-11 16:58:09','2013-12-11 16:58:09',2,0,0,''),
	(9,'东方明珠',4,320102,'陆家嘴',5,'','早9点到晚9点','东方明珠旁边小卖部','东方明珠广播电视塔（the Oriental Pearl TV Tower），坐落在中国上海浦东新区陆家嘴，毗邻黄浦江，与外滩隔江相望，上海国际新闻中心所在地。东方明珠塔是由上海现代建筑设计（集团）有限公司的江欢成设计。塔高468米。','','多买多送','',NULL,'normal',7,NULL,NULL,'2013-10-09 04:28:41','2013-12-11 16:58:14','2013-12-11 16:58:14',2,0,0,''),
	(10,'aaa01',4,360000,'vcdsbgwswswwsawwgrtr',6,'','夏季3月至8月','grewbtrwvcxfrew','4hrwgdfvtrewhyregrdsfesegergrwe','','gtrewvdxc grewctrggrfvdxz','',NULL,'normal',4,NULL,NULL,'2013-10-09 08:02:08','2013-12-11 16:58:20','2013-12-11 16:58:20',2,0,0,''),
	(11,'llll',3,310230,'jkjj',7,'','lllll','kkk','k','','lk','',NULL,'unaudited',7,NULL,NULL,'2013-10-11 08:24:01','2013-12-11 16:57:47','2013-12-11 16:57:47',2,0,0,''),
	(12,'东方明珠',4,310115,'陆家嘴',8,'021-110','早9点到晚9点','东方明珠旁边小卖部','东方明珠广播电视塔（the Oriental Pearl TV Tower），坐落在中国上海浦东新区陆家嘴，毗邻黄浦江，与外滩隔江相望，上海国际新闻中心所在地。东方明珠塔是由上海现代建筑设计（集团）有限公司的江欢成设计。塔高468米。','','多买多送','地铁2号线陆家嘴站下，步行5分钟即到。',NULL,'normal',7,NULL,NULL,'2013-10-11 08:27:30','2013-12-11 16:57:54','2013-12-11 16:57:54',2,0,0,''),
	(13,'aaa03',2,410304,'发哇啊vf啊vfda分哇',14,'13623458654','秋季','瑞丰阿vbfrereaq惹我吧','费时间啊缴费期工具日俄非欧完全vfeiwvjrievhruw蓉儿俄武器vri[gfeqgjre9iqvfjriew[','','非惹我日文版vtrieobet 哦热帖【 开会头阿达 rbwsz、','',NULL,'normal',4,NULL,NULL,'2013-10-17 10:10:44','2013-12-11 16:57:52','2013-12-11 16:57:52',2,0,0,''),
	(14,'123',1,110101,NULL,NULL,NULL,NULL,NULL,NULL,NULL,NULL,NULL,NULL,'unaudited',7,NULL,NULL,'2013-10-22 03:33:16','2013-12-11 16:56:53','2013-12-11 16:56:53',2,0,0,''),
	(15,'123',1,110101,NULL,NULL,NULL,NULL,NULL,NULL,NULL,NULL,NULL,NULL,'unaudited',7,NULL,NULL,'2013-10-22 03:39:57','2013-12-11 16:58:02','2013-12-11 16:58:02',2,0,0,''),
	(16,'永定土楼',5,350822,'福建省龙岩市永定县洪坑村',17,'','8:00—17:00','福建省龙岩市永定县洪坑村','    永定土楼，位于中国东南沿海的福建省龙岩市，是世界上独一无二的神奇的山区民居建筑，是中国古建筑的一朵奇葩。2008年7月，成功列入世界遗产名录。它历史悠久、风格独特，规模宏大、结构精巧。土楼分方形和圆形两种。龙岩地区共有著名的圆楼360座，著名的方楼4000多座。\n\n    福建土楼是东方文明的一颗明珠，是世界上独一无二的山区大型夯土民居建筑，创造性的生土建筑艺术杰作。它以历史悠久、种类繁多、规模宏大、结构奇巧、功能齐全、内涵丰富著称，具有极高的历史、艺术和科学价值，被誉为“东方古城堡”、“世界建筑奇葩”，“世界上独一无二的、神话般的山区建筑模式”。\n福建土楼产生于宋元，成熟于明末、清代和民国时期。世遗土楼中最古老和最年轻的均在初溪土楼群，直径66米的集庆楼已届600“高龄”，直径31米的善庆楼则仅有30年历史。\n\n永定土楼千姿百态，种类繁多，分方楼圆楼两大体系，其中有殿堂式楼、五\n\n    凤楼、长方形楼、正方形楼、三合式楼、五角楼、六角楼、八角楼、纱帽楼、走马楼、日字形楼、曲尺形楼、吊脚楼、半月形楼、圆形楼、前圆后方楼、前方后圆楼、椭圆形楼等20多种建筑形式，永定被称为一座没有大门的中国客家土楼博物馆。在众多的土楼中，其中最具代表性的是五凤楼、大的方楼和圆楼。\n    五凤楼是一种“三堂两横式”的组合楼房，在永定比较突出的有裕隆楼、福裕楼等10多座。它们的构造特点是在中轴线上，前、中、后堂与轴线两翼横楼连成一体，前低后高。楼顶歇山从后到前，呈五个层次，层层迭落。屋角飞檐，形如鸟翅，所以称五凤楼。整楼构造体现了强烈的主次等级观念，比一般的方楼更显得气势轩昂、典雅高贵。在各类土楼中，最令世界各地游客惊叹的就是当地人称为圆寨的圆形土楼。这种圆楼大部分分布在金峰溪流域的乡镇。圆楼外高内低，楼内有楼，环环相套，最具特色，其通风采光、抗台风地震、防卫功能比方楼好，赢得了许多中外专家学者、文人墨客精彩纷呈的赞颂和比喻：犹如古罗马的城堡，直指云天；犹如黑色飞碟，从天而降；犹如朦胧古月，悬于东方；犹如一座古井，永不干涸；犹如一部读不完的百科全书，博大精深。\n    \n    永定每一座作为单体的土楼都各自形成独特奇异的审美客体和艺术魅力。而以自然村落为单位，以圆楼为主体形成的方圆土楼群，青山怀抱，绿水环绕，田园烘托，既壮观，又抒情，其诗情画意和豪迈气概，让人留下许多遐思和无穷的想象空间。初溪土楼群由数十座土楼组成。建于1419年的单元式的集庆楼等5座圆楼与其它土楼依山势而建，与青山、绿水、梯田融为一体，构成了一幅神奇古朴、美丽的画卷。被评为福建省历史文化名镇的湖坑镇，土楼种类繁多，土楼群体更为壮观。南溪土楼群错落有致地布局在一条小河两岸的狭长地带，贯穿6个行政村，除环极楼、衍香楼、振福楼等圆楼外，还有长方形、正方形、八角形、椭圆形、前圆后方形等100多座大型方圆土楼。它们与秀丽的山河景色互为映衬，充分表现了楼与山水、人与自然的和谐统一。','','1. 身高1.2米以下儿童免票；身高1.2~1.4米儿童，门票半价优惠。\n\n2. 60~69周岁老年人凭有效证件，门票半价优惠；70周岁以上（含70周岁）老年人凭有效证件免票。\n\n3. 大、中、小学学生（不含成人教育学生）凭学生证，门票半价优惠。\n\n4. 残疾人凭有效证件免票。\n\n5. 现役军人凭有效证件，门票半价优惠。','',0,'normal',12,0,'0000-00-00 00:00:00','2013-10-22 03:49:14','2013-12-11 16:57:38','2013-12-11 16:57:38',2,0,0,''),
	(17,'aaa',3,150524,'aaa',7,'','aa','aaa','aa','aa','aa','',NULL,'unaudited',4,NULL,NULL,'2013-10-22 04:02:41','2013-12-11 16:57:27','2013-12-11 16:57:27',2,0,0,''),
	(18,'福建冠豸山',5,350825,'福建省连城县莲峰镇大坪村 ',18,'0597-891288','8:00—18:00','福建省连城县莲峰镇大坪村 ','    冠豸山，位于福建连城县城东郊1公里。以其主峰形似古代獬豸冠而得名，寓含刚正廉明之意，旧称“东田山”、“莲峰山”，以其天生丽质于1986年荣膺“福建十佳风景区”。\n\n“平地兀立，不连岗自高，不托势自远”。景区方圆123平方公里，集山、水、岩、洞、泉、寺、园诸神秀于一身，雄奇、清丽、幽深，与武夷同属丹霞地貌，被誉为：“北夷南豸，丹霞双绝”。\n\n    冠豸山有山奇、水秀、谷幽、岩深之神秀。有中开一谷的苍玉峡，惊而不险的丹梯云栈，放眼万里的一线天，冷风袭人的雪洞，山泉琮琮的莲花洞。身姿绰约的姐妹岩，撩人遐思的玉女池等。目前可游览的景观有四十余处，摩崖石刻三十九处，另有规模壮观的亭、阁、寺庙、书院、山房等十余处。\n\n    山中风景秀丽，独树一帜。历代留下许多摩崖石刻和楼台亭阁及书院等人文景观。今尚存半云亭、松风亭、东山书院、修竹书院、灵 芝庵等以及摩崖石刻40余处。最为珍贵的有林则徐登临冠豸山时手书的横匾“江左风流”，现存于东山草堂内；还有乾隆年间的名士纪晓岚，任福建提督学院时题写的“追步东山”真迹。\n','','门票内容不包含景区内的餐饮和住宿。','交通不是特别方便，请注意看准班车的时间。',NULL,'normal',12,NULL,NULL,'2013-10-24 09:47:11','2013-12-11 16:57:32','2013-12-11 16:57:32',2,0,0,''),
	(19,'培田古民居',4,350825,'福建省龙岩市连城县培田村',20,'','9:00—17:00','福建省龙岩市连城县培田村','1建筑风格\n30幢明清时建的高堂华屋，20座古祠，5处书院，1条千米古街，2座跨街牌坊，组成一个连片成群、规模宏大、布局讲究、设计精美的古民居建筑群村落。这便是\"客家祖地\"闽西山区连城一个古老的客家山村——培田。\n培田的客家古民居建筑与永定客家土楼风格迥异。如果说土楼是古堡，封闭而坚固，那么培田民居就是庄园，豪放而优雅。培田民居是继永定土楼、梅州围拢屋之后发现的又一保存完好的客家民居建筑瑰宝。\n2景色特点\n冠豸山、笔架山、武夷山南脉三道绿色屏障，自北向南，直落培田，如三龙环抱，抵挡了寒流霜害的侵袭。村外五个山头，又似五虎踞护，护佑着培田的一方安宁。一条官道擦村而过，通往长汀、连城，培田就是古时官道上的一个驿站。走进培田，便觉处处是画。这里有高高的灰褐色风火墙，飞檐翘角的威严门楼；或花鸟虫鱼或历史故事或工笔写意的木刻窗雕寄寓理想追求、向往美好生活的石联壁画；深深庭院，幽幽小巷，畦畦稻田、如黛远山，遥远连绵……培田，不愧为人们称道的画里村庄，无处不是人与自然的和谐画面\n3画里村庄\n据载，吴姓先祖早于1344年迁至培田，在此开基，繁衍至今已历30世，时近700年。迄今，全村300余户人家、1400多口人，清一色为吴姓同宗，培田故在民间被称为\"吴家坊\"。\n冠豸山、笔架山、武夷山南脉三道绿色屏障，自北向南,直落培田，如三龙环抱，抵挡了寒流霜害、夏秋台风的侵袭。村外五个山头，又似五虎踞护，护佑着培田的一方安宁。一条官道擦村而过，通往长汀、连城，培田就是古时官道上的一个驿站。一条河源溪绕村而去，既供村边农田灌溉之用，又保村内生活所需。村落南边水口处，古梅、香枫茂密掩映，似巨人把口，\"保端避邪\"。培田就坐落于这块如画的风水宝地。走进培田，便觉处处是画。这里有高高的灰褐色风火墙，飞檐翘角的威严门楼；或花鸟虫鱼或历史故事或工笔写意的木刻窗雕寄寓理想追求、向往美好生活的石联壁画；深深庭院，幽幽小巷$哇哇稻田、如黛远山，遥远连绵……培田，不愧为人们称道的画里村庄，无处不是人与自然的和谐画面。\n4水样灵性\n村中心是一条千米长的古街，贯穿全村，旁列古祠、民居、商铺，是培田的主要商业集市。相传，盛时街上商铺数十间，客枝、轿行、赌庄、布店等等无所不包。\n曲折古街，巷道，互为连通，把错落的明清古建筑有机连为一体，\"虽是人工，宛若天成\"。\n街道边有水圳相伴，穿街过巷，直通各户，是古时自来水工程。村中老人回忆，过去圳水清澈见底,村里人就靠屋旁流动的圳水作为生活用水，洗菜淘米。村中还有一口口水塘、古井，见于房前屋后。\n数百年前的建村者，极为讲究村落的理水。每一座古建筑都布有暗沟，用来排泄家家户户的天井雨水、生活污水。天井将民居屋面流下的雨水汇聚一处，顺沟而出，流人石砌水池，满足\"四水归堂，财源攘滚而来\"的聚财心理。排水路径讲究宜暗藏，不宜显露；宜弯曲而去，不宜直泻而出，乃因\"水为气之母，逆则聚而不散；水又属财，曲则留而不去也\"。有的民居还在厅堂下设有陶制暗水管，放养乌龟在管内爬动，起着排污清沟作用，别出心裁。\n如果说街是村的骨髓，水就是村的血脉。灵动的水赋予了村子水样的灵性。\n5踏访闽西\n由中国百家地方媒体推荐、公众投票产生的十大「中国最美的村镇」之一的培田村，位于福建西南的连城县宣和乡。培田的祖先给这个面积仅十三点四平方公里、住户三百多家，村民仅一千多人的小小村落留下一笔巨大的遗产：培田村保存着三十幢大宅、二十一座祠堂、六处书院、一条千米古街、两座跨街牌坊、四处庵庙道观。全村建筑的博大、保护的完好、珍藏品之多、文化底蕴之深，为外界所叹服。\n一下车，只见石狮耸立，石门与高墙将深宅大院紧紧地环拥着，是典型的明清客家乡土建筑。沿着鹅卵石铺就的乡间小道，朝阳中只见在家门口小沟里漂洗衣服的妇女，悠闲的老人和笑脸迎人的孩子，游人们走进一座座气势不凡的深宅大院，去探视它们的「美」。\n培田村距今有八百多年的历史，著名的冠豸山、笔架山、武夷山余脉自北向南直落此地，好像被三龙怀抱，村外的五个山头，则又像是五虎雄据，风景宜人。在明、清时期，培田村处于长汀、连城两县官道的驿站上，是汀州、龙岩等地竹、木、土纸及盐、油等日用百货的水陆中转站。\n培田[1]古居民群以「大夫第」「衍庆堂」「官厅」等为代表，占地都在六千九百平方米以上。「大夫第」又称「继述堂」，建于一八二九年，历时十一年才建成。因主人吴昌同荣膺奉直大夫、昭武大夫之位而得名。厅高堂阔，宴请一百二十桌客人可不出户。其设计构思，秉承「先后有序，主次有别」的传统观念，纵主横次，厅、厢配套，主体、附房分离。通风、采风、排水、卫生，连同子孙的发展都纳入规划之中。梁花、枋花雕工精美，幅幅藏有典故，并以「墙倒屋不塌」特点被专家称为世界一流的防震建筑。\n「衍庆堂」为明代建筑，建筑结构与「大夫第」大体相同，但门外荷塘曲径，门前石狮威镇。一对门当户对，喻示着客居异地的中原移民，在聚族而居中对宗族延绵的展望和追求。\n「官厅」高墙耸立，四周封闭，墙内特开宽约三尺水圳，专供妇女洗涤。「官厅」布局独特，设计精巧。中厅梁柱间、桎枋间的雕花，全为双面对称镂空雕，其工艺令人叹为观止。后厅为宗族议事厅，左右花厅则专供主人休闲会友。楼下厅为学馆，楼上厅为藏书阁，曾藏有万余册古籍。在中央红军北上前的温访、松毛岭战役期间，「官厅」一度成为红军的指挥部，朱德、彭德怀、谭震林等在这里出席过重要军事会议。\n千米古街上，分布在内侧的大多是祖祠。祖祠建筑十分重视门庐构造，斗拱雕刻，木漆绘画都极为富丽堂皇，其工笔彩绘「三娘教子」、「状元游街」图，线条明晰，人物栩栩如生。\n书院群落是培田古建筑体系的组成部分。据介绍，明朝成化年间，在培田这个小村落，七世祖吴祖宽伐木割草，创办「石头丘草堂」，学校虽小，却培养了不少人才，其中秀才一百九十一位，十九人入仕，官到五品五人，最高达三品，如山东青州营守备吴拨祯、台湾曲庄营守府吴孝林等都曾在此深造，后成为著名的「南山书院」。光绪三十二年，书院改办为「培田两等小学堂」，更是人才辈出，其中有毕业于东京明治政法大学，曾参加兴中会等民主革命活动的吴爱群，在巴黎求学期间与周恩来同窗的吴建新等。','','注意无老人票优惠政策。','',0,'normal',12,0,'0000-00-00 00:00:00','2013-10-24 10:04:46','2013-12-11 16:57:20','2013-12-11 16:57:20',2,0,0,''),
	(20,'rewte',0,110102,'3232',0,'123213123','wew','321','','323','\r\n						2323				','2332',0,'unaudited',8,NULL,NULL,'2013-11-12 04:14:32','2013-11-29 17:52:23','2013-11-29 17:52:23',3,0,0,''),
	(21,'交通银行',0,120102,'232313123',20,'123213123','111','32132112','','323213123','\r\n					3213213					','32131',0,'unaudited',8,NULL,NULL,'2013-11-12 04:17:37','2013-11-12 04:17:37',NULL,3,0,0,''),
	(22,'西湖里面有西施',0,330102,'西湖',20,'123213123','11','西湖是的吗','','sadsa','西施哦亲					','11路dwewddf',0,'normal',8,NULL,NULL,'2013-11-12 07:12:26','2013-11-12 09:20:07',NULL,3,0,0,''),
	(23,'九连山',0,110106,'232313123',25,'13122956617','9-11点','的撒的撒的撒','','撒','assault','撒的撒的撒',0,'unaudited',8,NULL,NULL,'2013-11-14 03:25:28','2013-11-14 03:27:18',NULL,3,0,0,''),
	(287,'123',5,120103,'12435465',75,'021-34672508','32','12',NULL,'1212','123','123',NULL,'unaudited',12,NULL,NULL,'2014-01-19 15:58:00','2014-01-19 15:58:00',NULL,2,0,5,''),
	(286,'欢乐谷欢乐谷换了',5,310117,'松江',74,'021-34672508','9：00——23：00','哇哈哈',NULL,'12444','12242','1324',NULL,'normal',12,NULL,'2014-01-19 15:50:09','2014-01-19 15:37:38','2014-01-19 15:50:09',NULL,2,0,5,''),
	(285,'吖',0,420000,'但是',92,'12321212123','214','节目，',NULL,'kl(=^ ^=)','叨','欧米茄',NULL,'normal',44,NULL,'2014-02-28 14:50:22','2014-01-02 17:21:29','2014-02-28 14:50:22',NULL,5,62,0,''),
	(284,'abcdefghij',0,0,'abcdefghijabcdefghijabcdefghijabcdefghij',0,'123543654326','abcdefghij','abcdefghijabcdefghijabcdefghij',NULL,'abcdefghijabcdefghijabcdefghij','abcdefghijabcdefghij','abcdefghijabcdefghij',NULL,'unaudited',43,NULL,NULL,'2013-12-30 15:19:39','2013-12-30 15:19:39',NULL,3,0,4,''),
	(283,'12345678901234567890123456789012345678901234567890',2,120000,'芙蓉区',0,'132432112341 ','呃呃哇',' 非惹我',NULL,' 分起飞 ',' 粉武器','仍无法',NULL,'unaudited',43,NULL,NULL,'2013-12-30 14:00:01','2013-12-30 14:19:18','2013-12-30 14:19:18',3,0,4,''),
	(233,'fff',4,110102,'fdsa',0,'111111','fff','fdsa','','qwe','231','213',0,'unaudited',9,NULL,NULL,'2013-11-18 02:38:24','2013-12-11 16:57:35','2013-12-11 16:57:35',2,0,0,''),
	(234,'aaa',4,110000,'fdsa',0,'111111','fff','fdsa','','qwe','231','213',0,'unaudited',9,NULL,NULL,'2013-11-18 02:44:20','2013-12-11 16:57:11','2013-12-11 16:57:11',2,0,0,''),
	(235,'test20131122',5,230123,'大丰街',29,'112233','早9点到晚9点sa','隔壁报摊','','测试景区','随便买买','到此一游',0,'normal',9,NULL,NULL,'2013-11-22 03:37:02','2013-12-11 16:57:06','2013-12-11 16:57:06',2,0,0,''),
	(236,'1127测试景区1',0,500102,'市政府大楼',31,'123','早8:00~晚9:00','底楼小卖部','','寂寞吗？来干杯吧！','谢绝不自带酒水！','酒香不怕巷子深111',0,'normal',35,NULL,NULL,'2013-11-27 03:42:27','2013-12-11 08:51:08',NULL,5,0,0,''),
	(237,'11',5,110105,'12',0,'3134123','1','12','','12','12','3',0,'unaudited',9,NULL,NULL,'2013-11-27 06:40:44','2013-12-11 16:56:57','2013-12-11 16:56:57',2,0,0,''),
	(238,'测试的景区名',4,370983,'232313123',25,'13122956617','9-11点','ewqqe','','哎哟不从啊，发生的范德萨发的是','范德萨范德萨发是到访','第三方的说法嘎嘎妇女财政部长v刹v刹在v',0,'unaudited',8,NULL,NULL,'2013-11-28 16:19:01','2013-11-29 17:52:08','2013-11-29 17:52:08',3,0,0,''),
	(239,'测试的景区名',4,370983,'232313123',25,'13122956617','9-11点','ewqqe','','哎哟不从啊，发生的范德萨发的是','范德萨范德萨发是到访','第三方的说法嘎嘎妇女财政部长v刹v刹在v',0,'unaudited',8,NULL,NULL,'2013-11-28 16:19:08','2013-11-29 17:41:53','2013-11-29 17:41:53',3,0,0,''),
	(240,'测试的景区名',4,370983,'232313123',25,'13122956617','9-11点','ewqqe','','哎哟不从啊，发生的范德萨发的是','范德萨范德萨发是到访','第三方的说法嘎嘎妇女财政部长v刹v刹在v',0,'unaudited',8,NULL,NULL,'2013-11-28 16:20:06','2013-11-29 17:42:36','2013-11-29 17:42:36',3,0,0,''),
	(241,'测试的景区名',1,370900,'232313123',25,'(0517)4954545','9-11点','ewqqe','','哎哟不从啊，发生的范德萨发的是','范德萨范德萨发是到访','第三方的说法嘎嘎妇女财政部长v刹v刹在v',0,'unaudited',8,NULL,NULL,'2013-11-28 16:20:48','2013-12-06 14:30:45',NULL,3,50,1,''),
	(242,'景点主题和适合人群测试',4,130301,'232313123的撒的撒的撒的',25,'13122956617','9-11点','的撒的撒的撒的发的发的发','','大师的撒的撒大大撒的','的冯绍峰是否','倒萨倒萨大',0,'unaudited',8,NULL,NULL,'2013-11-28 16:31:04','2013-11-28 16:31:04',NULL,3,0,0,''),
	(243,'景点主题和适合人群测试',4,130301,'232313123的撒的撒的撒的',25,'13122956617','9-11点','的撒的撒的撒的发的发的发','','大师的撒的撒大大撒的','的冯绍峰是否','倒萨倒萨大',0,'unaudited',8,NULL,NULL,'2013-11-28 16:32:00','2013-11-28 16:32:00',NULL,3,0,0,''),
	(244,'1128测试景区1',1,320583,'大钟路 4399号2喽1025室',0,'13838383838','早8点到晚4点','楼下小卖部',NULL,'参观大厦','多买多送','别打车 别开车 请做公交！',NULL,'unaudited',35,NULL,NULL,'2013-11-28 19:24:34','2013-11-28 19:24:34',NULL,5,0,0,''),
	(245,'cacaca',0,130104,'e',32,'13917306599','cacaca','cacaca',NULL,'1213','123','1',NULL,'unaudited',9,NULL,NULL,'2013-11-29 11:30:52','2013-12-11 16:57:45','2013-12-11 16:57:45',2,0,0,''),
	(246,'黄山扛把子',4,341003,'232313123的撒的撒的撒的',52,'0724 - 75812111','9-11点','撒的撒的撒打打啊是的撒的撒的撒',NULL,'是范德萨的的','买票','走过去',NULL,'unaudited',8,NULL,NULL,'2013-12-06 15:31:53','2013-12-06 15:31:53',NULL,3,0,1,''),
	(247,'123',0,410402,'123',0,'12312312','132','132',NULL,'321','132','321',NULL,'unaudited',9,NULL,NULL,'2013-12-10 12:11:18','2013-12-11 16:58:28','2013-12-11 16:58:28',2,0,0,''),
	(248,'新天地南里',4,310101,'兴业路123弄',77,'67890000','早9点~次日凌晨2点','弄堂口门房间',NULL,'酒吧一条街','谢绝自带酒水','跟着人流走',NULL,'normal',9,NULL,'2014-01-20 17:06:46','2013-12-11 17:03:51','2014-02-27 11:54:26',NULL,2,0,7,'22000'),
	(276,'上海欢乐谷',4,310117,'上海市松江佘山林荫大道',55,'67890000','早10点~完11点','刷票直接入园',NULL,' 上海欢乐谷，于2009年8月16日正式开放，成为上海乃至全国知名、景色优美、科技含量高的主题公园。园内一条约2公里的主环道和一条约2.5公里的水上游览线，将分布在园内的各景点，象珍珠项链般串联在一起。包含了“阳光港、欢乐时光、飓风湾、金矿镇、蚂蚁王国、上海滩、香格里拉”七个主题区，12座高端游乐设备，百余项娱乐及观赏项目，逾万个表演场馆座位。\r\n惊险刺激：谷木游龙、绝顶雄风、蓝月飞车，世界顶尖科技、造型各异的过山车，刺激、神奇加速度的让人尖叫“不到底”。\r\n绝顶雄风，全球新一代无底板跌落式过山车，垂直的轨道，急速下坠感让人“丢魂”；谷木游龙采用世界古老的过山车形式沿湖堤搭建，弯道一浪接一浪的袭来；蓝月飞车，从30米高空俯冲，接近100km/h的令人惊叹的的列车速度，是自由飞翔的美妙感受。矿山历险，带来历险般滑行体验。\r\n视觉盛宴：影视、杂技、歌舞、音乐等众多艺术元素大融汇。\r\n华侨城大剧场赏容马戏、杂技、魔术为一体的经典节目—“欢乐魔方”；国际领先级4K高清飞行影院，体验前所未有的飞行感受；容体验、参与、互动为一体的室外影视实景表演《上海滩》；室外香格里拉马战场观看气势恢宏的大型马战影视实景史诗-《满江红》。\r\n谷木游龙\r\n被誉为“过山车界始祖”的木质过山车，用被誉为超级结构用材的美国南方松森木为主材沿湖堤搭建而成，带给游客超过10次的太空零重力感受，挑战生命不能承受之轻！带来1200米的呼啸之旅。谷木游龙过山车的速度很快，115公里/时，转弯时都不会减速，一浪接一浪的袭来，几乎不太能睁开眼睛，大家都是低头前倾，感觉头都要被吹掉了，非常刺激。位于欢乐时光主题区。\r\n蓝月飞车\r\n30米高空俯冲，近100km/h，令人惊叹的的列车速度，带给你自由飞翔的美妙感受，体味开放式的刺激体验！位于香格里拉区。','1.开放时间：9:00-18:00 2.取票地点：上海市松江佘山上海欢乐谷检票处电子门票专用通道，刷二维码短信入园，短信游玩当日有效，不能删除、不能转发 3.特别提醒： （1）本产品是“上海欢乐谷”与“驴妈妈旅游网”面向散客推出的上海欢乐谷优惠电子门票。 （2）在本平台预订并完成支付后，我们将以短信的形式把“二维码”电子门票发送到您指定的手机。 （3）凭电子门票至上海欢乐谷游玩时，请到电子票专用通道直接刷码通关，无须排队换票，更无须组团。 （4）身高低于1.2米(不含1.2米)的儿童免票。 （5）身高1.2米至1.5米(不含1.5米)的儿童购半价票入园。 （6）身高1.5米以上(含1.5米)的儿童购全价票入园。 （7）年龄在65周岁至69周岁（含65周岁)的老人凭有效证件或上海市老年优待证购半价票入园。 （8）年龄在70周岁以上(含70周岁)的老人凭有效证件或上海市老年优待证免费入园。 （9）本产品须提前至少1天预订并完成支付。 （10）用户如需发票可致电驴妈妈客服1010 6060索要。 （11）游玩当天因极端恶劣天气、景区调整等不可抗力导致不能正常游玩，经驴妈妈认可门票在未使用的情况下，门票将做全额退款并免退票手续费。 （12）因客人自身不可预见的状况（生病、受伤等）无法前往游玩，经驴妈妈认可门票在未使用的情况下，门票退款时将会依据规定收取退票手续费。 （13）为防止恶意倒票，现我司规定二维码短信持有人必须先刷码，并与其他人一同入园方可，否则无效。','公交车：\r\n1、上佘专线（漕溪路公交枢纽），沪松昆线、沪陈线（西区汽车站），南佘专线 （南浦大桥）至外青松公路与林荫大道路口下车，沿林荫大道向北行约1公里；\r\n2、松陈线（乐都路汽车站），松重线（松江火车站），松青专线（松江城东站）至 外青松公路与林荫大道路口下车，沿林荫大道向北行约1公里。\r\n自驾车线路：A8松江出口沿嘉松公路向北到沈砖公路向西行百米；A9赵巷佘山出口沿嘉松公路向南走到沈砖公路向西行百米；A5莘砖公路出口沿莘砖公路向西行至嘉松南路口继续西行百米。\r\n上海出发：从市中心到佘山大概30公里左右。从延安路高架上A9高速公路佘山出口下左转，沿嘉松中路到林荫大道右转2公里即到上海欢乐谷。',NULL,'normal',9,NULL,NULL,'2013-12-17 11:31:28','2013-12-23 18:24:07',NULL,2,0,2,''),
	(277,'123',3,440000,'12',0,'212','12','2',NULL,'12','2','12',NULL,'unaudited',9,NULL,NULL,'2013-12-17 14:39:24','2013-12-18 16:51:15','2013-12-18 16:51:15',2,0,2,''),
	(278,'( ⊙o⊙ )哇',2,360732,'加我进去几千几万几万',56,'29312383383','3亿','代课热噢vv',NULL,'就感觉也能够','ikfyvcdv','iuftvjb他',NULL,'unaudited',9,NULL,NULL,'2013-12-17 18:53:27','2013-12-18 16:51:21','2013-12-18 16:51:21',2,0,2,''),
	(279,'欢乐谷',0,410000,'1',0,'13917306599','123','1',NULL,'12','12','12',NULL,'unaudited',9,NULL,NULL,'2013-12-18 10:35:38','2013-12-23 10:39:15','2013-12-23 10:39:15',2,0,2,''),
	(280,'1',0,0,'1',0,'13917306599','1','1',NULL,'1','1','1',NULL,'unaudited',9,NULL,NULL,'2013-12-23 10:18:53','2013-12-23 10:39:17','2013-12-23 10:39:17',2,0,2,''),
	(281,'213',3,410303,'321',0,'312','123','321',NULL,'321','312','321',NULL,'unaudited',9,NULL,NULL,'2013-12-23 10:38:46','2013-12-23 10:39:09','2013-12-23 10:39:09',2,0,2,''),
	(282,'上海欢乐谷',4,310117,'松江区',58,'67890987','早9点~晚9点','1号售票窗口',NULL,'欢乐谷 你懂的。','多买多送','2号线到底',NULL,'normal',9,NULL,'2013-12-27 14:48:05','2013-12-27 14:40:41','2013-12-27 14:48:05',NULL,2,0,2,''),
	(288,'外滩',5,310101,'外滩1号',89,'63789999','早9点~晚10点','海关钟楼',NULL,'外滩位于上海市中心黄浦区的黄浦江畔，它是上海十里洋场的风景，周围还有位于黄浦江对岸浦东的东方明珠、金茂大厦、上海中心、上海环球金融中心等地标景观，是去上海观光游客的必到之地。外滩自1943年起又名为中山东一路，全长约1.5公里。它南起延安东路，北至苏州河上的外白渡桥，东临黄浦江，西面是由哥特式、罗马式、巴洛克式、中西合壁式等52幢风格迥异的古典复兴大楼所组成的旧上海时期的金融中心、外贸机构的集中带，被誉为“万国建筑博览群”。上海外滩天幕的后方已被新建的许多摩天大楼改变了不少。滨江作为一种城市资源优势，因上海市中心的滨江可供开发土地资源稀缺和供需矛盾加剧的双重趋势下而更显稀贵。南外滩的风华绝代、北外滩的后起之秀、东外滩的处女地开发与外滩源将逐渐融为一体，彰显“浦江第一湾”的磅礴气势，承载大上海浦西滨江复兴的伟大历史使命。','网络订票','东起山东中路经广东路折河南中路，西至福建中路，南起延安东路，北至福州路经山东中路折广东路',NULL,'normal',9,NULL,'2014-02-14 18:19:56','2014-02-14 18:18:09','2014-02-27 11:34:42',NULL,2,0,9,'T0000'),
	(289,'上海欢乐谷2',4,310117,'fdsf',91,'65556666','12','fsdg',NULL,'fd','asa','fd',NULL,'normal',9,NULL,'2014-02-28 14:55:37','2014-02-28 11:46:42','2014-02-28 14:56:08',NULL,2,0,8,'');

/*!40000 ALTER TABLE `landscapes` ENABLE KEYS */;
UNLOCK TABLES;


# Dump of table menus
# ------------------------------------------------------------

DROP TABLE IF EXISTS `menus`;

CREATE TABLE `menus` (
  `id` mediumint(8) unsigned NOT NULL AUTO_INCREMENT,
  `menu_type` varchar(80) NOT NULL COMMENT '类型，菜单或者权限',
  `app_id` varchar(32) NOT NULL COMMENT '当前项目的名称如，景区：scenic,旅行社：agency',
  `workground` varchar(100) DEFAULT '' COMMENT '一级菜单',
  `menu_group` varchar(100) DEFAULT '' COMMENT '二级菜单',
  `menu_title` varchar(100) DEFAULT '' COMMENT '菜单或权限名称',
  `menu_path` varchar(100) DEFAULT '' COMMENT '链接地址',
  `path_rewrite` varchar(100) DEFAULT '' COMMENT '链接重写规则之后的地址',
  `display` enum('true','false') DEFAULT 'false' COMMENT '是否显示',
  `permission` varchar(80) DEFAULT '' COMMENT '权限别名',
  `menu_order` mediumint(8) unsigned DEFAULT '0' COMMENT '排序',
  PRIMARY KEY (`id`),
  KEY `ind_menu_type` (`menu_type`),
  KEY `ind_menu_path` (`menu_path`),
  KEY `idx_c_app_id` (`app_id`)
) ENGINE=InnoDB DEFAULT CHARSET=utf8;

LOCK TABLES `menus` WRITE;
/*!40000 ALTER TABLE `menus` DISABLE KEYS */;

INSERT INTO `menus` (`id`, `menu_type`, `app_id`, `workground`, `menu_group`, `menu_title`, `menu_path`, `path_rewrite`, `display`, `permission`, `menu_order`)
VALUES
	(1,'workground','scenic','scenic.workground.landscapes','','景区','','','true','',100),
	(2,'workground','scenic','scenic.workground.tickets','','产品','','','true','',200),
	(3,'workground','scenic','scenic.workground.sale','','售票','','','true','',300),
	(4,'workground','scenic','scenic.workground.finance','','财务','','','true','',400),
	(5,'workground','scenic','scenic.workground.statistics','','统计','','','true','',500),
	(6,'workground','scenic','scenic.workground.partner','','合作方','','','true','',600),
	(7,'workground','scenic','scenic.workground.settings','','设置','','','true','',700),
	(8,'permission','scenic','','','我的景区','','','true','scenic.mylandscapes',101),
	(9,'menu','scenic','scenic.workground.landscapes','','我的景区','index.php?c=system&a=mylandscapes','system_mylandscapes.html','true','scenic.mylandscapes',101),
	(10,'permission','scenic','','','设备管理','','','true','scenic.device',102),
	(11,'menu','scenic','scenic.workground.landscapes','','设备管理','index.php?c=landscape&a=device','landscape_device.html','true','scenic.device',102),
	(12,'permission','scenic','','','监控','','','true','scenic.tickets_monitor',201),
	(13,'menu','scenic','scenic.workground.tickets','','监控','index.php?c=ticket&a=monitor','ticket_monitor.html','true','scenic.tickets_monitor',201),
	(14,'permission','scenic','','','发布门票','','','true','scenic.ticket_scenic',202),
	(15,'menu','scenic','scenic.workground.tickets','','发布门票','index.php?c=ticket&a=scenic','ticket_scenic.html','true','scenic.ticket_scenic',202),
	(16,'permission','scenic','','','门票管理','','','true','scenic.ticket_index',203),
	(17,'menu','scenic','scenic.workground.tickets','','门票管理','index.php?c=ticket&a=index','ticket_index.html','true','scenic.ticket_index',203),
	(18,'permission','scenic','','','窗口售票','','','true','scenic.shopping_index',301),
	(19,'menu','scenic','scenic.workground.sale','','窗口售票','index.php?c=shopping&a=index','shopping_index.html','true','scenic.shopping_index',301),
	(20,'permission','scenic','','','订单处理','','','true','scenic.order_supply',302),
	(21,'menu','scenic','scenic.workground.sale','','订单处理','index.php?c=order&a=supply','order_supply.html','true','scenic.order_supply',302),
	(22,'permission','scenic','','','应收账款','','','true','scenic.bill_receive',401),
	(23,'menu','scenic','scenic.workground.finance','','应收账款','index.php?c=bill&a=receive','bill_receive.html','true','scenic.bill_receive',401),
	(24,'permission','scenic','','','支付记录','','','true','scenic.bill_payments',402),
	(25,'menu','scenic','scenic.workground.finance','','支付记录','index.php?c=bill&a=payments','bill_payments.html','true','scenic.bill_payments',402),
	(26,'permission','scenic','','','退款记录','','','true','scenic.bill_refunds',403),
	(27,'menu','scenic','scenic.workground.finance','','退款记录','index.php?c=bill&a=refunds','bill_refunds.html','true','scenic.bill_refunds',403),
	(28,'permission','scenic','','','收款账号','','','true','scenic.system_mybanks',404),
	(29,'menu','scenic','scenic.workground.finance','','收款账号','index.php?c=system&a=mybanks','system_mybanks.html','true','scenic.system_mybanks',404),
	(30,'permission','scenic','','','销售统计','','','true','scenic.statistics_sale',501),
	(31,'menu','scenic','scenic.workground.statistics','','销售统计','index.php?c=statistics&a=sale','statistics_sale.html','true','scenic.statistics_sale',501),
	(32,'permission','scenic','','','退票统计','','','true','scenic.statistics_refund',502),
	(33,'menu','scenic','scenic.workground.statistics','','退票统计','index.php?c=statistics&a=refund','statistics_refund.html','true','scenic.statistics_refund',502),
	(34,'permission','scenic','','','分销商统计','','','true','scenic.statistics_distribute',503),
	(35,'menu','scenic','scenic.workground.statistics','','分销商统计','index.php?c=statistics&a=distribute','statistics_distribute.html','true','scenic.statistics_distribute',503),
	(36,'permission','scenic','','','添加合作方','','','true','scenic.partner_add',601),
	(37,'menu','scenic','scenic.workground.partner','','添加合作方','index.php?c=partner&a=add','partner_add.html','true','scenic.partner_add',601),
	(38,'permission','scenic','','','管理合作方','','','true','scenic.partner_index',602),
	(39,'menu','scenic','scenic.workground.partner','','管理合作方','index.php?c=partner&a=index','partner_index.html','true','scenic.partner_index',602),
	(40,'permission','scenic','','','认证信息','','','true','scenic.settings_verify',701),
	(41,'menu','scenic','scenic.workground.settings','','认证信息','index.php?c=settings&a=verify','settings_verify.html','true','scenic.settings_verify',701),
	(42,'permission','scenic','','','机构信息','','','true','scenic.settings_organization',702),
	(43,'menu','scenic','scenic.workground.settings','','机构信息','index.php?c=settings&a=organization','settings_organization.html','true','scenic.settings_organization',702),
	(44,'permission','scenic','','','消息','','','true','scenic.message_index',703),
	(45,'menu','scenic','scenic.workground.settings','','消息','index.php?c=message&a=index','message_index.html','true','scenic.message_index',703),
	(46,'permission','scenic','','','员工管理','','','true','scenic.manage_staff',704),
	(47,'menu','scenic','scenic.workground.settings','','员工管理','index.php?c=manage&a=staff','manage_staff.html','true','scenic.manage_staff',704),
	(48,'permission','scenic','','','角色权限','','','true','scenic.system_role',705),
	(49,'menu','scenic','scenic.workground.settings','','角色权限','index.php?c=system&a=role','system_role.html','true','scenic.system_role',705),
	(50,'permission','scenic','','','密码修改','','','true','scenic.system_repass',706),
	(51,'menu','scenic','scenic.workground.settings','','密码修改','index.php?c=system&a=repass','system_repass.html','true','scenic.system_repass',706);

/*!40000 ALTER TABLE `menus` ENABLE KEYS */;
UNLOCK TABLES;


# Dump of table message
# ------------------------------------------------------------

DROP TABLE IF EXISTS `message`;

CREATE TABLE `message` (
  `id` int(10) unsigned NOT NULL AUTO_INCREMENT,
  `from_user` int(10) unsigned NOT NULL DEFAULT '0' COMMENT '发送者',
  `from_organization_id` int(10) unsigned NOT NULL DEFAULT '0' COMMENT '发送者',
  `msg_type` enum('all','org','system_all','system_org') NOT NULL COMMENT '发送类型，机构发公告|机构给机构发消息|系统公告|系统给机构发消息',
  `content` text COMMENT '内容',
  `verify_by` int(10) unsigned NOT NULL DEFAULT '0' COMMENT '审核员',
  `create_time` int(10) unsigned DEFAULT '0' COMMENT '创建时间',
  `verify_time` int(10) unsigned DEFAULT '0' COMMENT '审核时间',
  `status` enum('unaudited','normal','failed') NOT NULL DEFAULT 'unaudited' COMMENT '审核状态',
  PRIMARY KEY (`id`)
) ENGINE=InnoDB DEFAULT CHARSET=utf8;

LOCK TABLES `message` WRITE;
/*!40000 ALTER TABLE `message` DISABLE KEYS */;

INSERT INTO `message` (`id`, `from_user`, `from_organization_id`, `msg_type`, `content`, `verify_by`, `create_time`, `verify_time`, `status`)
VALUES
	(1,35,5,'org','Message test!',0,1394174962,0,'normal'),
	(2,35,5,'org','Message :  耿',0,1394175028,0,'normal'),
	(3,2,0,'system_all','小的们，给我上！',0,1394507142,0,'normal');

/*!40000 ALTER TABLE `message` ENABLE KEYS */;
UNLOCK TABLES;


# Dump of table message_receive
# ------------------------------------------------------------

DROP TABLE IF EXISTS `message_receive`;

CREATE TABLE `message_receive` (
  `id` int(10) unsigned NOT NULL AUTO_INCREMENT,
  `message_id` int(10) unsigned NOT NULL COMMENT '消息id',
  `to_organization_id` int(10) unsigned NOT NULL DEFAULT '0' COMMENT '接收者机构',
  PRIMARY KEY (`id`),
  UNIQUE KEY `message_id_to_organization_id` (`message_id`,`to_organization_id`)
) ENGINE=InnoDB DEFAULT CHARSET=utf8;

LOCK TABLES `message_receive` WRITE;
/*!40000 ALTER TABLE `message_receive` DISABLE KEYS */;

INSERT INTO `message_receive` (`id`, `message_id`, `to_organization_id`)
VALUES
	(1,1,1),
	(2,2,1);

/*!40000 ALTER TABLE `message_receive` ENABLE KEYS */;
UNLOCK TABLES;


# Dump of table order_extension
# ------------------------------------------------------------

DROP TABLE IF EXISTS `order_extension`;

CREATE TABLE `order_extension` (
  `id` bigint(20) unsigned NOT NULL AUTO_INCREMENT,
  `order_id` bigint(20) unsigned NOT NULL DEFAULT '0' COMMENT '订单id',
  `changed_useday_times` smallint(4) NOT NULL DEFAULT '0' COMMENT '游玩日期修改次数',
  PRIMARY KEY (`id`),
  UNIQUE KEY `order_id` (`order_id`)
) ENGINE=InnoDB DEFAULT CHARSET=utf8 COMMENT='订单扩展信息放不是经常修改的信息，如游玩日期修改次数';

LOCK TABLES `order_extension` WRITE;
/*!40000 ALTER TABLE `order_extension` DISABLE KEYS */;

INSERT INTO `order_extension` (`id`, `order_id`, `changed_useday_times`)
VALUES
	(1,16,1),
	(2,20,1);

/*!40000 ALTER TABLE `order_extension` ENABLE KEYS */;
UNLOCK TABLES;


# Dump of table order_items
# ------------------------------------------------------------

DROP TABLE IF EXISTS `order_items`;

CREATE TABLE `order_items` (
  `id` bigint(20) unsigned NOT NULL AUTO_INCREMENT,
  `order_id` bigint(20) unsigned NOT NULL DEFAULT '0' COMMENT '订单号',
  `ticket_id` bigint(20) unsigned NOT NULL DEFAULT '0' COMMENT '门票id',
  `price` decimal(20,2) NOT NULL DEFAULT '0.00' COMMENT '票价，结算价格或者合作价格',
  `isPartnerPrice` tinyint(1) NOT NULL DEFAULT '0' COMMENT '是否合作价格',
  `landscape_id` int(10) unsigned NOT NULL COMMENT '景区id',
  `organization_id` int(10) unsigned NOT NULL COMMENT '机构id',
  `name` varchar(100) NOT NULL COMMENT '门票类型，即门票名称',
  `payment` enum('online','offline') NOT NULL DEFAULT 'online' COMMENT '支付方式',
  `expire_start_at` date DEFAULT NULL COMMENT '有效期开始时间',
  `expire_end_at` date DEFAULT NULL COMMENT '有效期结束时间',
  `use_expire` int(10) unsigned NOT NULL DEFAULT '0' COMMENT '使用有效期（跟上面的有效期不一样）， 代表游玩日期后的几天有效，0代表当天',
  `weekly` varchar(100) DEFAULT NULL COMMENT '适用日期，即适用的天（周一周日）',
  `allow_back` enum('yes','no') NOT NULL DEFAULT 'no' COMMENT '是否允许退票',
  `max_order` int(10) unsigned NOT NULL DEFAULT '0' COMMENT '最多订票',
  `min_order` int(10) unsigned NOT NULL DEFAULT '0' COMMENT '最少订票',
  `brand_price` decimal(20,2) NOT NULL DEFAULT '0.00' COMMENT '挂牌价',
  `market_price` decimal(20,2) NOT NULL DEFAULT '0.00' COMMENT '销售价',
  `sale_price` decimal(20,2) NOT NULL DEFAULT '0.00' COMMENT '结算价',
  `description` varchar(600) NOT NULL DEFAULT '' COMMENT '产品说明',
  `reserve` int(10) unsigned NOT NULL DEFAULT '0' COMMENT '提前预订天数',
  `allow_change_times` smallint(6) unsigned NOT NULL DEFAULT '0' COMMENT '可改期次数，0代表不可改期',
  PRIMARY KEY (`id`)
) ENGINE=InnoDB DEFAULT CHARSET=utf8 COMMENT='订单明细表';

LOCK TABLES `order_items` WRITE;
/*!40000 ALTER TABLE `order_items` DISABLE KEYS */;

INSERT INTO `order_items` (`id`, `order_id`, `ticket_id`, `price`, `isPartnerPrice`, `landscape_id`, `organization_id`, `name`, `payment`, `expire_start_at`, `expire_end_at`, `use_expire`, `weekly`, `allow_back`, `max_order`, `min_order`, `brand_price`, `market_price`, `sale_price`, `description`, `reserve`, `allow_change_times`)
VALUES
	(1,1,8,101.00,1,22,3,'老年人票是的撒的撒的撒','offline','2013-12-04','2014-01-31',2,'1,2,3,4,5','no',100,1,113.00,112.00,111.00,'老年人票是的撒的撒的撒老年人票是的撒的撒的撒',21,3),
	(2,2,8,101.00,1,22,3,'老年人票是的撒的撒的撒','offline','2013-12-04','2014-01-31',2,'1,2,3,4,5','no',100,1,113.00,112.00,111.00,'老年人票是的撒的撒的撒老年人票是的撒的撒的撒',21,3),
	(4,4,8,111.00,0,22,3,'老年人票是的撒的撒的撒','offline','2013-12-04','2014-01-31',2,'1,2,3,4,5','no',100,1,113.00,112.00,111.00,'老年人票是的撒的撒的撒老年人票是的撒的撒的撒',21,3),
	(5,5,17,80.00,1,248,2,'成人票','offline','2013-12-03','2014-06-30',0,'1,2,3,4,5,6,0','no',1,1,300.00,200.00,100.00,'成人票，你懂的。',1,2),
	(6,6,22,21.00,1,248,2,'kkk2','offline','2013-12-11','2013-12-31',0,'1,2,3,4,5,6,0','no',7,5,13.00,12.00,11.00,'fdsfd',3,5),
	(7,7,17,80.00,1,248,2,'成人票','offline','2013-12-03','2014-06-30',0,'1,2,3,4,5,6,0','no',1,1,300.00,200.00,100.00,'成人票，你懂的。',1,2),
	(8,8,17,80.00,1,248,2,'成人票','offline','2013-12-03','2014-06-30',0,'1,2,3,4,5,6,0','no',1,1,300.00,200.00,100.00,'成人票，你懂的。',1,2),
	(9,9,21,5.00,1,248,2,'学生票dfd','offline','2013-12-11','2013-12-27',0,'1,2,3,4,5','no',7,2,12.00,11.00,10.00,'fdsdsfds',1,5),
	(10,10,17,80.00,1,248,2,'成人票','offline','2013-12-03','2014-06-30',0,'1,2,3,4,5,6,0','no',1,1,300.00,200.00,100.00,'成人票，你懂的。',1,2),
	(11,11,28,13.00,1,248,2,'的撒的撒的撒','offline','2013-12-11','2014-01-18',3,'1,2,3,4,5','no',6,2,14.00,13.00,12.00,'范德萨的申报表',5,5),
	(12,12,27,21.00,1,248,2,'超级无敌成人票的飒飒的撒的','offline','2013-12-11','2014-01-03',3,'1,2,3,4,5,6,0','no',6,2,33.00,32.00,31.00,'的萨达撒的撒的撒的vv',5,5),
	(13,13,29,100.00,0,276,2,'成人票','offline','2013-12-17','2014-03-31',1,'1,2,3,4,5,6,0','no',100,1,300.00,200.00,100.00,'成人的票',1,2),
	(14,14,30,2.00,0,276,2,'儿童票','offline','2013-12-17','2014-03-31',1,'1,2,3,4,5,6,0','no',100,1,150.00,100.00,2.00,'儿童的票',1,2),
	(15,15,8,101.00,1,22,3,'老年人票是的撒的撒的撒','offline','2013-12-04','2014-01-31',2,'1,2,3,4,5','no',100,1,113.00,112.00,111.00,'老年人票是的撒的撒的撒老年人票是的撒的撒的撒',21,3),
	(16,16,17,80.00,1,248,2,'成人票','offline','2013-12-03','2014-06-30',0,'1,2,3,4,5,6,0','no',1,1,300.00,200.00,100.00,'成人票，你懂的。',1,2),
	(17,17,29,100.00,0,276,2,'成人票','offline','2013-12-17','2014-03-31',1,'1,2,3,4,5,6,0','no',100,1,300.00,200.00,100.00,'成人的票',1,2),
	(18,18,21,5.00,1,248,2,'学生票dfd','offline','2013-12-11','2013-12-27',0,'1,2,3,4,5','no',7,2,12.00,11.00,10.00,'fdsdsfds',1,5),
	(19,19,21,5.00,1,248,2,'学生票dfd','offline','2013-12-11','2013-12-27',0,'1,2,3,4,5','no',7,2,12.00,11.00,10.00,'fdsdsfds',1,5),
	(20,20,36,20.00,0,282,2,'成人票','offline','2013-12-02','2014-01-15',2,'1,2,3,4,5,6,0','no',100,1,60.00,40.00,20.00,'成人票~',1,3),
	(21,21,17,80.00,1,248,2,'成人票','offline','2013-12-03','2014-06-30',0,'1,2,3,4,5,6,0','no',1,1,300.00,200.00,100.00,'成人票，你懂的。',1,2),
	(22,22,37,0.01,0,282,2,'儿童票','online','2013-12-02','2014-01-15',2,'1,2,3,4,5','yes',100,1,80.00,60.00,0.01,'儿童的',1,3),
	(23,23,37,0.01,0,282,2,'儿童票','online','2013-12-02','2014-01-15',2,'1,2,3,4,5','yes',100,1,80.00,60.00,0.01,'儿童的',1,3),
	(24,24,37,0.01,0,282,2,'儿童票','online','2013-12-02','2014-01-15',2,'1,2,3,4,5','yes',100,1,80.00,60.00,0.01,'儿童的',1,3),
	(25,25,37,0.01,0,282,2,'儿童票','online','2013-12-02','2014-01-15',2,'1,2,3,4,5','yes',100,1,80.00,60.00,0.01,'儿童的',1,3),
	(26,26,37,0.01,0,282,2,'儿童票','online','2013-12-02','2014-01-15',2,'1,2,3,4,5','yes',100,1,80.00,60.00,0.01,'儿童的',1,3),
	(27,27,37,0.01,0,282,2,'儿童票','online','2013-12-02','2014-01-15',2,'1,2,3,4,5','yes',100,1,80.00,60.00,0.01,'儿童的',1,3),
	(28,28,37,0.01,0,282,2,'儿童票','online','2013-12-02','2014-01-15',2,'1,2,3,4,5','yes',100,1,80.00,60.00,0.01,'儿童的',1,3),
	(29,29,37,0.01,0,282,2,'儿童票','online','2013-12-02','2014-01-15',2,'1,2,3,4,5','yes',100,1,80.00,60.00,0.01,'儿童的',1,3),
	(30,30,36,20.00,0,282,2,'成人票','offline','2013-12-02','2014-01-15',2,'1,2,3,4,5,6,0','no',100,1,60.00,40.00,20.00,'成人票~',1,3),
	(31,31,37,0.01,0,282,2,'儿童票','online','2013-12-02','2014-01-15',2,'1,2,3,4,5','yes',100,1,80.00,60.00,0.01,'儿童的',1,3),
	(32,32,17,50.00,1,248,2,'成人票','offline','2013-12-03','2014-06-30',0,'1,2,3,4,5,6,0','no',1,1,300.00,200.00,100.00,'成人票，你懂的。',1,2),
	(33,33,37,0.01,0,282,2,'儿童票','online','2013-12-02','2014-01-15',2,'1,2,3,4,5','yes',100,1,80.00,60.00,0.01,'儿童的',1,3),
	(34,34,37,0.01,0,282,2,'儿童票','online','2013-12-02','2014-01-15',2,'1,2,3,4,5','yes',100,1,80.00,60.00,0.01,'儿童的',1,3),
	(35,35,37,0.01,0,282,2,'儿童票','online','2013-12-02','2014-01-15',2,'1,2,3,4,5','yes',100,1,80.00,60.00,0.01,'儿童的',1,3),
	(36,36,37,0.01,0,282,2,'儿童票','online','2013-12-02','2014-01-15',2,'1,2,3,4,5','yes',100,1,80.00,60.00,0.01,'儿童的',1,3),
	(37,37,37,0.01,0,282,2,'儿童票','online','2013-12-02','2014-01-15',2,'1,2,3,4,5','yes',100,1,80.00,60.00,0.01,'儿童的',1,3),
	(38,38,19,50.00,1,248,2,'老年人票','offline','2013-12-03','2014-06-30',0,'1,2,3,4,0','no',1,1,280.00,180.00,80.00,'老年票，一把年纪了来凑热闹',1,2),
	(39,39,37,0.01,0,282,2,'儿童票','online','2013-12-02','2014-01-15',2,'1,2,3,4,5','yes',100,1,80.00,60.00,0.01,'儿童的',1,3),
	(40,40,37,0.01,0,282,2,'儿童票','online','2013-12-02','2014-01-15',2,'1,2,3,4,5','yes',100,1,80.00,60.00,0.01,'儿童的',1,3),
	(41,41,28,8.00,1,248,2,'的撒的撒的撒','offline','2014-01-20','2014-07-31',3,'1,2,3,4,5','no',100,1,14.00,13.00,10.00,'范德萨的申报表',5,5),
	(42,42,28,8.00,1,248,2,'的撒的撒的撒','offline','2014-01-20','2014-07-31',3,'1,2,3,4,5','no',100,1,14.00,13.00,10.00,'范德萨的申报表',5,5),
	(43,43,28,8.00,1,248,2,'的撒的撒的撒','offline','2014-01-20','2014-07-31',3,'1,2,3,4,5','no',100,1,14.00,13.00,10.00,'范德萨的申报表',5,5),
	(44,44,37,0.01,0,282,2,'儿童票','online','2013-12-02','2014-01-15',2,'1,2,3,4,5','yes',100,1,80.00,60.00,0.01,'儿童的',1,3),
	(45,45,38,0.01,0,282,2,'老年人票','online','2014-01-22','2014-10-31',2,'1,2,3,4,5,6,0','yes',100,1,90.00,70.00,0.01,'老年同志',1,3),
	(46,46,37,0.01,0,282,2,'儿童票','online','2013-12-02','2014-01-15',2,'1,2,3,4,5','yes',100,1,80.00,60.00,0.01,'儿童的',1,3),
	(47,47,38,0.01,0,282,2,'老年人票','online','2014-01-22','2014-10-31',2,'1,2,3,4,5,6,0','yes',100,1,90.00,70.00,0.01,'老年同志',1,3),
	(48,48,38,0.01,0,282,2,'老年人票','online','2014-01-22','2014-10-31',2,'1,2,3,4,5,6,0','yes',100,1,90.00,70.00,0.01,'老年同志',1,3),
	(49,49,18,30.00,1,248,2,'儿童票','offline','2013-12-03','2014-06-30',0,'1,2,4,5','no',1,1,150.00,100.00,50.00,'儿童票，小屁孩来这干嘛~',1,2),
	(52,52,61,0.01,1,288,2,'成人票','online','2014-02-14','2014-12-31',2,'1,2,3,4,5,6,0','yes',100,1,200.00,100.00,0.01,'想谈朋友的快来订票呕~~~~~',1,2),
	(53,53,61,0.01,1,288,2,'成人票','online','2014-02-14','2014-12-31',2,'1,2,3,4,5,6,0','yes',100,1,200.00,100.00,0.01,'想谈朋友的快来订票呕~~~~~',1,2),
	(54,54,61,0.01,1,288,2,'成人票','online','2014-02-14','2014-12-31',2,'1,2,3,4,5,6,0','yes',100,1,200.00,100.00,0.01,'想谈朋友的快来订票呕~~~~~',1,2),
	(55,55,61,0.01,1,288,2,'成人票','online','2014-02-14','2014-12-31',2,'1,2,3,4,5,6,0','yes',100,1,200.00,100.00,0.01,'想谈朋友的快来订票呕~~~~~',1,2),
	(56,56,61,0.01,1,288,2,'成人票','online','2014-02-14','2014-12-31',2,'1,2,3,4,5,6,0','yes',100,1,200.00,100.00,0.01,'想谈朋友的快来订票呕~~~~~',1,2),
	(60,60,61,0.01,1,288,2,'成人票','online','2014-02-14','2014-12-31',2,'1,2,3,4,5,6,0','yes',100,1,200.00,100.00,0.01,'想谈朋友的快来订票呕~~~~~',1,2),
	(62,62,61,0.01,1,288,2,'成人票','online','2014-02-14','2014-12-31',2,'1,2,3,4,5,6,0','yes',100,1,200.00,100.00,0.01,'想谈朋友的快来订票呕~~~~~',1,2),
	(67,67,61,0.01,1,288,2,'成人票','online','2014-02-14','2014-12-31',2,'1,2,3,4,5,6,0','yes',100,1,200.00,100.00,0.01,'想谈朋友的快来订票呕~~~~~',1,2),
	(70,70,61,0.01,1,288,2,'成人票','online','2014-02-14','2014-12-31',2,'1,2,3,4,5,6,0','yes',100,1,200.00,100.00,0.01,'想谈朋友的快来订票呕~~~~~',1,2),
	(82,82,61,0.01,1,288,2,'成人票','online','2014-02-14','2014-12-31',2,'1,2,3,4,5,6,0','yes',100,1,200.00,100.00,0.01,'想谈朋友的快来订票呕~~~~~',1,2);

/*!40000 ALTER TABLE `order_items` ENABLE KEYS */;
UNLOCK TABLES;


# Dump of table order_log
# ------------------------------------------------------------

DROP TABLE IF EXISTS `order_log`;

CREATE TABLE `order_log` (
  `id` bigint(20) unsigned NOT NULL AUTO_INCREMENT,
  `order_id` bigint(20) unsigned NOT NULL DEFAULT '0' COMMENT '订单ID',
  `op_id` int(10) unsigned DEFAULT NULL COMMENT '操作员ID',
  `op_name` varchar(100) DEFAULT NULL COMMENT '操作员名称',
  `action_time` int(10) unsigned DEFAULT NULL COMMENT '操作时间',
  `action` enum('create','update','payment','refund','finish','cancel','billed') NOT NULL DEFAULT 'create' COMMENT '操作类型',
  `memo` text COMMENT '操作日志',
  PRIMARY KEY (`id`)
) ENGINE=InnoDB DEFAULT CHARSET=utf8 COMMENT='订单操作日志表';

LOCK TABLES `order_log` WRITE;
/*!40000 ALTER TABLE `order_log` DISABLE KEYS */;

INSERT INTO `order_log` (`id`, `order_id`, `op_id`, `op_name`, `action_time`, `action`, `memo`)
VALUES
	(1,1,6,'liuhe9',1387082899,'create','`liuhe9`创建了订单，订单号为`1`'),
	(2,1,6,'liuhe9',1387083200,'payment','`liuhe9`完成订单支付，支付方式：`信用支付`，支付单：1`，订单号为`1`'),
	(3,2,6,'liuhe9',1387095229,'create','`liuhe9`创建了订单，订单号为`2`'),
	(4,2,6,'liuhe9',1387095236,'payment','`liuhe9`完成订单支付，支付方式：`信用支付`，支付单：2`，订单号为`2`'),
	(6,4,44,'organization5',1387165424,'create','`organization5`创建了订单，订单号为`4`'),
	(7,5,44,'organization5',1387165464,'create','`organization5`创建了订单，订单号为`5`'),
	(8,6,44,'organization5',1387165502,'create','`organization5`创建了订单，订单号为`6`'),
	(9,6,44,'organization5',1387165541,'payment','`organization5`完成订单支付，支付方式：`信用支付`，支付单：3`，订单号为`6`'),
	(10,2,0,'',1387185340,'update','系统将订单状态改为已结款，订单号为：2'),
	(11,2,0,'',1387185444,'update','系统将订单状态改为已结款，订单号为：2'),
	(12,6,0,'',1387185876,'update','系统将订单状态改为已结款，订单号为：6'),
	(13,2,0,'',1387186265,'update','系统将订单状态改为已结款，订单号为：2'),
	(14,6,0,'',1387186265,'update','系统将订单状态改为已结款，订单号为：6'),
	(15,7,35,'test008',1387261376,'create','`test008`创建了订单，订单号为`7`'),
	(16,8,35,'test008',1387261607,'create','`test008`创建了订单，订单号为`8`'),
	(17,9,35,'test008',1387263138,'create','`test008`创建了订单，订单号为`9`'),
	(18,9,35,'test008',1387263271,'payment','`test008`完成订单支付，支付方式：`信用支付`，支付单：6`，订单号为`9`'),
	(19,10,35,'test008',1387268276,'create','`test008`创建了订单，订单号为`10`'),
	(20,10,35,'test008',1387268282,'payment','`test008`完成订单支付，支付方式：`信用支付`，支付单：7`，订单号为`10`'),
	(21,11,35,'test008',1387268310,'create','`test008`创建了订单，订单号为`11`'),
	(22,11,35,'test008',1387268316,'payment','`test008`完成订单支付，支付方式：`信用支付`，支付单：8`，订单号为`11`'),
	(23,12,35,'test008',1387268616,'create','`test008`创建了订单，订单号为`12`'),
	(24,12,35,'test008',1387268621,'payment','`test008`完成订单支付，支付方式：`信用支付`，支付单：9`，订单号为`12`'),
	(25,13,35,'test008',1387269318,'create','`test008`创建了订单，订单号为`13`'),
	(26,14,35,'test008',1387269357,'create','`test008`创建了订单，订单号为`14`'),
	(27,11,0,'',1387270703,'update','系统将订单状态改为已结款，订单号为：11'),
	(28,15,6,'liuhe9',1387339650,'create','`liuhe9`创建了订单，订单号为`15`'),
	(29,15,6,'liuhe9',1387339661,'payment','`liuhe9`完成订单支付，支付方式：`信用支付`，支付单：10`，订单号为`15`'),
	(30,16,35,'test008',1387527496,'create','`test008`创建了订单，订单号为`16`'),
	(31,16,35,'test008',1387527551,'update','`test008`给订单改期，从2014-06-10改为2014-06-11，订单号为`16`'),
	(32,17,35,'test008',1387783048,'create','`test008`创建了订单，订单号为`17`'),
	(33,18,35,'test008',1387853590,'create','`test008`创建了订单，订单号为`18`'),
	(34,18,35,'test008',1387853601,'payment','`test008`完成订单支付，支付方式：`信用支付`，支付单：12`，订单号为`18`'),
	(35,19,35,'test008',1387867437,'create','`test008`创建了订单，订单号为`19`'),
	(36,20,35,'test008',1388126994,'create','`test008`创建了订单，订单号为`20`'),
	(37,20,35,'test008',1388127154,'update','`test008`给订单改期，从2013-12-28改为2013-12-29，订单号为`20`'),
	(38,21,35,'test008',1388127370,'create','`test008`创建了订单，订单号为`21`'),
	(39,21,35,'test008',1388127375,'payment','`test008`完成订单支付，支付方式：`信用支付`，支付单：13`，订单号为`21`'),
	(40,22,35,'test008',1388730671,'create','`test008`创建了订单，订单号为`22`'),
	(41,23,44,'organization5',1388731654,'create','`organization5`创建了订单，订单号为`23`'),
	(42,23,44,'organization5',1388731704,'payment','`organization5`完成订单支付，支付方式：`支付宝`，支付单：15`，订单号为`23`'),
	(43,22,35,'test008',1388731711,'payment','`test008`完成订单支付，支付方式：`支付宝`，支付单：14`，订单号为`22`'),
	(44,24,44,'organization5',1388732000,'create','`organization5`创建了订单，订单号为`24`'),
	(45,25,44,'organization5',1388733907,'create','`organization5`创建了订单，订单号为`25`'),
	(46,25,0,'',1388734021,'payment','``完成订单支付，支付方式：`支付宝`，支付单：17`，订单号为`25`'),
	(47,26,35,'test008',1388734126,'create','`test008`创建了订单，订单号为`26`'),
	(48,27,44,'organization5',1388734160,'create','`organization5`创建了订单，订单号为`27`'),
	(49,28,44,'organization5',1388734169,'create','`organization5`创建了订单，订单号为`28`'),
	(50,26,0,'',1388734192,'payment','``完成订单支付，支付方式：`支付宝`，支付单：18`，订单号为`26`'),
	(51,29,35,'test008',1388734286,'create','`test008`创建了订单，订单号为`29`'),
	(52,29,0,'',1388734348,'payment','``完成订单支付，支付方式：`支付宝`，支付单：21`，订单号为`29`'),
	(53,30,41,'organization1',1388736553,'create','`organization1`创建了订单，订单号为`30`'),
	(54,24,0,'',1388737064,'payment','``完成订单支付，支付方式：`支付宝`，支付单：16`，订单号为`24`'),
	(55,31,44,'organization5',1388745274,'create','`organization5`创建了订单，订单号为`31`'),
	(56,32,41,'organization1',1388993987,'create','`organization1`创建了订单，订单号为`32`'),
	(57,32,41,'organization1',1388994039,'update','`organization1`将订单支付方式从`信用支付`改为`景区支付`，订单号为`32`'),
	(58,33,44,'organization5',1389149867,'create','`organization5`创建了订单，订单号为`33`'),
	(59,33,0,'',1389149907,'payment','``完成订单支付，支付方式：`支付宝`，支付单：2014010810572789`，订单号为`33`'),
	(60,34,35,'test008',1389163644,'create','`test008`创建了订单，订单号为`34`'),
	(61,35,44,'organization5',1389164400,'create','`organization5`创建了订单，订单号为`35`'),
	(62,35,0,'',1389164437,'payment','``完成订单支付，支付方式：`支付宝`，支付单：2014010815004941`，订单号为`35`'),
	(63,36,35,'test008',1389165340,'create','`test008`创建了订单，订单号为`36`'),
	(64,36,0,'',1389165482,'payment','``完成订单支付，支付方式：`支付宝`，支付单：2014010815153907`，订单号为`36`'),
	(65,37,44,'organization5',1389171732,'create','`organization5`创建了订单，订单号为`37`'),
	(66,37,0,'',1389171769,'payment','``完成订单支付，支付方式：`支付宝`，支付单：2014010817021426`，订单号为`37`'),
	(67,37,0,'',1389173447,'refund','`系统`完成退款，支付方式：`'),
	(68,38,41,'organization1',1389178553,'create','`organization1`创建了订单，订单号为`38`'),
	(69,39,35,'test008',1389337461,'create','`test008`创建了订单，订单号为`39`'),
	(70,40,44,'organization5',1389337795,'create','`organization5`创建了订单，订单号为`40`'),
	(71,40,0,'',1389337836,'payment','``完成订单支付，支付方式：`支付宝`，支付单：2014011015093577`，订单号为`40`'),
	(72,41,35,'test008',1390199625,'create','`test008`创建了订单，订单号为`41`'),
	(73,41,35,'test008',1390199630,'payment','`test008`完成订单支付，支付方式：`信用支付`，支付单：2014012014331903`，订单号为`41`'),
	(74,42,35,'test008',1390200176,'create','`test008`创建了订单，订单号为`42`'),
	(75,42,35,'test008',1390200184,'payment','`test008`完成订单支付，支付方式：`信用支付`，支付单：2014012014420309`，订单号为`42`'),
	(76,42,35,'test008',1390200616,'update','`test008`给订单改期，从2014-01-27改为2014-01-21，订单号为`42`'),
	(77,43,35,'test008',1390208864,'create','`test008`创建了订单，订单号为`43`'),
	(78,43,35,'test008',1390208868,'payment','`test008`完成订单支付，支付方式：`信用支付`，支付单：2014012017070353`，订单号为`43`'),
	(79,44,35,'test008',1390377954,'create','`test008`创建了订单，订单号为`44`'),
	(80,44,0,'',1390377997,'payment','``完成订单支付，支付方式：`支付宝`，支付单：2014012216054567`，订单号为`44`'),
	(81,45,35,'test008',1390379607,'create','`test008`创建了订单，订单号为`45`'),
	(82,45,35,'test008',1390379648,'payment','`test008`完成订单支付，支付方式：`支付宝`，支付单：2014012216332946`，订单号为`45`'),
	(83,46,44,'organization5',1390379976,'create','`organization5`创建了订单，订单号为`46`'),
	(84,45,0,'',1390380312,'refund','`系统`完成退款，支付方式：`'),
	(85,18,0,'',1390476894,'update','系统将订单状态改为已结款，订单号为：18'),
	(86,21,0,'',1390476894,'update','系统将订单状态改为已结款，订单号为：21'),
	(87,41,0,'',1390476894,'update','系统将订单状态改为已结款，订单号为：41'),
	(88,10,0,'',1390476894,'update','系统将订单状态改为已结款，订单号为：10'),
	(89,42,0,'',1390921203,'update','系统将订单状态改为已结款，订单号为：42'),
	(90,43,0,'',1391526003,'update','系统将订单状态改为已结款，订单号为：43'),
	(91,47,35,'test008',1392190368,'create','`test008`创建了订单，订单号为`47`'),
	(92,48,35,'test008',1392190494,'create','`test008`创建了订单，订单号为`48`'),
	(93,49,35,'test008',1392190957,'create','`test008`创建了订单，订单号为`49`'),
	(94,52,35,'test008',1392374815,'create','`test008`创建了订单，订单号为`52`'),
	(95,52,35,'test008',1392374873,'payment','`test008`完成订单支付，支付方式：`信用支付`，支付单：2014021418461892`，订单号为`52`'),
	(96,53,35,'test008',1392623844,'create','`test008`创建了订单，订单号为`53`'),
	(97,54,35,'test008',1392625123,'create','`test008`创建了订单，订单号为`54`'),
	(98,55,35,'test008',1392804079,'create','`test008`创建了订单，订单号为`55`'),
	(99,55,35,'test008',1392804096,'payment','`test008`完成订单支付，支付方式：`信用支付`，支付单：2014021918015001`，订单号为`55`'),
	(100,56,44,'organization5',1392894557,'create','`organization5`创建了订单，订单号为`56`'),
	(101,56,44,'organization5',1392894573,'payment','`organization5`完成订单支付，支付方式：`信用支付`，支付单：2014022019091802`，订单号为`56`'),
	(102,52,0,'',1393340404,'update','系统将订单状态改为已结款，订单号为：52'),
	(103,55,0,'',1393340404,'update','系统将订单状态改为已结款，订单号为：55'),
	(104,60,44,'organization5',1393472226,'create','`organization5`创建了订单，订单号为`60`'),
	(105,62,44,'organization5',1393472265,'create','`organization5`创建了订单，订单号为`62`'),
	(106,67,44,'organization5',1393472713,'create','`organization5`创建了订单，订单号为`67`'),
	(107,70,44,'organization5',1393472842,'create','`organization5`创建了订单，订单号为`70`'),
	(108,22,0,'',1393556977,'update','系统将订单状态改为已结款，订单号为：22'),
	(109,23,0,'',1393556977,'update','系统将订单状态改为已结款，订单号为：23'),
	(110,24,0,'',1393556977,'update','系统将订单状态改为已结款，订单号为：24'),
	(111,25,0,'',1393556977,'update','系统将订单状态改为已结款，订单号为：25'),
	(112,26,0,'',1393556977,'update','系统将订单状态改为已结款，订单号为：26'),
	(113,35,0,'',1393556977,'update','系统将订单状态改为已结款，订单号为：35'),
	(114,44,0,'',1393556977,'update','系统将订单状态改为已结款，订单号为：44'),
	(115,45,0,'',1393556977,'update','系统将订单状态改为已结款，订单号为：45'),
	(116,29,0,'',1393556977,'update','系统将订单状态改为已结款，订单号为：29'),
	(117,82,35,'test008',1393571960,'create','`test008`创建了订单，订单号为`82`'),
	(118,82,0,'',1393572077,'payment','``完成订单支付，支付方式：`支付宝`，支付单：2014022815198609`，订单号为`82`'),
	(119,15,0,'',1393599606,'update','系统将订单状态改为已结款，订单号为：15'),
	(120,56,0,'',1394204403,'update','系统将订单状态改为已结款，订单号为：56');

/*!40000 ALTER TABLE `order_log` ENABLE KEYS */;
UNLOCK TABLES;


# Dump of table order_receipt
# ------------------------------------------------------------

DROP TABLE IF EXISTS `order_receipt`;

CREATE TABLE `order_receipt` (
  `id` bigint(20) unsigned NOT NULL AUTO_INCREMENT,
  `order_id` bigint(20) unsigned NOT NULL DEFAULT '0' COMMENT '订单id',
  `receipt_type` enum('payments','refunds') NOT NULL COMMENT '交易类型，支付单|退款单',
  `receipt_id` bigint(20) unsigned NOT NULL COMMENT '交易单号',
  `money` decimal(20,2) NOT NULL DEFAULT '0.00' COMMENT '交易金额',
  PRIMARY KEY (`id`),
  UNIQUE KEY `order_id_receipt_id_receipt_type` (`order_id`,`receipt_id`,`receipt_type`)
) ENGINE=InnoDB DEFAULT CHARSET=utf8 COMMENT='交易记录';

LOCK TABLES `order_receipt` WRITE;
/*!40000 ALTER TABLE `order_receipt` DISABLE KEYS */;

INSERT INTO `order_receipt` (`id`, `order_id`, `receipt_type`, `receipt_id`, `money`)
VALUES
	(1,1,'payments',1,202.00),
	(2,2,'payments',2,404.00),
	(3,6,'payments',3,105.00),
	(4,7,'payments',4,80.00),
	(5,8,'payments',5,80.00),
	(6,9,'payments',6,10.00),
	(7,10,'payments',7,80.00),
	(8,11,'payments',8,39.00),
	(9,12,'payments',9,126.00),
	(10,15,'payments',10,202.00),
	(11,16,'payments',11,80.00),
	(12,18,'payments',12,35.00),
	(13,18,'refunds',1,5.00),
	(14,21,'payments',13,80.00),
	(15,21,'refunds',2,80.00),
	(16,22,'payments',14,0.01),
	(17,23,'payments',15,0.01),
	(18,24,'payments',16,0.01),
	(19,25,'payments',17,0.01),
	(20,26,'payments',18,0.01),
	(21,27,'payments',19,0.01),
	(22,28,'payments',20,0.02),
	(23,29,'payments',21,0.01),
	(24,31,'payments',2014010318345999,0.01),
	(25,32,'payments',2014010615399794,50.00),
	(26,32,'payments',2014010615409223,50.00),
	(27,33,'payments',2014010810572789,0.02),
	(28,33,'refunds',2014010810594592,0.01),
	(29,33,'refunds',2014010811043495,0.01),
	(30,34,'payments',2014010814472610,0.01),
	(31,35,'payments',2014010815004941,0.03),
	(32,36,'payments',2014010815153907,0.01),
	(33,36,'refunds',2014010815256546,0.01),
	(34,37,'payments',2014010817021426,0.03),
	(35,37,'refunds',2014010817030105,0.01),
	(36,37,'refunds',2014010817309816,0.01),
	(37,38,'payments',2014010818556972,50.00),
	(38,39,'payments',2014011015043731,0.01),
	(39,40,'payments',2014011015093577,0.01),
	(40,41,'payments',2014012014331903,24.00),
	(41,41,'refunds',2014012014367708,8.00),
	(42,42,'payments',2014012014420309,24.00),
	(43,41,'refunds',2014012016134276,8.00),
	(44,42,'refunds',2014012016174692,8.00),
	(45,43,'payments',2014012017070353,32.00),
	(46,0,'refunds',2014012017095127,0.00),
	(47,0,'refunds',2014012118376240,0.00),
	(48,40,'refunds',2014012118429186,0.01),
	(49,44,'payments',2014012216054567,0.01),
	(50,45,'payments',2014012216332946,0.01),
	(51,46,'payments',2014012216394127,0.01),
	(52,45,'refunds',2014012216438368,0.01),
	(53,47,'payments',2014021215326689,1.00),
	(54,48,'payments',2014021215345888,0.07),
	(55,49,'payments',2014021215421546,30.00),
	(58,52,'payments',2014021418461892,0.01),
	(59,53,'payments',2014021715573409,0.01),
	(60,54,'payments',2014021716187999,0.01),
	(61,55,'payments',2014021918015001,0.50),
	(62,55,'refunds',2014021918234027,0.01),
	(63,56,'payments',2014022019091802,0.05),
	(67,60,'payments',2014022711372392,0.04),
	(69,62,'payments',2014022711374372,0.04),
	(74,67,'payments',2014022711456125,0.04),
	(77,70,'payments',2014022711472924,0.04),
	(86,82,'payments',2014022815198609,0.02);

/*!40000 ALTER TABLE `order_receipt` ENABLE KEYS */;
UNLOCK TABLES;


# Dump of table orders
# ------------------------------------------------------------

DROP TABLE IF EXISTS `orders`;

CREATE TABLE `orders` (
  `id` bigint(20) unsigned NOT NULL AUTO_INCREMENT COMMENT '订单号',
  `hash` varchar(100) NOT NULL COMMENT '订单电子编码',
  `payment` varchar(100) DEFAULT NULL COMMENT '支付方式',
  `pay_at` timestamp NULL DEFAULT NULL COMMENT '支付时间',
  `payed` decimal(20,2) NOT NULL DEFAULT '0.00' COMMENT '已支付',
  `amount` decimal(20,2) NOT NULL DEFAULT '0.00' COMMENT '总额',
  `useday` date DEFAULT NULL COMMENT '游玩时间',
  `owner_name` varchar(100) DEFAULT NULL COMMENT '取票人',
  `owner_mobile` varchar(100) DEFAULT NULL COMMENT '取票人手机',
  `buyer_organization_id` int(10) unsigned DEFAULT NULL COMMENT '购买的机构',
  `seller_organization_id` int(10) unsigned DEFAULT NULL COMMENT '发票的机构',
  `landscape_id` int(10) unsigned DEFAULT NULL COMMENT '景区id',
  `remarks` text COMMENT '备注',
  `pay_status` enum('unpaid','paid') NOT NULL DEFAULT 'unpaid' COMMENT '支付状态',
  `status` enum('active','cancel','finish','billed') NOT NULL DEFAULT 'active' COMMENT '订单状态 活动订单（可操作）|已取消|已结束|已结款',
  `created_by` int(10) unsigned DEFAULT NULL COMMENT '创建人',
  `created_at` timestamp NOT NULL DEFAULT '0000-00-00 00:00:00' COMMENT '创建时间',
  `updated_at` timestamp NOT NULL DEFAULT '0000-00-00 00:00:00' COMMENT '更新时间',
  `deleted_at` timestamp NULL DEFAULT NULL COMMENT '删除时间',
  `nums` int(11) NOT NULL DEFAULT '1' COMMENT '门票张数',
  `useless_nums` int(11) NOT NULL DEFAULT '0' COMMENT '作废的门票张数',
  PRIMARY KEY (`id`)
) ENGINE=InnoDB DEFAULT CHARSET=utf8 COMMENT='订单表';

LOCK TABLES `orders` WRITE;
/*!40000 ALTER TABLE `orders` DISABLE KEYS */;

INSERT INTO `orders` (`id`, `hash`, `payment`, `pay_at`, `payed`, `amount`, `useday`, `owner_name`, `owner_mobile`, `buyer_organization_id`, `seller_organization_id`, `landscape_id`, `remarks`, `pay_status`, `status`, `created_by`, `created_at`, `updated_at`, `deleted_at`, `nums`, `useless_nums`)
VALUES
	(1,'0002210000000001','credit','2013-12-15 12:53:19',202.00,202.00,'2014-01-22','我就是刘德华','13122956619',2,3,22,'sffdsf','paid','active',6,'2013-12-15 12:48:19','2013-12-16 10:56:05',NULL,2,0),
	(2,'0002210000000002','credit','2013-12-15 16:13:56',404.00,404.00,'2014-01-30','我就是刘德华','13122956617',2,3,22,'dfss','paid','billed',6,'2013-12-15 16:13:49','2013-12-16 17:31:05',NULL,4,0),
	(4,'0002210000000004','offline',NULL,0.00,555.00,'2014-01-22','我就是刘德华','13122956617',5,3,22,'dsfsdf','unpaid','cancel',44,'2013-12-16 11:43:44','2013-12-17 14:24:20',NULL,5,0),
	(5,'0024810000000005','offline',NULL,0.00,80.00,'2013-12-19','我就是刘德华','13122956617',5,2,248,'dsds','unpaid','cancel',44,'2013-12-16 11:44:24','2013-12-17 14:25:08',NULL,1,0),
	(6,'0024810000000006','credit','2013-12-16 11:45:41',105.00,105.00,'2013-12-28','我就是刘德华','13122956619',5,2,248,'sdds','paid','billed',44,'2013-12-16 11:45:01','2013-12-16 17:31:05',NULL,5,0),
	(7,'0024810000000007','credit',NULL,0.00,80.00,'2013-12-20','abcman','13838383838',5,2,248,'222','unpaid','active',35,'2013-12-17 14:22:56','0000-00-00 00:00:00',NULL,1,0),
	(8,'0024810000000008','credit',NULL,0.00,80.00,'2013-12-18','aa','13847566879',5,2,248,'111','unpaid','active',35,'2013-12-17 14:26:47','0000-00-00 00:00:00',NULL,1,0),
	(9,'0024810000000009','credit','2013-12-17 14:54:31',10.00,10.00,'2013-12-18','张麻子','15689098435',5,2,248,'哈哈 新天地我来啦','paid','active',35,'2013-12-17 14:52:18','2013-12-17 14:54:31',NULL,2,0),
	(10,'0024810000000010','credit','2013-12-17 16:18:02',80.00,80.00,'2013-12-19','abcMan','15678998576',5,2,248,'aaa','paid','billed',35,'2013-12-17 16:17:56','2014-01-23 19:34:54',NULL,1,0),
	(11,'0024810000000011','credit','2013-12-17 16:18:36',39.00,39.00,'2013-12-23','kaka哈哈','13485768798',5,2,248,'123123','paid','billed',35,'2013-12-17 16:18:30','2013-12-17 16:58:23',NULL,3,0),
	(12,'0024810000000012','credit','2013-12-17 16:23:41',126.00,126.00,'2013-12-25','法克鱿','13586779089',5,2,248,'我擦擦~~~~','paid','active',35,'2013-12-17 16:23:36','2013-12-17 16:23:41',NULL,6,0),
	(13,'0027610000000013','offline',NULL,200.00,300.00,'2013-12-18','ddd','13456789098',5,2,276,'123123','paid','finish',35,'2013-12-17 16:35:18','2013-12-17 16:55:53',NULL,3,0),
	(14,'0027610000000014','offline',NULL,0.00,160.00,'2013-12-25','卡卡卡','13567890987',5,2,276,'123132','unpaid','active',35,'2013-12-17 16:35:56','0000-00-00 00:00:00',NULL,80,0),
	(15,'0002210000000015','credit','2013-12-18 12:07:41',202.00,202.00,'2014-01-30','我就是刘德华','13122956619',2,3,22,'数据库转到rds后的第一个订单','paid','billed',6,'2013-12-18 12:07:30','2014-02-28 23:00:06',NULL,2,0),
	(16,'0024810000000016','credit',NULL,0.00,80.00,'2014-06-11','aaa','13458667789',5,2,248,'123','unpaid','cancel',35,'2013-12-20 16:18:16','2013-12-23 10:36:45',NULL,1,0),
	(17,'0027610000000017','offline',NULL,0.00,100.00,'2013-12-24','aa','13567890987',5,2,276,'111','unpaid','active',35,'2013-12-23 15:17:28','0000-00-00 00:00:00',NULL,1,0),
	(18,'0024810000000018','credit','2013-12-24 10:53:21',35.00,35.00,'2013-12-27','卡通人','15678909876',5,2,248,'132123','paid','billed',35,'2013-12-24 10:53:10','2014-01-23 19:34:54',NULL,7,0),
	(19,'0024810000000019','offline',NULL,0.00,10.00,'2013-12-25','aaa','13567890987',5,2,248,'111','unpaid','active',35,'2013-12-24 14:43:57','0000-00-00 00:00:00',NULL,2,0),
	(20,'0028210000000020','offline',NULL,0.00,60.00,'2013-12-29','av','13567890984',5,2,282,'aaa','unpaid','active',35,'2013-12-27 14:49:54','2013-12-27 14:52:34',NULL,3,0),
	(21,'0024810000000021','credit','2013-12-27 14:56:15',80.00,80.00,'2014-06-30','abc','13567890987',5,2,248,'aaa','paid','billed',35,'2013-12-27 14:56:10','2014-01-23 19:34:54',NULL,1,0),
	(22,'0028210000000022','alipay','2014-01-03 14:48:31',0.01,0.01,'2014-01-15','吴斌','15901995260',5,2,282,'aaa','paid','billed',35,'2014-01-03 14:31:11','2014-02-28 11:09:37',NULL,1,0),
	(23,'0028210000000023','alipay','2014-01-03 14:48:24',0.01,0.01,'2014-01-15','刘德华','13122956617',5,2,282,'第三方地方','paid','billed',44,'2014-01-03 14:47:34','2014-02-28 11:09:37',NULL,1,0),
	(24,'0028210000000024','alipay','2014-01-03 16:17:44',0.01,0.01,'2014-01-15','刘和','13122956617',5,2,282,'所发生的发','paid','billed',44,'2014-01-03 14:53:20','2014-02-28 11:09:37',NULL,1,0),
	(25,'0028210000000025','alipay','2014-01-03 15:27:01',0.01,0.01,'2014-01-15','刘和','13122956617',5,2,282,'是的冯绍峰','paid','billed',44,'2014-01-03 15:25:07','2014-02-28 11:09:37',NULL,1,0),
	(26,'0028210000000026','alipay','2014-01-03 15:29:52',0.01,0.01,'2014-01-15','吴斌','15901995260',5,2,282,'在线支付 测试 第2次','paid','billed',35,'2014-01-03 15:28:46','2014-02-28 11:09:37',NULL,1,0),
	(27,'0028210000000027','alipay',NULL,0.00,0.01,'2014-01-15','刘和','13122956617',5,2,282,'是的冯绍峰','unpaid','active',44,'2014-01-03 15:29:20','0000-00-00 00:00:00',NULL,1,0),
	(28,'0028210000000028','alipay',NULL,0.00,0.02,'2014-01-15','刘和','13122956617',5,2,282,'是的冯绍峰','unpaid','active',44,'2014-01-03 15:29:29','0000-00-00 00:00:00',NULL,2,0),
	(29,'0028210000000029','alipay','2014-01-03 15:32:28',0.01,0.01,'2014-01-15','吴斌','15901995260',5,2,282,'3次','paid','billed',35,'2014-01-03 15:31:26','2014-02-28 11:09:37',NULL,1,0),
	(30,'0028210000000030','offline',NULL,0.00,20.00,'2014-01-15','李一','13643211234',1,2,282,'快递','unpaid','active',41,'2014-01-03 16:09:13','0000-00-00 00:00:00',NULL,1,0),
	(31,'0028210000000031','alipay',NULL,0.00,0.01,'2014-01-15','刘德华','13122956617',5,2,282,'fdsfdsf','unpaid','active',44,'2014-01-03 18:34:34','0000-00-00 00:00:00',NULL,1,0),
	(32,'0024810000000032','offline',NULL,0.00,50.00,'2014-06-30','李一','13423432357',1,2,248,'','unpaid','active',41,'2014-01-06 15:39:47','2014-01-06 15:40:39',NULL,1,0),
	(33,'0028210000000033','alipay','2014-01-08 10:58:27',0.02,0.02,'2014-01-15','刘德华','13122956617',5,2,282,'saddds','paid','active',44,'2014-01-08 10:57:47','2014-01-08 10:58:27',NULL,2,0),
	(34,'0028210000000034','alipay',NULL,0.00,0.01,'2014-01-09','xiaoyan','13917306599',5,2,282,'','unpaid','active',35,'2014-01-08 14:47:24','0000-00-00 00:00:00',NULL,1,0),
	(35,'0028210000000035','alipay','2014-01-08 15:00:37',0.03,0.03,'2014-01-15','刘德华','13122956617',5,2,282,'sfsfdd','paid','billed',44,'2014-01-08 15:00:00','2014-02-28 11:09:37',NULL,3,0),
	(36,'0028210000000036','alipay','2014-01-08 15:18:02',0.01,0.01,'2014-01-15','xiaoyan','13917306599',5,2,282,'','paid','active',35,'2014-01-08 15:15:40','2014-01-08 15:18:02',NULL,1,0),
	(37,'0028210000000037','alipay','2014-01-08 17:02:49',0.03,0.03,'2014-01-15','刘德华','13122956619',5,2,282,'fdssdf','paid','active',44,'2014-01-08 17:02:12','2014-01-08 17:02:49',NULL,3,0),
	(38,'0024810000000038','credit',NULL,0.00,50.00,'2014-06-30','李一','13567890987',1,2,248,'','unpaid','active',41,'2014-01-08 18:55:53','0000-00-00 00:00:00',NULL,1,0),
	(39,'0028210000000039','alipay',NULL,0.00,0.01,'2014-01-14','吴斌','15901995260',5,2,282,'111','unpaid','active',35,'2014-01-10 15:04:21','0000-00-00 00:00:00',NULL,1,0),
	(40,'0028210000000040','alipay','2014-01-10 15:10:36',0.01,0.01,'2014-01-15','刘德华','13122956617',5,2,282,'xfx','paid','active',44,'2014-01-10 15:09:55','2014-01-10 15:10:36',NULL,1,0),
	(41,'0024810000000041','credit','2014-01-20 14:33:50',24.00,24.00,'2014-01-20','abcman','13838383838',5,2,248,'','paid','billed',35,'2014-01-20 14:33:45','2014-01-23 19:34:54',NULL,3,0),
	(42,'0024810000000042','credit','2014-01-20 14:43:04',24.00,24.00,'2014-01-20','abcman','13838383838',5,2,248,'fdsa','paid','billed',35,'2014-01-20 14:42:56','2014-01-28 23:00:03',NULL,3,0),
	(43,'0024810000000043','credit','2014-01-20 17:07:48',32.00,32.00,'2014-01-27','af','13838383838',5,2,248,'1','paid','billed',35,'2014-01-20 17:07:44','2014-02-04 23:00:03',NULL,4,0),
	(44,'0028210000000044','alipay','2014-01-22 16:06:37',0.01,0.01,'2014-01-15','吴斌','15901995260',5,2,282,'嘿嘿嘿~~','paid','billed',35,'2014-01-22 16:05:54','2014-02-28 11:09:37',NULL,1,0),
	(45,'0028210000000045','alipay','2014-01-22 16:34:08',0.01,0.01,'2014-01-23','吴斌','15901995260',5,2,282,'啊啊啊啊啊','paid','billed',35,'2014-01-22 16:33:27','2014-02-28 11:09:37',NULL,1,0),
	(46,'0028210000000046','alipay',NULL,0.00,0.01,'2014-01-15','刘德华','13122956617',5,2,282,'','unpaid','active',44,'2014-01-22 16:39:36','0000-00-00 00:00:00',NULL,1,0),
	(47,'0000010000000047','alipay',NULL,0.00,1.00,'2014-02-20','12','13596870958',5,2,282,'','unpaid','active',35,'2014-02-12 15:32:42','0000-00-00 00:00:00',NULL,100,0),
	(48,'0000010000000048','alipay',NULL,0.00,0.07,'2014-02-13','324','13456789876',5,2,282,'','unpaid','active',35,'2014-02-12 15:34:52','0000-00-00 00:00:00',NULL,7,0),
	(49,'9000010000000049','credit',NULL,0.00,30.00,'2014-02-20','fj','15386755063',5,2,248,'','unpaid','active',35,'2014-02-12 15:42:36','0000-00-00 00:00:00',NULL,1,0),
	(52,'BW00010000000052','credit','2014-02-14 18:47:53',0.01,0.01,'2014-02-15','爱卿','13838383838',5,2,288,'I ♡ U','paid','billed',35,'2014-02-14 18:46:50','2014-02-25 23:00:04',NULL,1,0),
	(53,'BW00010000000053','credit',NULL,0.00,0.01,'2014-02-18','23','13567887865',5,2,288,'','unpaid','active',35,'2014-02-17 15:57:23','0000-00-00 00:00:00',NULL,1,0),
	(54,'BW00010000000054','alipay',NULL,0.00,0.01,'2014-02-18','23','13567887865',5,2,288,'','unpaid','active',35,'2014-02-17 16:18:43','0000-00-00 00:00:00',NULL,1,0),
	(55,'BW00010000000055','credit','2014-02-19 18:01:36',0.50,0.50,'2014-02-20','吴斌','15901995260',5,2,288,'','paid','billed',35,'2014-02-19 18:01:18','2014-02-25 23:00:04',NULL,50,0),
	(56,'BW00010000000056','credit','2014-02-20 19:09:33',0.05,0.05,'2014-02-26','sdfdfs','13122872822',5,2,288,'','paid','billed',44,'2014-02-20 19:09:16','2014-03-07 23:00:03',NULL,5,0),
	(60,'T000010000000060','credit',NULL,0.00,0.04,'2014-03-07','liuhe','13122876627',5,2,288,'','unpaid','active',44,'2014-02-27 11:37:06','0000-00-00 00:00:00',NULL,4,0),
	(62,'T000010000000062','alipay',NULL,0.00,0.04,'2014-03-07','liuhe','13122876627',5,2,288,'','unpaid','active',44,'2014-02-27 11:37:40','0000-00-00 00:00:00',NULL,4,0),
	(67,'T000010000000067','alipay',NULL,0.00,0.04,'2014-03-05','liuhe','13122987762',5,2,288,'','unpaid','active',44,'2014-02-27 11:45:08','0000-00-00 00:00:00',NULL,4,0),
	(70,'T000010000000070','alipay',NULL,0.00,0.04,'2014-03-05','liuhe','13122987762',5,2,288,'','unpaid','active',44,'2014-02-27 11:47:20','0000-00-00 00:00:00',NULL,4,0),
	(82,'T000010000000082','alipay','2014-02-28 15:21:17',0.02,0.02,'2014-03-01','wubin','15901995260',5,2,288,'','paid','finish',35,'2014-02-28 15:19:20','2014-03-04 23:00:03',NULL,2,0);

/*!40000 ALTER TABLE `orders` ENABLE KEYS */;
UNLOCK TABLES;


# Dump of table organization_credit_log
# ------------------------------------------------------------

DROP TABLE IF EXISTS `organization_credit_log`;

CREATE TABLE `organization_credit_log` (
  `id` int(10) unsigned NOT NULL AUTO_INCREMENT,
  `organization_main_id` int(10) unsigned NOT NULL DEFAULT '0' COMMENT '主机构id，即被接入的机构',
  `organization_partner_id` int(10) unsigned NOT NULL DEFAULT '0' COMMENT '接入的机构，即申请者机构',
  `money` decimal(20,2) NOT NULL DEFAULT '0.00' COMMENT '操作金额',
  `remark` varchar(255) DEFAULT NULL COMMENT '操作日志',
  `mtime` int(10) unsigned NOT NULL DEFAULT '0' COMMENT '操作时间',
  `bill_type` enum('partner','payments','refunds') NOT NULL COMMENT '交易类型，partner|payments|refunds ,合作者操作|支付单|退款单',
  `bill_id` varchar(20) DEFAULT NULL COMMENT '支付单号，没有则为空',
  `order_id` bigint(20) unsigned DEFAULT NULL COMMENT '订单号，没有则为空',
  `operator_id` int(10) unsigned NOT NULL DEFAULT '0' COMMENT '操作者id',
  `operation_type` enum('import','export') NOT NULL COMMENT 'import|export ,支入|支出',
  `cur_money` decimal(20,2) NOT NULL DEFAULT '0.00' COMMENT '当前可用额度，即支入或支出后的信用额度',
  `memo` varchar(255) DEFAULT NULL COMMENT '备注',
  PRIMARY KEY (`id`)
) ENGINE=InnoDB DEFAULT CHARSET=utf8 COMMENT='信用额度操作表';

LOCK TABLES `organization_credit_log` WRITE;
/*!40000 ALTER TABLE `organization_credit_log` DISABLE KEYS */;

INSERT INTO `organization_credit_log` (`id`, `organization_main_id`, `organization_partner_id`, `money`, `remark`, `mtime`, `bill_type`, `bill_id`, `order_id`, `operator_id`, `operation_type`, `cur_money`, `memo`)
VALUES
	(1,3,2,202.00,'订单1,支付金额`202.00`,支付单为1',1386834716,'payments','1',1,6,'export',1273.00,NULL),
	(2,3,2,1010.00,'订单2,支付金额`1010.00`,支付单为2',1386903082,'payments','2',2,6,'export',263.00,NULL),
	(3,3,2,202.00,'订单1,支付金额`202.00`,支付单为1',1387083200,'payments','1',1,6,'export',61.00,NULL),
	(4,3,2,404.00,'订单2,支付金额`404.00`,支付单为2',1387095236,'payments','2',2,6,'export',59596.00,NULL),
	(5,2,1,100000.00,'合作机构管理员吴斌添加`100000`',1387164717,'partner',NULL,NULL,9,'import',100000.00,NULL),
	(6,2,5,105.00,'订单6,支付金额`105.00`,支付单为3',1387165541,'payments','3',6,44,'export',99815.00,NULL),
	(7,2,5,100.00,'合作机构管理员吴斌添加`100`',1387178272,'partner',NULL,NULL,9,'import',100.00,NULL),
	(8,2,5,100.00,'合作机构管理员吴斌添加`100`',1387178623,'partner',NULL,NULL,9,'import',100.00,NULL),
	(9,2,5,50.00,'合作机构管理员吴斌添加`50`',1387248924,'partner',NULL,NULL,9,'import',150.00,NULL),
	(10,2,5,1000.00,'合作机构管理员吴斌添加`1000`',1387249215,'partner',NULL,NULL,9,'import',1100.00,NULL),
	(11,2,5,10.00,'订单9,支付金额`10.00`,支付单为6',1387263271,'payments','6',9,35,'export',1090.00,NULL),
	(12,2,5,80.00,'订单10,支付金额`80.00`,支付单为7',1387268282,'payments','7',10,35,'export',1010.00,NULL),
	(13,2,5,39.00,'订单11,支付金额`39.00`,支付单为8',1387268316,'payments','8',11,35,'export',971.00,NULL),
	(14,2,5,126.00,'订单12,支付金额`126.00`,支付单为9',1387268621,'payments','9',12,35,'export',845.00,NULL),
	(15,3,2,202.00,'订单15,支付金额`202.00`,支付单为10',1387339661,'payments','10',15,6,'export',59394.00,NULL),
	(16,2,5,35.00,'订单18,支付金额`35.00`,支付单为12',1387853601,'payments','12',18,35,'export',810.00,NULL),
	(17,2,5,5.00,'订单18,退款金额`5`,退款单为6',1387853627,'refunds','6',18,35,'import',815.00,NULL),
	(18,2,5,80.00,'订单21,支付金额`80.00`,支付单为13',1388127375,'payments','13',21,35,'export',735.00,NULL),
	(19,2,5,80.00,'订单21,退款金额`80`,退款单为7',1388127401,'refunds','7',21,35,'import',815.00,NULL),
	(20,2,5,10000.00,'合作机构管理员abc123增加10000',1388991930,'partner',NULL,NULL,9,'import',10000.00,'新的合作机构'),
	(21,1,5,10000.00,'合作机构管理员organization1增加10000.00',1388992366,'partner',NULL,NULL,41,'import',10000.00,''),
	(22,2,6,9000000.00,'合作机构管理员shenxiaoyan增加9000000',1390118716,'partner',NULL,NULL,12,'import',9000000.00,''),
	(23,2,5,24.00,'订单41,支付金额`24.00`,支付单为2014012014331903',1390199630,'payments','2014012014331903',41,35,'export',9976.00,NULL),
	(24,2,5,8.00,'订单41,退款金额`8`,退款单为14',1390199762,'refunds','14',41,35,'import',9984.00,NULL),
	(25,2,5,24.00,'订单42,支付金额`24.00`,支付单为2014012014420309',1390200184,'payments','2014012014420309',42,35,'export',9960.00,NULL),
	(26,2,5,8.00,'订单41,退款金额`8`,退款单为15',1390205620,'refunds','15',41,35,'import',9968.00,NULL),
	(27,2,5,8.00,'订单42,退款金额`8`,退款单为16',1390205840,'refunds','16',42,35,'import',9976.00,NULL),
	(28,2,5,32.00,'订单43,支付金额`32.00`,支付单为2014012017070353',1390208868,'payments','2014012017070353',43,35,'export',9944.00,NULL),
	(29,2,5,100.00,'合作机构管理员abc123增加100',1390287640,'partner',NULL,NULL,9,'import',10044.00,''),
	(30,2,15,100.00,'合作机构管理员abc123增加100',1390287856,'partner',NULL,NULL,9,'import',100.00,''),
	(31,5,1,111.00,'合作机构管理员organization5增加111',1390320454,'partner',NULL,NULL,44,'import',216.00,''),
	(32,2,3,1111.00,'合作机构管理员liuhe9增加1111',1390365468,'partner',NULL,NULL,6,'import',1113.00,''),
	(33,2,5,30.00,'合作机构管理员abc123增加30',1390373073,'partner',NULL,NULL,9,'import',30.00,''),
	(34,2,5,25.00,'合作机构管理员abc123减少25',1390373104,'partner',NULL,NULL,9,'export',5.00,''),
	(35,2,5,12.00,'合作机构管理员abc123增加12',1390373118,'partner',NULL,NULL,9,'import',17.00,''),
	(36,2,5,10000.00,'合作机构管理员abc123增加10000',1390373131,'partner',NULL,NULL,9,'import',10017.00,'土豪'),
	(37,2,5,10000.00,'合作机构管理员abc123增加10000',1392190843,'partner',NULL,NULL,9,'import',10000.00,''),
	(38,2,5,0.01,'订单52,支付金额`0.01`,支付单为2014021418461892',1392374873,'payments','2014021418461892',52,35,'export',9999.99,NULL),
	(39,2,5,0.50,'订单55,支付金额`0.50`,支付单为2014021918015001',1392804096,'payments','2014021918015001',55,35,'export',9999.49,NULL),
	(40,2,5,0.01,'订单55,退款金额`0.01`,退款单为18',1392805412,'refunds','18',55,35,'import',9999.50,NULL),
	(41,2,5,0.05,'订单56,支付金额`0.05`,支付单为2014022019091802',1392894573,'payments','2014022019091802',56,44,'export',9999.45,NULL);

/*!40000 ALTER TABLE `organization_credit_log` ENABLE KEYS */;
UNLOCK TABLES;


# Dump of table organization_partner
# ------------------------------------------------------------

DROP TABLE IF EXISTS `organization_partner`;

CREATE TABLE `organization_partner` (
  `id` int(10) unsigned NOT NULL AUTO_INCREMENT,
  `organization_main_id` int(10) unsigned NOT NULL COMMENT '主机构id，即被接入的机构',
  `organization_partner_id` int(10) unsigned NOT NULL COMMENT '接入的机构，即申请者机构',
  `status` enum('apply','normal','reject','unlock') NOT NULL DEFAULT 'apply' COMMENT '状态apply|normal|reject|unlock  申请|通过|拒绝|解除',
  `cur_money` decimal(20,2) NOT NULL DEFAULT '0.00' COMMENT '当前可用额度',
  `price_templates_id` int(10) unsigned NOT NULL DEFAULT '0' COMMENT '价格模板id',
  `join_time` int(10) unsigned NOT NULL DEFAULT '0' COMMENT '加入合作时间',
  `unlock_time` int(10) unsigned NOT NULL DEFAULT '0' COMMENT '解除合作时间',
  `last_modify` int(10) unsigned NOT NULL DEFAULT '0' COMMENT '最后更新时间',
  `add_by` int(10) unsigned NOT NULL DEFAULT '0' COMMENT '操作者id',
  `account_cycle` enum('month','week','undefined') NOT NULL DEFAULT 'undefined' COMMENT 'month|week|undefined, 月结，周结，未定义结算周期',
  `account_cycle_day` tinyint(2) unsigned NOT NULL DEFAULT '0' COMMENT '月结或者周结的第几天，1-31，周是0-6（指周日周一。。。周六）',
  PRIMARY KEY (`id`),
  UNIQUE KEY `organization_main_partner_id_unique` (`organization_main_id`,`organization_partner_id`)
) ENGINE=InnoDB DEFAULT CHARSET=utf8 COMMENT='机构关系表';

LOCK TABLES `organization_partner` WRITE;
/*!40000 ALTER TABLE `organization_partner` DISABLE KEYS */;

INSERT INTO `organization_partner` (`id`, `organization_main_id`, `organization_partner_id`, `status`, `cur_money`, `price_templates_id`, `join_time`, `unlock_time`, `last_modify`, `add_by`, `account_cycle`, `account_cycle_day`)
VALUES
	(1,3,2,'normal',59394.00,8,0,1386312174,1393556900,8,'week',5),
	(2,2,3,'normal',1113.00,13,1390118666,0,1393556770,8,'week',5),
	(3,5,1,'normal',216.00,0,1386647744,0,1393556656,35,'week',5),
	(4,1,5,'apply',0.00,0,0,0,1390286861,35,'undefined',0),
	(5,2,5,'normal',9999.45,14,1390476371,0,1393556786,35,'week',5),
	(86,2,1,'normal',100000.00,14,1387164695,0,1393556801,9,'week',5),
	(87,2,6,'normal',9000000.00,14,1389335399,0,1393556816,9,'week',5),
	(88,2,7,'normal',0.00,0,1390118613,0,1393556831,12,'week',5),
	(90,2,15,'normal',0.00,0,1390287957,0,1393556845,62,'week',5),
	(91,2,12,'unlock',0.00,0,1390365415,1390369855,1390369855,6,'undefined',0);

/*!40000 ALTER TABLE `organization_partner` ENABLE KEYS */;
UNLOCK TABLES;


# Dump of table organizations
# ------------------------------------------------------------

DROP TABLE IF EXISTS `organizations`;

CREATE TABLE `organizations` (
  `id` int(10) unsigned NOT NULL AUTO_INCREMENT,
  `name` varchar(100) NOT NULL COMMENT '机构名称',
  `type` enum('government','agency','landscape','ota') NOT NULL,
  `district_id` int(10) unsigned NOT NULL DEFAULT '0' COMMENT '所在地区',
  `address` varchar(100) NOT NULL DEFAULT '' COMMENT '详细地址',
  `contact` varchar(50) NOT NULL DEFAULT '' COMMENT '联系人',
  `telephone` varchar(20) NOT NULL DEFAULT '' COMMENT '公司电话',
  `email` varchar(100) NOT NULL DEFAULT '' COMMENT '联系邮箱',
  `description` text COMMENT '机构简介',
  `status` enum('normal','disable') DEFAULT NULL COMMENT '启用禁用',
  `supply` enum('yes','no') DEFAULT NULL COMMENT '供应权',
  `distribute` enum('yes','no') DEFAULT NULL COMMENT '分销权',
  `licence_id` int(10) NOT NULL DEFAULT '0' COMMENT '营业执照',
  `certificate_id` int(10) unsigned NOT NULL DEFAULT '0' COMMENT '经营许可证',
  `mobile` varchar(20) NOT NULL DEFAULT '' COMMENT '手机号码',
  `fax` varchar(20) NOT NULL DEFAULT '' COMMENT '传真',
  `abbreviation` varchar(20) NOT NULL DEFAULT '' COMMENT '简称',
  `logo_id` int(11) NOT NULL DEFAULT '0' COMMENT '企业logo',
  `tax_id` int(11) NOT NULL DEFAULT '0' COMMENT '税务登记证',
  `verify_by` int(11) NOT NULL DEFAULT '0' COMMENT '审核人id',
  `verify_at` timestamp NOT NULL DEFAULT '0000-00-00 00:00:00' COMMENT '审核时间',
  `verify_status` enum('apply','checked','reject') NOT NULL DEFAULT 'apply' COMMENT '审核状态',
  `created_by` int(10) unsigned NOT NULL DEFAULT '0',
  `created_at` timestamp NOT NULL DEFAULT '0000-00-00 00:00:00',
  `updated_at` timestamp NOT NULL DEFAULT '0000-00-00 00:00:00',
  `deleted_at` timestamp NULL DEFAULT NULL,
  PRIMARY KEY (`id`),
  UNIQUE KEY `organizations_name_unique` (`name`)
) ENGINE=InnoDB DEFAULT CHARSET=utf8;

LOCK TABLES `organizations` WRITE;
/*!40000 ALTER TABLE `organizations` DISABLE KEYS */;

INSERT INTO `organizations` (`id`, `name`, `type`, `district_id`, `address`, `contact`, `telephone`, `email`, `description`, `status`, `supply`, `distribute`, `licence_id`, `certificate_id`, `mobile`, `fax`, `abbreviation`, `logo_id`, `tax_id`, `verify_by`, `verify_at`, `verify_status`, `created_by`, `created_at`, `updated_at`, `deleted_at`)
VALUES
	(1,'星辉电影公司','landscape',621000,'上海市长隆路333号','4343433','12344455','1223@qq.com','描述描述描述描述描述描述描述描述描述描述','normal','yes','yes',78,0,'15725367865','65434598','小星星',78,0,9,'2014-01-23 18:47:03','checked',0,'0000-00-00 00:00:00','2014-01-23 18:47:03',NULL),
	(2,'超人集团','landscape',110101,'哈哈哈fff','SuperMan','12343434','123@12.ca','超人集团','normal','yes','no',58,0,'13838383838','64590697','超人集团',87,0,0,'0000-00-00 00:00:00','apply',9,'0000-00-00 00:00:00','2013-12-13 07:30:02',NULL),
	(3,'星辉旅行社','landscape',331021,'详细地址地址','张小long','323223323','1234@qq.com','描述描述','normal','yes','no',26,0,'13545454545','32323232','简称',60,0,0,'0000-00-00 00:00:00','apply',0,'0000-00-00 00:00:00','2013-11-21 09:22:53',NULL),
	(4,'abc旅行社','agency',310101,'','abcMan','','','abcMan的旅行社','normal','yes','',0,0,'','','',0,0,0,'0000-00-00 00:00:00','apply',9,'2013-10-21 09:58:42','2013-10-21 09:58:42',NULL),
	(5,'1127','agency',310104,'过山路fffff','1127Man','1122331','abc@163.com','aaa','normal','yes','yes',79,88,'13838383838','112233','aaa',83,87,0,'0000-00-00 00:00:00','apply',9,'2013-11-27 02:47:51','2013-11-27 02:47:51',NULL),
	(6,'JoJo的旅行公司','agency',310101,'黄浦区的一条小路上','JoJo','021-666666','JoJo@163.com','JoJo的旅行公司\r\n旅游好比人生，浮华只是惊鸿一瞥，平淡才是真。经营小清新路线，走我们自己的人生道路。','normal','yes','yes',69,69,'15901995260','021-666666','JoJo',68,69,0,'0000-00-00 00:00:00','apply',9,'0000-00-00 00:00:00','0000-00-00 00:00:00',NULL),
	(7,'我叫test111','landscape',0,'','','','',NULL,NULL,NULL,NULL,0,0,'','','',0,0,35,'2014-01-22 15:27:30','checked',0,'2014-01-15 12:06:11','2014-01-22 15:27:30',NULL),
	(8,'213121','agency',0,'','','','',NULL,'disable','yes','yes',0,0,'','','',0,0,0,'0000-00-00 00:00:00','apply',0,'2014-01-17 16:46:57','0000-00-00 00:00:00',NULL),
	(9,'213122','landscape',0,'','','','',NULL,'disable','yes',NULL,0,0,'','','',0,0,0,'0000-00-00 00:00:00','apply',0,'2014-01-17 17:24:13','0000-00-00 00:00:00',NULL),
	(10,'123001','landscape',0,'','','','',NULL,'disable','yes','no',0,0,'','','',0,0,35,'2014-01-27 10:40:08','reject',0,'2014-01-18 11:43:24','2014-01-27 10:40:08',NULL),
	(11,'123002','landscape',0,'','','','',NULL,'disable','yes','no',0,0,'','','',0,0,0,'0000-00-00 00:00:00','apply',0,'2014-01-18 11:46:22','0000-00-00 00:00:00',NULL),
	(12,'屎黄','landscape',0,'','','','',NULL,'disable','yes','no',0,0,'','','',0,0,0,'0000-00-00 00:00:00','apply',0,'2014-01-18 11:47:14','0000-00-00 00:00:00',NULL),
	(13,'123003','landscape',0,'','','','',NULL,'disable','yes','no',0,0,'','','',0,0,0,'0000-00-00 00:00:00','apply',0,'2014-01-18 14:40:19','0000-00-00 00:00:00',NULL),
	(14,'123004','agency',0,'','','','',NULL,'disable','yes','yes',0,0,'','','',0,0,0,'0000-00-00 00:00:00','apply',0,'2014-01-20 11:15:41','0000-00-00 00:00:00',NULL),
	(15,'123005','agency',0,'','abcMan','','','','normal','yes','yes',0,0,'13838383838','','abc',0,0,0,'0000-00-00 00:00:00','apply',9,'2014-01-21 14:24:24','0000-00-00 00:00:00',NULL),
	(16,'justtest','agency',0,'','','','',NULL,'disable','yes','yes',0,0,'','','',0,0,0,'0000-00-00 00:00:00','apply',0,'2014-01-22 13:57:42','0000-00-00 00:00:00',NULL),
	(17,'sfdsfdsfs','agency',0,'','','','',NULL,'disable','yes','yes',0,0,'','','',0,0,0,'0000-00-00 00:00:00','apply',0,'2014-01-22 14:05:32','0000-00-00 00:00:00',NULL),
	(18,'1321321321','landscape',0,'','','','',NULL,'disable','yes','no',0,0,'','','',0,0,0,'0000-00-00 00:00:00','apply',0,'2014-01-22 14:05:58','0000-00-00 00:00:00',NULL),
	(19,'123','landscape',0,'','','','',NULL,'disable','yes','no',0,0,'','','',0,0,0,'0000-00-00 00:00:00','apply',0,'2014-01-22 14:06:56','0000-00-00 00:00:00',NULL),
	(20,'鸟不拉屎集团','landscape',0,'','','','',NULL,'disable','yes','no',0,0,'','','',0,0,0,'0000-00-00 00:00:00','apply',0,'2014-01-22 14:29:32','0000-00-00 00:00:00',NULL),
	(21,'123006','agency',0,'','','','',NULL,'disable','yes','yes',0,0,'','','',0,0,0,'0000-00-00 00:00:00','apply',0,'2014-01-22 14:49:24','0000-00-00 00:00:00',NULL),
	(22,'测试机构O(∩_∩)O~','landscape',0,'','李一','','','','normal','yes','yes',0,0,'15893457680','','测试景区',86,0,9,'2014-01-23 18:56:17','checked',9,'0000-00-00 00:00:00','2014-01-23 18:56:17',NULL),
	(23,'123007','agency',0,'','','','',NULL,'disable','yes','yes',0,0,'','','',0,0,0,'0000-00-00 00:00:00','apply',0,'2014-02-28 11:21:20','0000-00-00 00:00:00',NULL);

/*!40000 ALTER TABLE `organizations` ENABLE KEYS */;
UNLOCK TABLES;


# Dump of table payments
# ------------------------------------------------------------

DROP TABLE IF EXISTS `payments`;

CREATE TABLE `payments` (
  `id` varchar(20) NOT NULL COMMENT '支付方式',
  `money` decimal(20,2) NOT NULL DEFAULT '0.00' COMMENT '金额',
  `u_id` int(10) unsigned NOT NULL COMMENT '用户id',
  `op_id` int(10) unsigned NOT NULL COMMENT '操作人员',
  `account` varchar(50) DEFAULT NULL COMMENT '收款账号',
  `bank` varchar(50) DEFAULT NULL COMMENT '收款银行',
  `pay_account` varchar(50) DEFAULT NULL COMMENT '支付账户',
  `remark` text COMMENT '支付单备注',
  `payment_bn` varchar(30) DEFAULT NULL COMMENT '交易流水',
  `pay_type` enum('online','offline','credit') NOT NULL DEFAULT 'online' COMMENT '支付方式：线上、线下、信用支付',
  `ip` varchar(20) DEFAULT NULL COMMENT 'ip地址',
  `order_id` bigint(20) NOT NULL COMMENT '订单id',
  `status` enum('succ','fail','cancel','error','invalid','progress','timeout','ready') NOT NULL DEFAULT 'ready' COMMENT '退款状态',
  `pay_app_id` varchar(100) NOT NULL DEFAULT '0' COMMENT '支付app',
  `create_time` int(10) unsigned NOT NULL DEFAULT '0' COMMENT '支付单创建时间',
  `last_modify` int(10) unsigned NOT NULL DEFAULT '0' COMMENT '最后更新时间',
  PRIMARY KEY (`id`)
) ENGINE=InnoDB DEFAULT CHARSET=utf8 COMMENT='支付单';

LOCK TABLES `payments` WRITE;
/*!40000 ALTER TABLE `payments` DISABLE KEYS */;

INSERT INTO `payments` (`id`, `money`, `u_id`, `op_id`, `account`, `bank`, `pay_account`, `remark`, `payment_bn`, `pay_type`, `ip`, `order_id`, `status`, `pay_app_id`, `create_time`, `last_modify`)
VALUES
	('1',202.00,6,6,'信用支付','信用支付','','','','credit','192.168.128.1',1,'succ','credit',1387082899,1387083199),
	('10',202.00,6,6,'','','','','','credit','58.246.240.122',15,'succ','credit',1387339650,1387339661),
	('11',80.00,35,35,'','','','','','credit','58.246.240.122',16,'ready','credit',1387527496,0),
	('12',35.00,35,35,'','','','','','credit','58.246.3.218',18,'succ','credit',1387853590,1387853601),
	('13',80.00,35,35,'','','','','','credit','58.246.240.122',21,'succ','credit',1388127370,1388127375),
	('14',0.01,35,35,'上海汇联皆景信息科技有限公司','支付宝','付款帐号','分销-门票订单|22','2014010352034841','online','58.246.3.218',22,'succ','alipay',1388730671,1388731711),
	('15',0.01,44,44,'上海汇联皆景信息科技有限公司','支付宝','付款帐号','分销-门票订单|23','2014010326653256','online','58.246.240.122',23,'succ','alipay',1388731654,1388731704),
	('16',0.01,44,44,'上海汇联皆景信息科技有限公司','支付宝','付款帐号','分销-门票订单|24','2014010326674556','online','58.246.3.218',24,'succ','alipay',1388732000,1388737064),
	('17',0.01,44,44,'上海汇联皆景信息科技有限公司','支付宝','付款帐号','分销-门票订单|25','2014010326797256','online','58.246.3.218',25,'succ','alipay',1388733907,1388734021),
	('18',0.01,35,35,'上海汇联皆景信息科技有限公司','支付宝','付款帐号','分销-门票订单|26','2014010352656941','online','58.246.3.218',26,'succ','alipay',1388734126,1388734191),
	('19',0.01,44,44,'','','','','','online','58.246.3.218',27,'ready','alipay',1388734160,0),
	('2',404.00,6,6,'信用支付','信用支付','','','','credit','192.168.128.1',2,'succ','credit',1387095229,1387095236),
	('20',0.02,44,44,'','','','','','online','58.246.3.218',28,'ready','alipay',1388734169,0),
	('2014010318345999',0.01,44,44,'','','','','','online','58.246.240.122',31,'ready','alipay',1388745274,0),
	('2014010615399794',50.00,41,41,'','','','','','credit','58.246.3.218',32,'ready','credit',1388993987,0),
	('2014010615409223',50.00,41,41,'','','','','','offline','58.246.3.218',32,'ready','offline',1388994039,0),
	('2014010810572789',0.02,44,44,'上海汇联皆景信息科技有限公司','支付宝','liuhe9@qq.com','分销-门票订单|33','2014010845821756','online','58.246.3.218',33,'succ','alipay',1389149867,1389149906),
	('2014010814472610',0.01,35,35,'','','','','','online','58.246.240.122',34,'ready','alipay',1389163644,0),
	('2014010815004941',0.03,44,44,'上海汇联皆景信息科技有限公司','支付宝','liuhe9@qq.com','订单id:35','2014010846857956','online','58.246.240.122',35,'succ','alipay',1389164400,1389164437),
	('2014010815153907',0.01,35,35,'上海汇联皆景信息科技有限公司','支付宝','benwu@aliyun.com','订单id:36','2014010840428041','online','58.246.3.218',36,'succ','alipay',1389165340,1389165482),
	('2014010817021426',0.03,44,44,'上海汇联皆景信息科技有限公司','支付宝','liuhe9@qq.com','订单id:37','2014010847350056','online','58.246.240.122',37,'succ','alipay',1389171732,1389171769),
	('2014010818556972',50.00,41,41,'','','','','','credit','58.246.3.218',38,'ready','credit',1389178553,0),
	('2014011015043731',0.01,35,35,'','','','','','online','58.246.3.218',39,'ready','alipay',1389337461,0),
	('2014011015093577',0.01,44,44,'上海汇联皆景信息科技有限公司','支付宝','liuhe9@qq.com','订单id:40','2014011054864156','online','58.246.240.122',40,'succ','alipay',1389337795,1389337835),
	('2014012014331903',24.00,35,35,'','','','','','credit','58.246.240.122',41,'succ','credit',1390199625,1390199630),
	('2014012014420309',24.00,35,35,'','','','','','credit','58.246.240.122',42,'succ','credit',1390200176,1390200184),
	('2014012017070353',32.00,35,35,'','','','','','credit','58.246.3.218',43,'succ','credit',1390208864,1390208868),
	('2014012216054567',0.01,35,35,'上海汇联皆景信息科技有限公司','支付宝','benwu@aliyun.com','订单id:44','2014012276822141','online','58.246.3.218',44,'succ','alipay',1390377954,1390377996),
	('2014012216332946',0.01,35,35,'上海汇联皆景信息科技有限公司','支付宝','benwu@aliyun.com','订单id:45','2014012277239341','online','58.246.240.122',45,'succ','alipay',1390379607,1390379647),
	('2014012216394127',0.01,44,44,'','','','','','online','58.246.240.122',46,'ready','alipay',1390379976,0),
	('2014021215326689',1.00,35,35,'','','','','','online','58.246.3.218',47,'ready','alipay',1392190362,0),
	('2014021215345888',0.07,35,35,'','','','','','online','58.246.3.218',48,'ready','alipay',1392190492,0),
	('2014021215421546',30.00,35,35,'','','','','','credit','58.246.3.218',49,'ready','credit',1392190956,0),
	('2014021418461892',0.01,35,35,'','','','','','credit','58.246.3.218',52,'succ','credit',1392374810,1392374868),
	('2014021715573409',0.01,35,35,'','','','','','credit','58.246.3.218',53,'ready','credit',1392623843,0),
	('2014021716187999',0.01,35,35,'','','','','','online','58.246.3.218',54,'ready','alipay',1392625123,0),
	('2014021918015001',0.50,35,35,'','','','','','credit','58.246.3.218',55,'succ','credit',1392804078,1392804084),
	('2014022019091802',0.05,44,44,'','','','','','credit','58.246.3.218',56,'succ','credit',1392894556,1392894572),
	('2014022711372392',0.04,44,44,'','','','','','credit','58.246.3.218',60,'ready','credit',1393472226,0),
	('2014022711374372',0.04,44,44,'','','','','','online','58.246.3.218',62,'ready','alipay',1393472260,0),
	('2014022711456125',0.04,44,44,'','','','','','online','58.246.240.122',67,'ready','alipay',1393472708,0),
	('2014022711472924',0.04,44,44,'','','','','','online','58.246.240.122',70,'ready','alipay',1393472840,0),
	('2014022815198609',0.02,35,35,'上海汇联皆景信息科技有限公司','支付宝','benwu@aliyun.com','订单id:82','2014022811211641','online','58.246.3.218',82,'succ','alipay',1393571960,1393572076),
	('21',0.01,35,35,'上海汇联皆景信息科技有限公司','支付宝','付款帐号','分销-门票订单|29','2014010352695341','online','58.246.3.218',29,'succ','alipay',1388734286,1388734347),
	('3',105.00,44,44,'信用支付','信用支付','','','','credit','192.168.128.1',6,'succ','credit',1387165502,1387165540),
	('4',80.00,35,35,'信用支付','信用支付','','','','credit','58.246.3.218',7,'ready','credit',1387261376,0),
	('5',80.00,35,35,'信用支付','信用支付','','','','credit','58.246.3.218',8,'ready','credit',1387261607,0),
	('6',10.00,35,35,'信用支付','信用支付','','','','credit','58.246.240.122',9,'succ','credit',1387263138,1387263271),
	('7',80.00,35,35,'信用支付','信用支付','','','','credit','58.246.3.218',10,'succ','credit',1387268276,1387268282),
	('8',39.00,35,35,'信用支付','信用支付','','','','credit','58.246.3.218',11,'succ','credit',1387268310,1387268316),
	('9',126.00,35,35,'信用支付','信用支付','','','','credit','58.246.3.218',12,'succ','credit',1387268616,1387268621);

/*!40000 ALTER TABLE `payments` ENABLE KEYS */;
UNLOCK TABLES;


# Dump of table poi
# ------------------------------------------------------------

DROP TABLE IF EXISTS `poi`;

CREATE TABLE `poi` (
  `id` int(10) unsigned NOT NULL AUTO_INCREMENT COMMENT 'ID',
  `name` varchar(100) NOT NULL COMMENT 'POI名称，指物理景区，跟票的景区无关系',
  `organization_id` int(10) unsigned NOT NULL COMMENT '机构id',
  `district_id` int(10) unsigned NOT NULL,
  `status` enum('normal','unaudited','failed') NOT NULL DEFAULT 'unaudited' COMMENT '已审核，未审核，驳回',
  `normal_before` enum('0','1') NOT NULL DEFAULT '0' COMMENT '曾经审核通过过',
  `level_id` int(10) DEFAULT '0' COMMENT '景区级别',
  `created_at` timestamp NOT NULL DEFAULT '0000-00-00 00:00:00' COMMENT '创建时间',
  `updated_at` timestamp NOT NULL DEFAULT '0000-00-00 00:00:00' COMMENT '更新时间',
  PRIMARY KEY (`id`)
) ENGINE=InnoDB DEFAULT CHARSET=utf8 COMMENT='poi';

LOCK TABLES `poi` WRITE;
/*!40000 ALTER TABLE `poi` DISABLE KEYS */;

INSERT INTO `poi` (`id`, `name`, `organization_id`, `district_id`, `status`, `normal_before`, `level_id`, `created_at`, `updated_at`)
VALUES
	(4,'安徽黄山',3,341000,'unaudited','0',0,'0000-00-00 00:00:00','0000-00-00 00:00:00'),
	(8,'上海欢乐谷2',2,310117,'normal','0',4,'0000-00-00 00:00:00','2014-02-28 11:41:15'),
	(9,'外滩',2,310101,'failed','0',5,'2014-02-14 18:08:21','2014-03-11 11:11:53'),
	(10,'乌特拉',2,150825,'unaudited','0',0,'2014-02-17 17:18:44','2014-02-17 17:18:44');

/*!40000 ALTER TABLE `poi` ENABLE KEYS */;
UNLOCK TABLES;


# Dump of table poi_last_edit
# ------------------------------------------------------------

DROP TABLE IF EXISTS `poi_last_edit`;

CREATE TABLE `poi_last_edit` (
  `id` int(10) unsigned NOT NULL AUTO_INCREMENT COMMENT 'ID',
  `poi_id` int(10) unsigned NOT NULL DEFAULT '0' COMMENT '修改的景区',
  `name` varchar(100) NOT NULL COMMENT 'POI名称，指物理景区，跟票的景区无关系',
  `district_id` int(10) unsigned NOT NULL DEFAULT '0' COMMENT '地区的id',
  `create_time` int(10) unsigned NOT NULL DEFAULT '0' COMMENT '创建时间',
  `level_id` int(10) DEFAULT '0' COMMENT '景区级别',
  PRIMARY KEY (`id`)
) ENGINE=InnoDB DEFAULT CHARSET=utf8 COMMENT='我的景区最后修改的信息';

LOCK TABLES `poi_last_edit` WRITE;
/*!40000 ALTER TABLE `poi_last_edit` DISABLE KEYS */;

INSERT INTO `poi_last_edit` (`id`, `poi_id`, `name`, `district_id`, `create_time`, `level_id`)
VALUES
	(2,9,'外滩',150000,1392628818,5);

/*!40000 ALTER TABLE `poi_last_edit` ENABLE KEYS */;
UNLOCK TABLES;


# Dump of table price_templates
# ------------------------------------------------------------

DROP TABLE IF EXISTS `price_templates`;

CREATE TABLE `price_templates` (
  `id` int(10) unsigned NOT NULL AUTO_INCREMENT COMMENT 'ID',
  `name` varchar(100) NOT NULL COMMENT '名称',
  `description` varchar(100) NOT NULL COMMENT '说明',
  `created_by` int(10) unsigned DEFAULT NULL,
  `created_at` timestamp NOT NULL DEFAULT '0000-00-00 00:00:00',
  `updated_at` timestamp NOT NULL DEFAULT '0000-00-00 00:00:00',
  `deleted_at` timestamp NULL DEFAULT NULL,
  `organization_id` int(10) unsigned NOT NULL COMMENT '机构id',
  PRIMARY KEY (`id`)
) ENGINE=InnoDB DEFAULT CHARSET=utf8 COMMENT='价格模板';

LOCK TABLES `price_templates` WRITE;
/*!40000 ALTER TABLE `price_templates` DISABLE KEYS */;

INSERT INTO `price_templates` (`id`, `name`, `description`, `created_by`, `created_at`, `updated_at`, `deleted_at`, `organization_id`)
VALUES
	(1,'不错哦','我擦呢',8,'2013-12-04 17:45:43','2013-12-05 15:43:32','2013-12-05 15:43:32',3),
	(5,'我擦呢','不错哦是',8,'2013-12-04 18:29:20','2013-12-05 11:43:11',NULL,3),
	(6,'第2套模板','nice啊',8,'2013-12-04 18:32:29','0000-00-00 00:00:00',NULL,3),
	(7,'第3套方案','少10块啊，赶紧来抢啦',8,'2013-12-05 11:35:15','2013-12-05 11:51:06',NULL,3),
	(8,'第3套方案的复制版本','少10块啊，赶紧来抢啦',8,'2013-12-05 11:55:15','0000-00-00 00:00:00',NULL,3),
	(9,'兄弟价格模板','兄弟的价格',35,'2013-12-05 12:04:23','0000-00-00 00:00:00',NULL,5),
	(10,'兄弟价格模板2','兄弟的价格2',35,'2013-12-05 12:04:49','2013-12-24 11:49:56','2013-12-24 11:49:56',5),
	(11,'兄弟价格模板3','兄弟的价格3',35,'2013-12-05 12:05:51','2013-12-05 12:06:00','2013-12-05 12:06:00',5),
	(12,'价格模板5','不变',8,'2013-12-05 18:32:40','2013-12-05 18:33:30',NULL,3),
	(13,'初级合作者的模板','打折力度较小',9,'2013-12-10 12:12:55','2014-02-14 18:00:50',NULL,2),
	(14,'中级合作模板','打折力度一般',9,'2013-12-16 11:32:31','2014-02-14 18:44:41',NULL,2);

/*!40000 ALTER TABLE `price_templates` ENABLE KEYS */;
UNLOCK TABLES;


# Dump of table price_templates_items
# ------------------------------------------------------------

DROP TABLE IF EXISTS `price_templates_items`;

CREATE TABLE `price_templates_items` (
  `id` int(10) unsigned NOT NULL AUTO_INCREMENT,
  `price_templates_id` int(10) unsigned NOT NULL COMMENT '价格模板id',
  `ticket_templates_id` int(10) unsigned NOT NULL COMMENT '发布的门票id',
  `partner_price` decimal(20,2) NOT NULL DEFAULT '0.00' COMMENT '合作价格',
  `allow_credit` enum('yes','no') NOT NULL DEFAULT 'no' COMMENT '是否允许信用支付',
  PRIMARY KEY (`id`),
  UNIQUE KEY `price_templates_id_ticket_templates_id_unique` (`price_templates_id`,`ticket_templates_id`)
) ENGINE=InnoDB DEFAULT CHARSET=utf8 COMMENT='价格模板详情';

LOCK TABLES `price_templates_items` WRITE;
/*!40000 ALTER TABLE `price_templates_items` DISABLE KEYS */;

INSERT INTO `price_templates_items` (`id`, `price_templates_id`, `ticket_templates_id`, `partner_price`, `allow_credit`)
VALUES
	(1,4,7,111.00,'no'),
	(2,4,8,111.00,'no'),
	(3,4,9,112.00,'no'),
	(4,4,10,100.00,'no'),
	(5,4,11,99.00,'no'),
	(6,4,4,111.00,'no'),
	(7,4,5,111.00,'yes'),
	(8,4,6,22.00,'no'),
	(9,4,1,11.00,'yes'),
	(10,4,2,30.00,'yes'),
	(11,4,3,100.00,'yes'),
	(23,5,7,111.00,'no'),
	(24,5,8,111.00,'no'),
	(25,5,9,112.00,'no'),
	(26,5,10,100.00,'no'),
	(27,5,11,99.00,'no'),
	(28,5,4,111.00,'no'),
	(29,5,5,111.00,'yes'),
	(30,5,6,22.00,'no'),
	(31,5,1,11.00,'yes'),
	(32,5,2,30.00,'yes'),
	(33,5,3,100.00,'yes'),
	(34,6,7,111.00,'no'),
	(35,6,8,111.00,'no'),
	(36,6,9,112.00,'no'),
	(37,6,10,100.00,'no'),
	(38,6,11,99.00,'no'),
	(39,6,4,111.00,'yes'),
	(40,6,5,111.00,'yes'),
	(41,6,6,22.00,'yes'),
	(42,6,1,11.00,'no'),
	(43,6,2,30.00,'no'),
	(44,6,3,100.00,'no'),
	(111,7,7,101.00,'no'),
	(112,7,8,101.00,'no'),
	(113,7,9,102.00,'no'),
	(114,7,10,90.00,'no'),
	(115,7,11,89.00,'no'),
	(116,7,4,101.00,'yes'),
	(117,7,5,101.00,'yes'),
	(118,7,6,12.00,'no'),
	(119,7,1,1.00,'no'),
	(120,7,2,20.00,'yes'),
	(121,7,3,91.00,'no'),
	(122,8,7,101.00,'no'),
	(123,8,8,101.00,'yes'),
	(124,8,9,102.00,'no'),
	(125,8,10,90.00,'no'),
	(126,8,11,89.00,'no'),
	(127,8,4,101.00,'yes'),
	(128,8,5,101.00,'yes'),
	(129,8,6,12.00,'no'),
	(130,8,1,1.00,'no'),
	(131,8,2,20.00,'yes'),
	(132,8,3,91.00,'no'),
	(133,9,12,80.00,'yes'),
	(134,9,13,8.00,'no'),
	(135,9,14,8.00,'no'),
	(136,9,15,25.00,'yes'),
	(141,10,12,81.00,'yes'),
	(142,10,13,8.00,'no'),
	(143,10,14,9.00,'no'),
	(144,10,15,25.00,'yes'),
	(145,11,12,81.00,'yes'),
	(146,11,13,8.00,'no'),
	(147,11,14,9.00,'no'),
	(148,11,15,25.00,'yes'),
	(160,12,7,111.00,'no'),
	(161,12,8,111.00,'no'),
	(162,12,9,112.00,'no'),
	(163,12,10,100.00,'no'),
	(164,12,11,99.00,'no'),
	(165,12,4,111.00,'no'),
	(166,12,5,111.00,'no'),
	(167,12,6,22.00,'no'),
	(168,12,1,11.00,'no'),
	(169,12,2,30.00,'no'),
	(170,12,3,100.00,'no'),
	(246,13,17,80.00,'yes'),
	(247,13,18,40.00,'yes'),
	(248,13,19,70.00,'yes'),
	(249,13,21,5.00,'yes'),
	(250,13,22,21.00,'yes'),
	(251,13,23,45.00,'yes'),
	(252,13,25,500.00,'yes'),
	(253,13,27,21.00,'yes'),
	(254,13,28,8.00,'yes'),
	(255,13,60,0.01,'yes'),
	(256,13,29,100.00,'no'),
	(257,13,30,2.00,'no'),
	(258,13,31,200.00,'no'),
	(259,13,36,20.00,'no'),
	(260,13,37,0.01,'no'),
	(261,13,38,40.00,'no'),
	(262,13,52,1.00,'no'),
	(263,13,53,1.00,'no'),
	(264,13,54,1.00,'no'),
	(265,14,17,50.00,'yes'),
	(266,14,18,30.00,'yes'),
	(267,14,19,50.00,'yes'),
	(268,14,21,10.00,'yes'),
	(269,14,22,11.00,'yes'),
	(270,14,23,40.00,'yes'),
	(271,14,25,600.00,'yes'),
	(272,14,27,31.00,'yes'),
	(273,14,28,12.00,'yes'),
	(274,14,60,0.01,'yes'),
	(275,14,29,100.00,'yes'),
	(276,14,30,2.00,'yes'),
	(277,14,31,200.00,'yes'),
	(278,14,36,20.00,'yes'),
	(279,14,37,0.01,'yes'),
	(280,14,38,0.01,'yes'),
	(281,14,52,1.00,'yes'),
	(282,14,53,1.00,'yes'),
	(283,14,54,1.00,'yes'),
	(284,14,61,0.01,'yes');

/*!40000 ALTER TABLE `price_templates_items` ENABLE KEYS */;
UNLOCK TABLES;


# Dump of table refund_apply
# ------------------------------------------------------------

DROP TABLE IF EXISTS `refund_apply`;

CREATE TABLE `refund_apply` (
  `id` int(10) unsigned NOT NULL AUTO_INCREMENT,
  `payment` varchar(100) DEFAULT NULL COMMENT '支付方式',
  `account` varchar(50) DEFAULT NULL COMMENT '收款账号',
  `bank` varchar(50) DEFAULT NULL COMMENT '收款银行',
  `money` decimal(20,2) DEFAULT NULL COMMENT '退款金额',
  `remark` text COMMENT '备注',
  `status` enum('apply','checked','reject','refunded') DEFAULT 'apply' COMMENT '状态apply|checked|reject|refunded 审核中|审核通过|拒绝|退款成功',
  `created_by` int(10) unsigned DEFAULT NULL COMMENT '创建人',
  `created_at` timestamp NOT NULL DEFAULT '0000-00-00 00:00:00' COMMENT '创建时间',
  `updated_at` timestamp NOT NULL DEFAULT '0000-00-00 00:00:00' COMMENT '更新时间',
  `audited_by` int(10) unsigned DEFAULT NULL COMMENT '审核员',
  `audited_at` timestamp NULL DEFAULT NULL COMMENT '审核时间',
  `reject_reason` text COMMENT '拒绝原因',
  `order_id` bigint(20) unsigned NOT NULL DEFAULT '0' COMMENT '订单id',
  `ticket_nums` int(11) NOT NULL COMMENT '门票张数',
  PRIMARY KEY (`id`)
) ENGINE=InnoDB DEFAULT CHARSET=utf8 COMMENT='退款申请单';

LOCK TABLES `refund_apply` WRITE;
/*!40000 ALTER TABLE `refund_apply` DISABLE KEYS */;

INSERT INTO `refund_apply` (`id`, `payment`, `account`, `bank`, `money`, `remark`, `status`, `created_by`, `created_at`, `updated_at`, `audited_by`, `audited_at`, `reject_reason`, `order_id`, `ticket_nums`)
VALUES
	(1,'alipay',NULL,NULL,101.00,'','apply',6,'2013-12-15 13:35:02','0000-00-00 00:00:00',NULL,NULL,NULL,1,1),
	(2,'alipay',NULL,NULL,5.00,'想退就退','apply',35,'2013-12-17 15:57:44','0000-00-00 00:00:00',NULL,NULL,NULL,9,1),
	(3,'alipay',NULL,NULL,13.00,'没理由，就要退','refunded',35,'2013-12-17 16:19:18','0000-00-00 00:00:00',NULL,NULL,NULL,11,1),
	(4,'alipay',NULL,NULL,42.00,'要退','apply',35,'2013-12-17 16:24:26','0000-00-00 00:00:00',NULL,NULL,NULL,12,1),
	(5,'alipay',NULL,NULL,21.00,'','refunded',35,'2013-12-17 16:51:46','0000-00-00 00:00:00',NULL,NULL,NULL,12,1),
	(6,'credit',NULL,NULL,5.00,'','refunded',35,'2013-12-24 10:53:47','0000-00-00 00:00:00',NULL,NULL,NULL,18,1),
	(7,'credit',NULL,NULL,80.00,'','refunded',35,'2013-12-27 14:56:41','0000-00-00 00:00:00',NULL,NULL,NULL,21,1),
	(8,'alipay',NULL,NULL,0.01,'fdfs','apply',44,'2014-01-08 10:59:19','0000-00-00 00:00:00',NULL,NULL,NULL,33,1),
	(9,'alipay',NULL,NULL,0.01,'','apply',44,'2014-01-08 11:03:49','0000-00-00 00:00:00',NULL,NULL,NULL,33,1),
	(10,'alipay',NULL,NULL,0.01,'12','apply',35,'2014-01-08 15:24:50','0000-00-00 00:00:00',NULL,NULL,NULL,36,1),
	(11,'alipay',NULL,NULL,0.01,'','apply',44,'2014-01-08 17:03:10','0000-00-00 00:00:00',NULL,NULL,NULL,37,1),
	(12,'alipay',NULL,NULL,0.01,'','refunded',44,'2014-01-08 17:30:23','2014-01-08 17:30:47',NULL,NULL,NULL,37,1),
	(13,'alipay',NULL,NULL,0.01,'','checked',35,'2014-01-15 17:30:33','2014-01-21 17:21:06',35,'2014-01-21 17:21:06',NULL,40,1),
	(14,'credit',NULL,NULL,8.00,'','refunded',35,'2014-01-20 14:36:02','0000-00-00 00:00:00',NULL,NULL,NULL,41,1),
	(15,'credit',NULL,NULL,8.00,'哥就是要退款~~~~~~~~~~~~~~~','refunded',35,'2014-01-20 16:13:39','0000-00-00 00:00:00',NULL,NULL,NULL,41,1),
	(16,'credit',NULL,NULL,8.00,'我就是想退款，怎么着~~~~~~~~~~~~~~~~~~~~~~~~~~~~~~~~~~~~~~~~~~~~~~·~~~~~~~~~~~~~~~~~~~~~~~~~~~~~~~~~~~~~·~~~~~~~~~~~~~~~~~~~~~~~~~~~~~~~~~~~~~·~~~~~~~~~~~~~~~~~~~~~~~~~~~~~~~~~~~~~·~~~~~~~~~~~~~~~~~~~~~~~~~~~~~~~~~~~~~·~~~~~~~~~~~~~~~~~~~~~~~~~~~~~~~~~~~~~·~~~~~~~~~~~~~~~~~~~~~~~~~~~~~~~~~~~~~·~~~~~~~~~~~~~~~~~~~~~~~~~~~~~~~~~~~~~·~~~~~~~~~~~~~~~~~~~~~~~~~~~~~~~~~~~~~·~~~~~~~~~~~~~~~~~~~~~~~~~~~~~~~~~~~~~·~~~~~~~~~~~~~~~~~~~~~~~~~~~~~~~~~~~~~·~~~~~~~~~~~~~~~~~~~~~~~~~~~~~~~~~~~~~·~~~~~~~~~~~~~~~~~~~~~~~~~~~~~~~~~~~~~·~~~~~~~~~~~~~~~~~~~~~~~~~~~~~~~~~~~~~·~~~~~~~~~~~~~~~~~~~~~~~~~~~~~~~~~~~~~·~~~~~~~~~~~~~~~~~~~~~~~~~~~~~~~~~~~~~·','refunded',35,'2014-01-20 16:17:20','2014-01-20 16:17:20',NULL,NULL,NULL,42,1),
	(17,'alipay',NULL,NULL,0.01,'','refunded',44,'2014-01-22 16:38:19','2014-01-22 16:45:12',9,'2014-01-22 16:42:26',NULL,45,1),
	(18,'credit',NULL,NULL,0.01,'就是要退款','refunded',35,'2014-02-19 18:23:31','2014-02-19 18:23:31',NULL,NULL,NULL,55,1);

/*!40000 ALTER TABLE `refund_apply` ENABLE KEYS */;
UNLOCK TABLES;


# Dump of table refund_apply_items
# ------------------------------------------------------------

DROP TABLE IF EXISTS `refund_apply_items`;

CREATE TABLE `refund_apply_items` (
  `id` int(10) unsigned NOT NULL AUTO_INCREMENT,
  `refund_apply_id` int(10) unsigned NOT NULL COMMENT '申请退款单',
  `ticket_hash` varchar(100) NOT NULL COMMENT '票号',
  PRIMARY KEY (`id`)
) ENGINE=InnoDB DEFAULT CHARSET=utf8 COMMENT='退款申请关联票号';

LOCK TABLES `refund_apply_items` WRITE;
/*!40000 ALTER TABLE `refund_apply_items` DISABLE KEYS */;

INSERT INTO `refund_apply_items` (`id`, `refund_apply_id`, `ticket_hash`)
VALUES
	(1,1,'0002210000000001002'),
	(2,2,'0024810000000009002'),
	(3,3,'0024810000000011002'),
	(4,4,'0024810000000012001'),
	(5,4,'0024810000000012002'),
	(6,5,'0024810000000012004'),
	(7,6,'0024810000000018001'),
	(8,7,'0024810000000021001'),
	(9,8,'0028210000000033001'),
	(10,9,'0028210000000033002'),
	(11,10,'0028210000000036001'),
	(12,11,'0028210000000037001'),
	(13,12,'0028210000000037002'),
	(14,13,'0028210000000040001'),
	(15,14,'0024810000000041001'),
	(16,15,'0024810000000041003'),
	(17,16,'0024810000000042001'),
	(18,17,'0028210000000045001'),
	(19,18,'BW00010000000055001');

/*!40000 ALTER TABLE `refund_apply_items` ENABLE KEYS */;
UNLOCK TABLES;


# Dump of table refunds
# ------------------------------------------------------------

DROP TABLE IF EXISTS `refunds`;

CREATE TABLE `refunds` (
  `id` varchar(20) NOT NULL COMMENT '支付方式',
  `money` decimal(20,2) NOT NULL DEFAULT '0.00' COMMENT '金额',
  `u_id` int(10) unsigned NOT NULL COMMENT '收款用户id',
  `op_id` int(10) unsigned NOT NULL COMMENT '操作人员',
  `account` varchar(50) DEFAULT NULL COMMENT '收款账号',
  `bank` varchar(50) DEFAULT NULL COMMENT '收款银行',
  `pay_account` varchar(50) DEFAULT NULL COMMENT '支付账户',
  `remark` text COMMENT '支付单备注',
  `payment_bn` varchar(30) DEFAULT NULL COMMENT '交易流水，即支付时的交易流水',
  `pay_type` enum('online','offline','credit') NOT NULL DEFAULT 'online' COMMENT '支付方式：线上、线下、信用支付',
  `ip` varchar(20) DEFAULT NULL COMMENT 'ip地址',
  `refund_apply_id` int(10) unsigned NOT NULL COMMENT '退款申请单号',
  `status` enum('succ','fail','cancel','error','invalid','progress','timeout','ready') NOT NULL DEFAULT 'ready' COMMENT '退款状态',
  `pay_app_id` varchar(100) NOT NULL DEFAULT '0' COMMENT '支付app',
  `create_time` int(10) unsigned NOT NULL DEFAULT '0' COMMENT '支付单创建时间',
  `last_modify` int(10) unsigned NOT NULL DEFAULT '0' COMMENT '最后更新时间',
  `order_id` bigint(20) NOT NULL COMMENT '订单id',
  `batch_no` varchar(40) DEFAULT NULL COMMENT '退款批次号',
  PRIMARY KEY (`id`)
) ENGINE=InnoDB DEFAULT CHARSET=utf8 COMMENT='退款单';

LOCK TABLES `refunds` WRITE;
/*!40000 ALTER TABLE `refunds` DISABLE KEYS */;

INSERT INTO `refunds` (`id`, `money`, `u_id`, `op_id`, `account`, `bank`, `pay_account`, `remark`, `payment_bn`, `pay_type`, `ip`, `refund_apply_id`, `status`, `pay_app_id`, `create_time`, `last_modify`, `order_id`, `batch_no`)
VALUES
	('1',5.00,35,35,'','','','','','credit','58.246.3.218',6,'succ','credit',1387853627,0,18,NULL),
	('2',80.00,35,35,'','','','','','credit','58.246.240.122',7,'succ','credit',1388127401,0,21,NULL),
	('2014010810594592',0.01,44,44,'','','','','2014010845821756','online','58.246.3.218',8,'ready','alipay',1389149975,0,33,'20140108145364'),
	('2014010811043495',0.01,44,44,'','','','','2014010845821756','online','58.246.3.218',9,'ready','alipay',1389150243,0,33,NULL),
	('2014010815256546',0.01,35,35,'','','','','2014010840428041','online','58.246.3.218',10,'ready','alipay',1389165946,0,36,'20140108154791'),
	('2014010817030105',0.01,44,44,'','支付宝','','','2014010847350056','online','58.246.240.122',11,'succ','alipay',1389171812,1389171827,37,'20140108172952'),
	('2014010817309816',0.01,44,44,'','支付宝','','','2014010847350056','online','58.246.240.122',12,'succ','alipay',1389173436,1389173447,37,'20140108177436'),
	('2014012014367708',8.00,35,35,'','','','','','credit','58.246.240.122',14,'succ','credit',1390199762,0,41,NULL),
	('2014012016134276',8.00,35,35,'','','','','','credit','58.246.3.218',15,'succ','credit',1390205619,0,41,NULL),
	('2014012016174692',8.00,35,35,'','','','','','credit','58.246.3.218',16,'succ','credit',1390205840,0,42,NULL),
	('2014012017095127',0.00,35,35,'','','','','','online','58.246.3.218',0,'ready','无支付方式',1390208956,0,0,NULL),
	('2014012118376240',0.00,35,35,'','','','','','online','58.246.240.122',0,'ready','无支付方式',1390300637,0,0,NULL),
	('2014012118429186',0.01,35,35,'','','','','2014011054864156','online','58.246.3.218',13,'ready','alipay',1390300972,0,40,'20140227167686'),
	('2014012216438368',0.01,9,9,'','支付宝','','','2014012277239341','online','58.246.3.218',17,'succ','alipay',1390380189,1390380312,45,'20140122161023'),
	('2014021918234027',0.01,35,35,'','','','','','credit','58.246.240.122',18,'succ','credit',1392805411,0,55,NULL);

/*!40000 ALTER TABLE `refunds` ENABLE KEYS */;
UNLOCK TABLES;


# Dump of table role
# ------------------------------------------------------------

DROP TABLE IF EXISTS `role`;

CREATE TABLE `role` (
  `id` int(11) NOT NULL AUTO_INCREMENT COMMENT 'ID',
  `name` varchar(30) NOT NULL DEFAULT '' COMMENT '角色名',
  `description` varchar(255) NOT NULL DEFAULT '' COMMENT '角色说明',
  `permissions` text NOT NULL COMMENT '拥有权限',
  `disabled` tinyint(1) DEFAULT '0' COMMENT '是否删除',
  `organization_id` int(10) unsigned DEFAULT NULL COMMENT '所属机构',
  PRIMARY KEY (`id`)
) ENGINE=MyISAM DEFAULT CHARSET=utf8 COMMENT='角色';

LOCK TABLES `role` WRITE;
/*!40000 ALTER TABLE `role` DISABLE KEYS */;

INSERT INTO `role` (`id`, `name`, `description`, `permissions`, `disabled`, `organization_id`)
VALUES
	(2,'小喽喽','初级员工','ticket_scenic',0,5),
	(3,'测试权限','可以的哦','scenic.shopping_index,scenic.statistics_sale,scenic.statistics_distribute,scenic.partner_index,scenic.system_role,scenic.system_repass',0,2);

/*!40000 ALTER TABLE `role` ENABLE KEYS */;
UNLOCK TABLES;


# Dump of table role_user
# ------------------------------------------------------------

DROP TABLE IF EXISTS `role_user`;

CREATE TABLE `role_user` (
  `id` int(11) NOT NULL AUTO_INCREMENT COMMENT 'ID',
  `role_id` int(11) NOT NULL COMMENT '角色id',
  `uid` int(11) NOT NULL COMMENT '用户id',
  PRIMARY KEY (`id`)
) ENGINE=InnoDB DEFAULT CHARSET=utf8 COMMENT='角色跟用户关联';

LOCK TABLES `role_user` WRITE;
/*!40000 ALTER TABLE `role_user` DISABLE KEYS */;

INSERT INTO `role_user` (`id`, `role_id`, `uid`)
VALUES
	(1,2,54),
	(2,0,41),
	(3,0,35),
	(4,3,70);

/*!40000 ALTER TABLE `role_user` ENABLE KEYS */;
UNLOCK TABLES;


# Dump of table ticket_templates
# ------------------------------------------------------------

DROP TABLE IF EXISTS `ticket_templates`;

CREATE TABLE `ticket_templates` (
  `id` int(10) unsigned NOT NULL AUTO_INCREMENT COMMENT 'ID',
  `landscape_id` int(10) unsigned NOT NULL COMMENT '景区id',
  `organization_id` int(10) unsigned NOT NULL COMMENT '机构id',
  `name` varchar(100) NOT NULL COMMENT '门票类型，即门票名称',
  `payment` enum('online','offline') NOT NULL DEFAULT 'online' COMMENT '支付方式',
  `store` int(10) unsigned NOT NULL DEFAULT '0' COMMENT '总库存',
  `expire_start_at` date DEFAULT NULL COMMENT '有效期开始时间',
  `expire_end_at` date DEFAULT NULL COMMENT '有效期结束时间',
  `use_expire` int(10) unsigned NOT NULL DEFAULT '0' COMMENT '使用有效期（跟上面的有效期不一样）， 代表游玩日期后的几天有效，0代表当天',
  `weekly` varchar(100) DEFAULT NULL COMMENT '适用日期，即适用的天（周一周日）',
  `allow_back` enum('yes','no') NOT NULL DEFAULT 'no' COMMENT '是否允许退票',
  `max_order` int(10) unsigned NOT NULL DEFAULT '0' COMMENT '最多订票',
  `min_order` int(10) unsigned NOT NULL DEFAULT '0' COMMENT '最少订票',
  `brand_price` decimal(20,2) NOT NULL DEFAULT '0.00' COMMENT '挂牌价',
  `market_price` decimal(20,2) NOT NULL DEFAULT '0.00' COMMENT '销售价',
  `sale_price` decimal(20,2) NOT NULL DEFAULT '0.00' COMMENT '结算价',
  `status` enum('failed','normal','unaudited','suspend') NOT NULL DEFAULT 'unaudited' COMMENT '票审核状态',
  `description` varchar(600) NOT NULL DEFAULT '' COMMENT '产品说明',
  `reserve` int(10) unsigned NOT NULL DEFAULT '0' COMMENT '提前预订天数',
  `audited_by` int(10) unsigned DEFAULT NULL COMMENT '审核员',
  `audited_at` timestamp NULL DEFAULT NULL COMMENT '审核时间',
  `created_by` int(10) unsigned DEFAULT NULL COMMENT '创建者',
  `created_at` timestamp NOT NULL DEFAULT '0000-00-00 00:00:00' COMMENT '创建时间',
  `updated_at` timestamp NOT NULL DEFAULT '0000-00-00 00:00:00' COMMENT '更新时间',
  `deleted_at` timestamp NULL DEFAULT NULL COMMENT '删除时间',
  `allow_change_times` smallint(6) unsigned NOT NULL DEFAULT '0' COMMENT '可改期次数，0代表不可改期',
  `marketable` enum('true','false') NOT NULL DEFAULT 'true' COMMENT '是否上架',
  PRIMARY KEY (`id`)
) ENGINE=MyISAM DEFAULT CHARSET=utf8;

LOCK TABLES `ticket_templates` WRITE;
/*!40000 ALTER TABLE `ticket_templates` DISABLE KEYS */;

INSERT INTO `ticket_templates` (`id`, `landscape_id`, `organization_id`, `name`, `payment`, `store`, `expire_start_at`, `expire_end_at`, `use_expire`, `weekly`, `allow_back`, `max_order`, `min_order`, `brand_price`, `market_price`, `sale_price`, `status`, `description`, `reserve`, `audited_by`, `audited_at`, `created_by`, `created_at`, `updated_at`, `deleted_at`, `allow_change_times`, `marketable`)
VALUES
	(1,241,3,'成人票算得上是','offline',111111,'2013-12-04','2014-04-26',2,'1,2,3,4,5,6,0','no',111,1,12.00,12.00,11.00,'unaudited','成人票算得上是',11,NULL,NULL,8,'2013-12-04 15:40:57','2013-12-06 14:32:20',NULL,0,'true'),
	(2,241,3,'老年人票成人票算得上是','offline',23232,'2013-12-04','2014-06-27',2,'1,2,3,4,5','no',111,1,31.00,32.00,30.00,'unaudited','成人票算得上是',11,NULL,NULL,8,'2013-12-04 15:40:57','0000-00-00 00:00:00',NULL,0,'true'),
	(3,241,3,'超级无敌成人票超级无敌成人票','offline',12323213,'2013-12-04','2014-07-19',2,'4,5,6,0','no',111,1,101.00,102.00,100.00,'unaudited','超级无敌成人票超级无敌成人票超级无敌成人票超级无敌成人票超级无敌成人票超级无敌成人票超级无敌成人票超级无敌成人票',11,NULL,NULL,8,'2013-12-04 15:40:58','0000-00-00 00:00:00',NULL,0,'true'),
	(4,23,3,'儿童票的上师大','online',8888,'2013-12-04','2014-03-28',0,'3,4,6,0','yes',8,1,113.00,112.00,111.00,'unaudited','儿童票的上师大',11,NULL,NULL,8,'2013-12-04 15:42:31','0000-00-00 00:00:00',NULL,2,'true'),
	(5,23,3,'老年人票山顶的审时度势','online',3000,'2013-12-04','2013-12-19',0,'1,2,3,4,5','yes',8,1,113.00,112.00,111.00,'unaudited','老年人票山顶的审时度势',11,NULL,NULL,8,'2013-12-04 15:42:31','0000-00-00 00:00:00',NULL,2,'true'),
	(6,23,3,'军人票山顶的湿湿的','online',222222,'2013-12-04','2014-01-04',0,'1,2,3,4,5,6,0','yes',8,1,23.00,22.00,22.00,'unaudited','军人票山顶的湿湿的',11,NULL,NULL,8,'2013-12-04 15:42:32','0000-00-00 00:00:00',NULL,2,'true'),
	(7,22,3,'儿童票到山顶湿湿的','offline',8888,'2013-12-04','2014-01-04',2,'1,2,3,4,5','no',100,1,113.00,112.00,111.00,'unaudited','儿童票到山顶湿湿的',21,NULL,NULL,8,'2013-12-04 15:44:35','0000-00-00 00:00:00',NULL,3,'true'),
	(8,22,3,'老年人票是的撒的撒的撒','offline',3000,'2013-12-04','2014-01-31',2,'1,2,3,4,5','no',100,1,113.00,112.00,111.00,'normal','老年人票是的撒的撒的撒老年人票是的撒的撒的撒',21,NULL,NULL,8,'2013-12-04 15:44:35','0000-00-00 00:00:00',NULL,3,'true'),
	(9,22,3,'军人票撒的撒的撒的','offline',222222,'2013-12-04','2014-02-06',2,'1,2,3,4,5','no',100,1,113.00,112.00,112.00,'unaudited','军人票撒的撒的撒的军人票撒的撒的撒的',21,NULL,NULL,8,'2013-12-04 15:44:36','0000-00-00 00:00:00',NULL,3,'true'),
	(10,22,3,'伤残人士票撒的撒的撒的','offline',123213,'2013-12-04','2014-03-08',2,'1,2,3,4,5','no',100,1,103.00,101.00,100.00,'unaudited','伤残人士票撒的撒的撒的伤残人士票撒的撒的撒的',21,NULL,NULL,8,'2013-12-04 15:44:36','0000-00-00 00:00:00',NULL,3,'true'),
	(11,22,3,'超级无敌成人票的撒的的撒','offline',11,'2013-12-04','2014-03-08',2,'1,2,3,4,5,6,0','no',100,1,113.00,112.00,99.00,'normal','超级无敌成人票的撒的的撒超级无敌成人票的撒的的撒',21,NULL,NULL,8,'2013-12-04 15:44:37','2013-12-05 18:13:57',NULL,3,'true'),
	(12,236,5,'成人票','online',1000,'2013-12-05','2013-12-31',0,'6,0','yes',100,1,200.00,150.00,100.00,'unaudited','成年人的世界太邪恶',1,NULL,NULL,35,'0000-00-00 00:00:00','0000-00-00 00:00:00',NULL,0,'true'),
	(13,236,5,'儿童票','online',1000,'2013-12-05','2013-12-31',0,'1,2,3,4,5,6,0','yes',100,1,20.00,15.00,10.00,'unaudited','儿童的世界你们不懂',1,NULL,NULL,35,'0000-00-00 00:00:00','2014-01-10 10:48:55',NULL,0,'false'),
	(14,236,5,'老年人票','online',1000,'2013-12-05','2013-12-31',0,'1,2,3,4,5','yes',100,1,20.00,15.00,10.00,'unaudited','快到终点了~',1,NULL,NULL,35,'0000-00-00 00:00:00','0000-00-00 00:00:00',NULL,0,'true'),
	(15,236,5,'piupiu','online',1000,'2013-12-05','2013-12-31',0,'0','yes',100,1,50.00,40.00,30.00,'unaudited','piupiupiupiupiupiupiupiupiupiu~~~~~~~~~~~',2,NULL,NULL,35,'0000-00-00 00:00:00','2014-01-10 10:49:22',NULL,0,'false'),
	(16,247,2,'成人票','offline',1000,'2013-12-02','2014-01-31',0,'1,2,3,4,5,6,0','no',200,1,34.00,23.00,12.00,'unaudited','',2,NULL,NULL,9,'0000-00-00 00:00:00','0000-00-00 00:00:00',NULL,0,'true'),
	(17,248,2,'成人票','offline',10000,'2013-12-03','2014-06-30',0,'1,2,3,4,5,6,0','no',1,1,300.00,200.00,100.00,'normal','成人票，你懂的。',1,NULL,NULL,9,'0000-00-00 00:00:00','0000-00-00 00:00:00',NULL,2,'true'),
	(18,248,2,'儿童票','offline',10000,'2013-12-03','2014-06-30',0,'1,2,4,5','no',1,1,150.00,100.00,50.00,'normal','儿童票，小屁孩来这干嘛~',1,NULL,NULL,9,'0000-00-00 00:00:00','0000-00-00 00:00:00',NULL,2,'true'),
	(19,248,2,'老年人票','offline',10000,'2013-12-03','2014-06-30',0,'1,2,3,4,0','no',1,1,280.00,180.00,80.00,'normal','老年票，一把年纪了来凑热闹',1,NULL,NULL,9,'0000-00-00 00:00:00','0000-00-00 00:00:00',NULL,2,'true'),
	(29,276,2,'成人票','offline',1000,'2013-12-17','2014-03-31',1,'1,2,3,4,5,6,0','no',100,1,300.00,200.00,100.00,'normal','成人的票',1,NULL,NULL,9,'2013-12-17 12:01:47','2013-12-17 16:29:28',NULL,2,'true'),
	(21,248,2,'学生票dfd','offline',2132321,'2013-12-11','2013-12-27',0,'1,2,3,4,5','no',7,2,12.00,11.00,10.00,'normal','fdsdsfds',1,NULL,NULL,6,'2013-12-11 17:10:20','2014-01-20 15:41:06',NULL,5,'false'),
	(22,248,2,'kkk2','offline',3213123,'2013-12-11','2013-12-31',0,'1,2,3,4,5,6,0','no',7,5,13.00,12.00,11.00,'unaudited','fdsfd',3,NULL,NULL,6,'2013-12-11 17:10:21','2014-01-20 15:40:43',NULL,6,'false'),
	(23,248,2,'伤残人士票','offline',10000,'2013-12-10','2014-03-26',2,'2,4,0','no',10,1,120.00,80.00,40.00,'normal','都伤成这样了还来找乐子',2,NULL,NULL,9,'2013-12-11 17:19:00','0000-00-00 00:00:00',NULL,0,'true'),
	(30,276,2,'儿童票','offline',1000,'2013-12-17','2014-03-31',1,'1,2,3,4,5,6,0','no',99,1,150.00,100.00,2.00,'unaudited','儿童的票',1,NULL,NULL,9,'2013-12-17 12:01:47','2013-12-23 18:02:10',NULL,3,'true'),
	(25,248,2,'军人票','offline',1000,'2013-12-05','2014-03-28',1,'2,4','no',10,1,1000.00,800.00,600.00,'normal','当兵的你来干嘛~',1,NULL,NULL,6,'2013-12-11 17:46:44','0000-00-00 00:00:00',NULL,1,'true'),
	(31,276,2,'贱人票','offline',10000000,'2013-12-17','2014-03-31',1,'1,2,3,4,5,6,0','no',100,1,400.00,300.00,200.00,'failed','贱人，就是矫情~',1,NULL,'2014-01-20 15:48:05',9,'2013-12-17 12:01:47','2014-01-20 15:50:12',NULL,2,'false'),
	(27,248,2,'超级无敌成人票的飒飒的撒的','offline',111,'2013-12-11','2014-01-03',3,'1,2,3,4,5,6,0','no',6,2,33.00,32.00,31.00,'normal','的萨达撒的撒的撒的vv',5,NULL,NULL,6,'2013-12-11 17:53:24','0000-00-00 00:00:00',NULL,5,'true'),
	(28,248,2,'的撒的撒的撒','offline',12323,'2014-01-20','2014-07-31',3,'1,2,3,4,5','no',100,1,14.00,13.00,10.00,'normal','范德萨的申报表',5,NULL,'2014-01-20 14:32:19',6,'2013-12-11 17:53:34','2014-01-20 14:32:19',NULL,5,'true'),
	(32,277,2,'成人票','online',100000,'2013-12-17','2014-01-31',0,'1,2,3,4,5,6,0','no',1,1,2.00,2.00,1.00,'unaudited','',1,NULL,NULL,9,'2013-12-17 14:43:08','0000-00-00 00:00:00',NULL,0,'true'),
	(33,277,2,'儿童票','online',12343242,'2013-12-17','2013-12-31',0,'1,2,3,4,5','no',1,1,2.00,2.00,1.00,'unaudited','',1,NULL,NULL,9,'2013-12-17 14:43:08','0000-00-00 00:00:00',NULL,0,'true'),
	(34,277,2,'老年人票','online',1243434,'2013-12-17','2013-12-31',0,'1,2,3,4,5','no',1,1,2.00,2.00,1.00,'unaudited','',1,NULL,NULL,9,'2013-12-17 14:43:09','0000-00-00 00:00:00',NULL,0,'true'),
	(35,278,2,'成人票','online',200,'2013-12-03','2013-12-17',0,'1,2,3,4,5,6,0','no',10,1,120.00,120.00,80.00,'unaudited','',2,NULL,NULL,9,'2013-12-17 18:58:13','0000-00-00 00:00:00',NULL,0,'true'),
	(36,282,2,'成人票','offline',1000,'2013-12-02','2014-01-15',2,'1,2,3,4,5,6,0','no',100,1,60.00,40.00,20.00,'normal','成人票~',1,NULL,'2013-12-27 14:48:18',9,'2013-12-27 14:44:44','2013-12-27 14:48:18',NULL,3,'true'),
	(37,282,2,'儿童票','online',1000,'2013-12-02','2014-01-15',2,'1,2,3,4,5','yes',100,1,80.00,60.00,0.01,'normal','儿童的',1,NULL,'2014-01-03 14:30:22',9,'2013-12-27 14:44:44','2014-01-19 15:17:56',NULL,3,'true'),
	(38,282,2,'老年人票','online',1000,'2014-01-22','2014-10-31',2,'1,2,3,4,5,6,0','yes',100,1,90.00,70.00,0.01,'normal','老年同志',1,NULL,'2014-01-22 16:32:28',9,'2013-12-27 14:44:44','2014-01-22 16:32:28',NULL,3,'true'),
	(39,241,3,'kkk22','offline',122,'0000-00-00','0000-00-00',0,'1','no',3,2,1324.00,123.00,123.00,'unaudited','',2,NULL,NULL,43,'2013-12-30 17:55:12','0000-00-00 00:00:00',NULL,0,'true'),
	(40,241,3,'拾荒票','offline',0,'0000-00-00','0000-00-00',0,'','no',3,2,0.00,0.00,0.00,'unaudited','朝花夕拾',2,NULL,NULL,43,'2013-12-30 17:55:12','0000-00-00 00:00:00',NULL,0,'true'),
	(41,241,3,'vf','offline',0,'2013-10-31','2013-11-29',0,'','no',3,2,0.00,0.00,0.00,'unaudited','',2,NULL,NULL,43,'2013-12-30 17:55:12','0000-00-00 00:00:00',NULL,0,'true'),
	(42,2,1,'成人票','offline',500,'2014-01-01','2014-02-28',0,'1,2,3,4,5,6,0','no',100,1,130.00,120.00,80.00,'unaudited','儿童票~~~~',1,NULL,NULL,41,'2013-12-31 16:08:57','2013-12-31 16:36:38',NULL,0,'true'),
	(43,2,1,'儿童票','offline',500,'2014-01-01','2014-02-28',0,'1,2,3,4,5,6,0','no',100,1,60.00,50.00,30.00,'unaudited','',1,NULL,NULL,41,'2013-12-31 16:08:57','2013-12-31 16:35:53',NULL,0,'true'),
	(44,2,1,'学生票','offline',700,'2014-01-01','2014-07-31',0,'1,2,3,4,5,6,0','no',100,1,75.00,60.00,40.00,'unaudited','',1,NULL,NULL,41,'2013-12-31 16:08:58','0000-00-00 00:00:00',NULL,0,'true'),
	(45,236,5,'成人票','online',7,'2014-01-08','2014-01-23',0,'1,2,3,4,5,6,0','yes',100,1,1.00,1.00,1.00,'unaudited','',1,NULL,NULL,35,'2014-01-08 11:56:23','0000-00-00 00:00:00',NULL,0,'true'),
	(46,285,5,'成人票','online',1000,'2014-01-17','2014-01-30',0,'1,2,3,4,5,6,0','yes',100,1,14.00,13.00,12.00,'failed','',1,NULL,'2014-02-10 13:50:38',35,'2014-01-17 15:23:57','2014-02-10 13:50:38',NULL,1,'true'),
	(47,285,5,'儿童票','online',1000,'2014-01-17','2014-01-30',0,'6,0','yes',100,1,14.00,13.00,12.00,'unaudited','',1,NULL,NULL,35,'2014-01-17 15:23:57','0000-00-00 00:00:00',NULL,1,'true'),
	(48,285,5,'老年人票','online',1000,'2014-01-17','2014-01-30',0,'1,2,3,4,5','yes',100,1,14.00,13.00,12.00,'unaudited','',1,NULL,NULL,35,'2014-01-17 15:23:57','0000-00-00 00:00:00',NULL,1,'true'),
	(49,244,5,'军人票','offline',1000,'2014-01-17','2014-05-22',2,'1,2,3,4,5,6,0','no',100,1,333.00,222.00,111.00,'unaudited','213213^%%^',1,NULL,NULL,35,'2014-01-17 15:24:55','0000-00-00 00:00:00',NULL,0,'true'),
	(50,244,5,'伤残人士票','offline',1000,'2014-01-17','2014-05-22',2,'6,0','no',100,1,333.00,222.00,111.00,'unaudited','gfdssd^$Y%%^',1,NULL,NULL,35,'2014-01-17 15:24:55','0000-00-00 00:00:00',NULL,0,'true'),
	(51,244,5,'超级无敌成人票','offline',1000,'2014-01-17','2014-05-22',2,'1,2,3,4,5','no',100,1,333.00,222.00,111.00,'unaudited','iuytrews324$@%$Y%^$^',1,NULL,NULL,35,'2014-01-17 15:24:55','0000-00-00 00:00:00',NULL,0,'true'),
	(52,286,2,'成人票','online',143,'2014-01-18','2014-01-20',0,'1,2,3,4,5,6,0','no',100,1,1.00,11.00,1.00,'normal','',1,NULL,'2014-01-19 15:50:25',12,'2014-01-19 15:42:43','2014-01-19 15:50:25',NULL,6,'true'),
	(53,286,2,'儿童票','online',1000,'2014-01-19','2014-01-29',0,'1,2,3,4,5,6,0','no',100,1,11.00,1.00,1.00,'normal','',1,NULL,'2014-01-19 15:50:37',12,'2014-01-19 15:42:43','2014-01-19 15:50:37',NULL,6,'true'),
	(54,286,2,'老年人票','online',123,'2014-01-19','2014-01-29',0,'1,2,3,4,5,6,0','no',100,1,1.00,11.00,1.00,'normal','',1,NULL,'2014-01-19 15:50:47',12,'2014-01-19 15:42:43','2014-01-19 15:50:47',NULL,6,'true'),
	(55,4,1,'成人票','offline',350,'2014-01-23','2014-03-28',0,'1,2,3,4,5,6,0','no',100,1,100.00,80.00,60.00,'normal','',1,NULL,'2014-01-23 18:38:34',41,'2014-01-23 18:37:04','2014-01-23 18:38:34',NULL,1,'true'),
	(56,4,1,'儿童票','offline',200,'2014-01-23','2014-03-28',0,'1,2,3,4,5,6,0','no',100,1,50.00,40.00,30.00,'normal','',1,NULL,'2014-01-23 18:38:57',41,'2014-01-23 18:37:04','2014-01-23 18:38:57',NULL,1,'true'),
	(57,4,1,'学生票','offline',100,'2014-01-23','2014-03-28',0,'1,2,3,4,5,6,0','no',100,1,60.00,50.00,40.00,'normal','',1,NULL,'2014-01-23 18:39:06',41,'2014-01-23 18:37:04','2014-01-23 18:39:06',NULL,1,'true'),
	(58,1,1,'成人票','offline',99999999,'0000-00-00','0000-00-00',0,'1,2,3,4,5,6,0','no',100,1,60.00,45.00,40.00,'unaudited','',1,NULL,NULL,41,'2014-01-26 17:58:37','2014-01-26 17:58:37',NULL,0,'true'),
	(59,1,1,'儿童票','offline',99999999,'0000-00-00','0000-00-00',0,'1,2,3,4,5','no',100,1,35.00,25.00,20.00,'unaudited','',1,NULL,NULL,41,'2014-01-26 17:58:37','2014-01-26 17:58:37',NULL,0,'true'),
	(60,248,2,'天天向上票','online',99999999,'2014-02-14','2014-12-31',3,'1,2,3,4,5,6,0','yes',100,1,200.00,100.00,0.01,'normal','好好娱乐，天天向上。',1,NULL,'2014-02-14 17:57:46',9,'2014-02-14 17:51:18','2014-02-14 17:57:46',NULL,5,'true'),
	(61,288,2,'成人票','online',99999999,'2014-02-14','2014-12-31',2,'1,2,3,4,5,6,0','yes',100,1,200.00,100.00,0.01,'normal','想谈朋友的快来订票呕~~~~~',1,NULL,'2014-02-14 18:20:16',9,'2014-02-14 18:19:15','2014-02-27 12:06:31',NULL,2,'true'),
	(62,289,2,'成人票','online',99999999,'2014-02-28','2014-05-30',0,'1,2,3,4,5,6,0','yes',100,1,3.00,2.00,0.01,'normal','aaa',1,NULL,'2014-02-28 14:56:04',9,'2014-02-28 11:54:39','2014-02-28 14:56:04',NULL,0,'true'),
	(63,289,2,'儿童票','online',99999999,'2014-02-28','2014-06-26',0,'1,2,3,4,5,6,0','yes',100,1,2.00,1.00,0.01,'normal','bbb',1,NULL,'2014-02-28 14:56:08',9,'2014-02-28 11:54:39','2014-02-28 14:56:08',NULL,0,'true');

/*!40000 ALTER TABLE `ticket_templates` ENABLE KEYS */;
UNLOCK TABLES;


# Dump of table ticket_types
# ------------------------------------------------------------

DROP TABLE IF EXISTS `ticket_types`;

CREATE TABLE `ticket_types` (
  `id` int(10) unsigned NOT NULL AUTO_INCREMENT,
  `name` varchar(255) NOT NULL,
  `created_by` int(10) unsigned DEFAULT NULL,
  `created_at` timestamp NOT NULL DEFAULT '0000-00-00 00:00:00',
  `updated_at` timestamp NOT NULL DEFAULT '0000-00-00 00:00:00',
  `deleted_at` timestamp NULL DEFAULT NULL,
  PRIMARY KEY (`id`)
) ENGINE=MyISAM DEFAULT CHARSET=utf8;

LOCK TABLES `ticket_types` WRITE;
/*!40000 ALTER TABLE `ticket_types` DISABLE KEYS */;

INSERT INTO `ticket_types` (`id`, `name`, `created_by`, `created_at`, `updated_at`, `deleted_at`)
VALUES
	(1,'成人票',0,'2013-10-01 00:00:01','2013-10-01 00:00:01',NULL),
	(2,'儿童票',0,'2013-10-01 00:00:01','2013-10-01 00:00:01',NULL),
	(3,'老年人票',0,'2013-10-01 00:00:01','2013-10-01 00:00:01',NULL),
	(4,'军人票',0,'2013-10-01 00:00:01','2013-10-01 00:00:01',NULL),
	(5,'伤残人士票',0,'2013-10-01 00:00:01','2013-10-01 00:00:01',NULL),
	(6,'超级无敌成人票',1,'2013-10-01 00:00:01','2013-10-01 00:00:01',NULL),
	(7,'学生票',7,'2013-10-16 09:39:47','2013-10-16 09:39:47',NULL),
	(8,'kkk2',9,'2013-11-22 10:38:43','2013-11-22 10:38:55',NULL);

/*!40000 ALTER TABLE `ticket_types` ENABLE KEYS */;
UNLOCK TABLES;


# Dump of table tickets
# ------------------------------------------------------------

DROP TABLE IF EXISTS `tickets`;

CREATE TABLE `tickets` (
  `id` bigint(20) unsigned NOT NULL AUTO_INCREMENT,
  `hash` varchar(100) NOT NULL COMMENT '票号',
  `order_id` bigint(20) unsigned NOT NULL DEFAULT '0' COMMENT '订单id',
  `status` enum('unused','used','useless') NOT NULL DEFAULT 'unused' COMMENT '状态：未使用|已使用|已作废',
  `used_time` int(10) unsigned DEFAULT '0' COMMENT '使用时间',
  `useless_time` int(10) unsigned DEFAULT '0' COMMENT '作废时间',
  PRIMARY KEY (`id`)
) ENGINE=InnoDB DEFAULT CHARSET=utf8 COMMENT='票明细表';

LOCK TABLES `tickets` WRITE;
/*!40000 ALTER TABLE `tickets` DISABLE KEYS */;

INSERT INTO `tickets` (`id`, `hash`, `order_id`, `status`, `used_time`, `useless_time`)
VALUES
	(1,'0002210000000001001',1,'used',0,0),
	(2,'0002210000000001002',1,'unused',0,0),
	(3,'0002210000000002001',2,'used',0,0),
	(4,'0002210000000002002',2,'used',0,0),
	(5,'0002210000000002003',2,'used',0,0),
	(6,'0002210000000002004',2,'used',0,0),
	(9,'0002210000000004001',4,'unused',0,0),
	(10,'0002210000000004002',4,'unused',0,0),
	(11,'0002210000000004003',4,'unused',0,0),
	(12,'0002210000000004004',4,'unused',0,0),
	(13,'0002210000000004005',4,'unused',0,0),
	(14,'0024810000000005001',5,'unused',0,0),
	(15,'0024810000000006001',6,'used',0,0),
	(16,'0024810000000006002',6,'used',0,0),
	(17,'0024810000000006003',6,'used',0,0),
	(18,'0024810000000006004',6,'used',0,0),
	(19,'0024810000000006005',6,'used',0,0),
	(20,'0024810000000007001',7,'unused',0,0),
	(21,'0024810000000008001',8,'unused',0,0),
	(22,'0024810000000009001',9,'unused',0,0),
	(23,'0024810000000009002',9,'unused',0,0),
	(24,'0024810000000010001',10,'unused',0,0),
	(25,'0024810000000011001',11,'used',0,0),
	(26,'0024810000000011002',11,'unused',0,0),
	(27,'0024810000000011003',11,'used',0,0),
	(28,'0024810000000012001',12,'unused',0,0),
	(29,'0024810000000012002',12,'unused',0,0),
	(30,'0024810000000012003',12,'used',0,0),
	(31,'0024810000000012004',12,'unused',0,0),
	(32,'0024810000000012005',12,'used',0,0),
	(33,'0024810000000012006',12,'used',0,0),
	(34,'0027610000000013001',13,'used',0,0),
	(35,'0027610000000013002',13,'used',0,0),
	(36,'0027610000000013003',13,'useless',0,0),
	(37,'0027610000000014001',14,'unused',0,0),
	(38,'0027610000000014002',14,'unused',0,0),
	(39,'0027610000000014003',14,'unused',0,0),
	(40,'0027610000000014004',14,'unused',0,0),
	(41,'0027610000000014005',14,'unused',0,0),
	(42,'0027610000000014006',14,'unused',0,0),
	(43,'0027610000000014007',14,'unused',0,0),
	(44,'0027610000000014008',14,'unused',0,0),
	(45,'0027610000000014009',14,'unused',0,0),
	(46,'0027610000000014010',14,'unused',0,0),
	(47,'0027610000000014011',14,'unused',0,0),
	(48,'0027610000000014012',14,'unused',0,0),
	(49,'0027610000000014013',14,'unused',0,0),
	(50,'0027610000000014014',14,'unused',0,0),
	(51,'0027610000000014015',14,'unused',0,0),
	(52,'0027610000000014016',14,'unused',0,0),
	(53,'0027610000000014017',14,'unused',0,0),
	(54,'0027610000000014018',14,'unused',0,0),
	(55,'0027610000000014019',14,'unused',0,0),
	(56,'0027610000000014020',14,'unused',0,0),
	(57,'0027610000000014021',14,'unused',0,0),
	(58,'0027610000000014022',14,'unused',0,0),
	(59,'0027610000000014023',14,'unused',0,0),
	(60,'0027610000000014024',14,'unused',0,0),
	(61,'0027610000000014025',14,'unused',0,0),
	(62,'0027610000000014026',14,'unused',0,0),
	(63,'0027610000000014027',14,'unused',0,0),
	(64,'0027610000000014028',14,'unused',0,0),
	(65,'0027610000000014029',14,'unused',0,0),
	(66,'0027610000000014030',14,'unused',0,0),
	(67,'0027610000000014031',14,'unused',0,0),
	(68,'0027610000000014032',14,'unused',0,0),
	(69,'0027610000000014033',14,'unused',0,0),
	(70,'0027610000000014034',14,'unused',0,0),
	(71,'0027610000000014035',14,'unused',0,0),
	(72,'0027610000000014036',14,'unused',0,0),
	(73,'0027610000000014037',14,'unused',0,0),
	(74,'0027610000000014038',14,'unused',0,0),
	(75,'0027610000000014039',14,'unused',0,0),
	(76,'0027610000000014040',14,'unused',0,0),
	(77,'0027610000000014041',14,'unused',0,0),
	(78,'0027610000000014042',14,'unused',0,0),
	(79,'0027610000000014043',14,'unused',0,0),
	(80,'0027610000000014044',14,'unused',0,0),
	(81,'0027610000000014045',14,'unused',0,0),
	(82,'0027610000000014046',14,'unused',0,0),
	(83,'0027610000000014047',14,'unused',0,0),
	(84,'0027610000000014048',14,'unused',0,0),
	(85,'0027610000000014049',14,'unused',0,0),
	(86,'0027610000000014050',14,'unused',0,0),
	(87,'0027610000000014051',14,'unused',0,0),
	(88,'0027610000000014052',14,'unused',0,0),
	(89,'0027610000000014053',14,'unused',0,0),
	(90,'0027610000000014054',14,'unused',0,0),
	(91,'0027610000000014055',14,'unused',0,0),
	(92,'0027610000000014056',14,'unused',0,0),
	(93,'0027610000000014057',14,'unused',0,0),
	(94,'0027610000000014058',14,'unused',0,0),
	(95,'0027610000000014059',14,'unused',0,0),
	(96,'0027610000000014060',14,'unused',0,0),
	(97,'0027610000000014061',14,'unused',0,0),
	(98,'0027610000000014062',14,'unused',0,0),
	(99,'0027610000000014063',14,'unused',0,0),
	(100,'0027610000000014064',14,'unused',0,0),
	(101,'0027610000000014065',14,'unused',0,0),
	(102,'0027610000000014066',14,'unused',0,0),
	(103,'0027610000000014067',14,'unused',0,0),
	(104,'0027610000000014068',14,'unused',0,0),
	(105,'0027610000000014069',14,'unused',0,0),
	(106,'0027610000000014070',14,'unused',0,0),
	(107,'0027610000000014071',14,'unused',0,0),
	(108,'0027610000000014072',14,'unused',0,0),
	(109,'0027610000000014073',14,'unused',0,0),
	(110,'0027610000000014074',14,'unused',0,0),
	(111,'0027610000000014075',14,'unused',0,0),
	(112,'0027610000000014076',14,'unused',0,0),
	(113,'0027610000000014077',14,'unused',0,0),
	(114,'0027610000000014078',14,'unused',0,0),
	(115,'0027610000000014079',14,'unused',0,0),
	(116,'0027610000000014080',14,'unused',0,0),
	(117,'0002210000000015001',15,'unused',0,0),
	(118,'0002210000000015002',15,'unused',0,0),
	(119,'0024810000000016001',16,'unused',0,0),
	(120,'0027610000000017001',17,'unused',0,0),
	(121,'0024810000000018001',18,'unused',0,0),
	(122,'0024810000000018002',18,'used',1388474370,0),
	(123,'0024810000000018003',18,'unused',0,0),
	(124,'0024810000000018004',18,'unused',0,0),
	(125,'0024810000000018005',18,'unused',0,0),
	(126,'0024810000000018006',18,'unused',0,0),
	(127,'0024810000000018007',18,'unused',0,0),
	(128,'0024810000000019001',19,'unused',0,0),
	(129,'0024810000000019002',19,'unused',0,0),
	(130,'0028210000000020001',20,'unused',0,0),
	(131,'0028210000000020002',20,'unused',0,0),
	(132,'0028210000000020003',20,'unused',0,0),
	(133,'0024810000000021001',21,'used',1388462415,0),
	(134,'0028210000000022001',22,'used',1388731740,0),
	(135,'0028210000000023001',23,'unused',0,0),
	(136,'0028210000000024001',24,'unused',0,0),
	(137,'0028210000000025001',25,'used',1389594106,0),
	(138,'0028210000000026001',26,'used',1389594073,0),
	(139,'0028210000000027001',27,'unused',0,0),
	(140,'0028210000000028001',28,'unused',0,0),
	(141,'0028210000000028002',28,'unused',0,0),
	(142,'0028210000000029001',29,'unused',0,0),
	(143,'0028210000000030001',30,'unused',0,0),
	(144,'0028210000000031001',31,'unused',0,0),
	(145,'0024810000000032001',32,'unused',0,0),
	(146,'0028210000000033001',33,'unused',0,0),
	(147,'0028210000000033002',33,'unused',0,0),
	(148,'0028210000000034001',34,'unused',0,0),
	(149,'0028210000000035001',35,'unused',0,0),
	(150,'0028210000000035002',35,'unused',0,0),
	(151,'0028210000000035003',35,'unused',0,0),
	(152,'0028210000000036001',36,'unused',0,0),
	(153,'0028210000000037001',37,'unused',0,0),
	(154,'0028210000000037002',37,'unused',0,0),
	(155,'0028210000000037003',37,'unused',0,0),
	(156,'0024810000000038001',38,'unused',0,0),
	(157,'0028210000000039001',39,'unused',0,0),
	(158,'0028210000000040001',40,'unused',0,0),
	(159,'0024810000000041001',41,'unused',0,0),
	(160,'0024810000000041002',41,'used',1390205124,0),
	(161,'0024810000000041003',41,'unused',0,0),
	(162,'0024810000000042001',42,'unused',0,0),
	(163,'0024810000000042002',42,'used',1390206118,0),
	(164,'0024810000000042003',42,'unused',0,0),
	(165,'0024810000000043001',43,'unused',0,0),
	(166,'0024810000000043002',43,'unused',0,0),
	(167,'0024810000000043003',43,'unused',0,0),
	(168,'0024810000000043004',43,'unused',0,0),
	(169,'0028210000000044001',44,'unused',0,0),
	(170,'0028210000000045001',45,'unused',0,0),
	(171,'0028210000000046001',46,'unused',0,0),
	(172,'0000010000000047001',47,'unused',0,0),
	(173,'0000010000000047002',47,'unused',0,0),
	(174,'0000010000000047003',47,'unused',0,0),
	(175,'0000010000000047004',47,'unused',0,0),
	(176,'0000010000000047005',47,'unused',0,0),
	(177,'0000010000000047006',47,'unused',0,0),
	(178,'0000010000000047007',47,'unused',0,0),
	(179,'0000010000000047008',47,'unused',0,0),
	(180,'0000010000000047009',47,'unused',0,0),
	(181,'0000010000000047010',47,'unused',0,0),
	(182,'0000010000000047011',47,'unused',0,0),
	(183,'0000010000000047012',47,'unused',0,0),
	(184,'0000010000000047013',47,'unused',0,0),
	(185,'0000010000000047014',47,'unused',0,0),
	(186,'0000010000000047015',47,'unused',0,0),
	(187,'0000010000000047016',47,'unused',0,0),
	(188,'0000010000000047017',47,'unused',0,0),
	(189,'0000010000000047018',47,'unused',0,0),
	(190,'0000010000000047019',47,'unused',0,0),
	(191,'0000010000000047020',47,'unused',0,0),
	(192,'0000010000000047021',47,'unused',0,0),
	(193,'0000010000000047022',47,'unused',0,0),
	(194,'0000010000000047023',47,'unused',0,0),
	(195,'0000010000000047024',47,'unused',0,0),
	(196,'0000010000000047025',47,'unused',0,0),
	(197,'0000010000000047026',47,'unused',0,0),
	(198,'0000010000000047027',47,'unused',0,0),
	(199,'0000010000000047028',47,'unused',0,0),
	(200,'0000010000000047029',47,'unused',0,0),
	(201,'0000010000000047030',47,'unused',0,0),
	(202,'0000010000000047031',47,'unused',0,0),
	(203,'0000010000000047032',47,'unused',0,0),
	(204,'0000010000000047033',47,'unused',0,0),
	(205,'0000010000000047034',47,'unused',0,0),
	(206,'0000010000000047035',47,'unused',0,0),
	(207,'0000010000000047036',47,'unused',0,0),
	(208,'0000010000000047037',47,'unused',0,0),
	(209,'0000010000000047038',47,'unused',0,0),
	(210,'0000010000000047039',47,'unused',0,0),
	(211,'0000010000000047040',47,'unused',0,0),
	(212,'0000010000000047041',47,'unused',0,0),
	(213,'0000010000000047042',47,'unused',0,0),
	(214,'0000010000000047043',47,'unused',0,0),
	(215,'0000010000000047044',47,'unused',0,0),
	(216,'0000010000000047045',47,'unused',0,0),
	(217,'0000010000000047046',47,'unused',0,0),
	(218,'0000010000000047047',47,'unused',0,0),
	(219,'0000010000000047048',47,'unused',0,0),
	(220,'0000010000000047049',47,'unused',0,0),
	(221,'0000010000000047050',47,'unused',0,0),
	(222,'0000010000000047051',47,'unused',0,0),
	(223,'0000010000000047052',47,'unused',0,0),
	(224,'0000010000000047053',47,'unused',0,0),
	(225,'0000010000000047054',47,'unused',0,0),
	(226,'0000010000000047055',47,'unused',0,0),
	(227,'0000010000000047056',47,'unused',0,0),
	(228,'0000010000000047057',47,'unused',0,0),
	(229,'0000010000000047058',47,'unused',0,0),
	(230,'0000010000000047059',47,'unused',0,0),
	(231,'0000010000000047060',47,'unused',0,0),
	(232,'0000010000000047061',47,'unused',0,0),
	(233,'0000010000000047062',47,'unused',0,0),
	(234,'0000010000000047063',47,'unused',0,0),
	(235,'0000010000000047064',47,'unused',0,0),
	(236,'0000010000000047065',47,'unused',0,0),
	(237,'0000010000000047066',47,'unused',0,0),
	(238,'0000010000000047067',47,'unused',0,0),
	(239,'0000010000000047068',47,'unused',0,0),
	(240,'0000010000000047069',47,'unused',0,0),
	(241,'0000010000000047070',47,'unused',0,0),
	(242,'0000010000000047071',47,'unused',0,0),
	(243,'0000010000000047072',47,'unused',0,0),
	(244,'0000010000000047073',47,'unused',0,0),
	(245,'0000010000000047074',47,'unused',0,0),
	(246,'0000010000000047075',47,'unused',0,0),
	(247,'0000010000000047076',47,'unused',0,0),
	(248,'0000010000000047077',47,'unused',0,0),
	(249,'0000010000000047078',47,'unused',0,0),
	(250,'0000010000000047079',47,'unused',0,0),
	(251,'0000010000000047080',47,'unused',0,0),
	(252,'0000010000000047081',47,'unused',0,0),
	(253,'0000010000000047082',47,'unused',0,0),
	(254,'0000010000000047083',47,'unused',0,0),
	(255,'0000010000000047084',47,'unused',0,0),
	(256,'0000010000000047085',47,'unused',0,0),
	(257,'0000010000000047086',47,'unused',0,0),
	(258,'0000010000000047087',47,'unused',0,0),
	(259,'0000010000000047088',47,'unused',0,0),
	(260,'0000010000000047089',47,'unused',0,0),
	(261,'0000010000000047090',47,'unused',0,0),
	(262,'0000010000000047091',47,'unused',0,0),
	(263,'0000010000000047092',47,'unused',0,0),
	(264,'0000010000000047093',47,'unused',0,0),
	(265,'0000010000000047094',47,'unused',0,0),
	(266,'0000010000000047095',47,'unused',0,0),
	(267,'0000010000000047096',47,'unused',0,0),
	(268,'0000010000000047097',47,'unused',0,0),
	(269,'0000010000000047098',47,'unused',0,0),
	(270,'0000010000000047099',47,'unused',0,0),
	(271,'0000010000000047100',47,'unused',0,0),
	(272,'0000010000000048001',48,'unused',0,0),
	(273,'0000010000000048002',48,'unused',0,0),
	(274,'0000010000000048003',48,'unused',0,0),
	(275,'0000010000000048004',48,'unused',0,0),
	(276,'0000010000000048005',48,'unused',0,0),
	(277,'0000010000000048006',48,'unused',0,0),
	(278,'0000010000000048007',48,'unused',0,0),
	(279,'9000010000000049001',49,'unused',0,0),
	(282,'BW00010000000052001',52,'unused',0,0),
	(283,'BW00010000000053001',53,'unused',0,0),
	(284,'BW00010000000054001',54,'unused',0,0),
	(285,'BW00010000000055001',55,'unused',0,0),
	(286,'BW00010000000055002',55,'unused',0,0),
	(287,'BW00010000000055003',55,'unused',0,0),
	(288,'BW00010000000055004',55,'unused',0,0),
	(289,'BW00010000000055005',55,'unused',0,0),
	(290,'BW00010000000055006',55,'unused',0,0),
	(291,'BW00010000000055007',55,'unused',0,0),
	(292,'BW00010000000055008',55,'unused',0,0),
	(293,'BW00010000000055009',55,'unused',0,0),
	(294,'BW00010000000055010',55,'unused',0,0),
	(295,'BW00010000000055011',55,'unused',0,0),
	(296,'BW00010000000055012',55,'unused',0,0),
	(297,'BW00010000000055013',55,'unused',0,0),
	(298,'BW00010000000055014',55,'unused',0,0),
	(299,'BW00010000000055015',55,'unused',0,0),
	(300,'BW00010000000055016',55,'unused',0,0),
	(301,'BW00010000000055017',55,'unused',0,0),
	(302,'BW00010000000055018',55,'unused',0,0),
	(303,'BW00010000000055019',55,'unused',0,0),
	(304,'BW00010000000055020',55,'unused',0,0),
	(305,'BW00010000000055021',55,'unused',0,0),
	(306,'BW00010000000055022',55,'unused',0,0),
	(307,'BW00010000000055023',55,'unused',0,0),
	(308,'BW00010000000055024',55,'unused',0,0),
	(309,'BW00010000000055025',55,'unused',0,0),
	(310,'BW00010000000055026',55,'unused',0,0),
	(311,'BW00010000000055027',55,'unused',0,0),
	(312,'BW00010000000055028',55,'unused',0,0),
	(313,'BW00010000000055029',55,'unused',0,0),
	(314,'BW00010000000055030',55,'unused',0,0),
	(315,'BW00010000000055031',55,'unused',0,0),
	(316,'BW00010000000055032',55,'unused',0,0),
	(317,'BW00010000000055033',55,'unused',0,0),
	(318,'BW00010000000055034',55,'unused',0,0),
	(319,'BW00010000000055035',55,'unused',0,0),
	(320,'BW00010000000055036',55,'unused',0,0),
	(321,'BW00010000000055037',55,'unused',0,0),
	(322,'BW00010000000055038',55,'unused',0,0),
	(323,'BW00010000000055039',55,'unused',0,0),
	(324,'BW00010000000055040',55,'unused',0,0),
	(325,'BW00010000000055041',55,'unused',0,0),
	(326,'BW00010000000055042',55,'unused',0,0),
	(327,'BW00010000000055043',55,'unused',0,0),
	(328,'BW00010000000055044',55,'unused',0,0),
	(329,'BW00010000000055045',55,'unused',0,0),
	(330,'BW00010000000055046',55,'unused',0,0),
	(331,'BW00010000000055047',55,'unused',0,0),
	(332,'BW00010000000055048',55,'unused',0,0),
	(333,'BW00010000000055049',55,'unused',0,0),
	(334,'BW00010000000055050',55,'unused',0,0),
	(335,'BW00010000000056001',56,'unused',0,0),
	(336,'BW00010000000056002',56,'unused',0,0),
	(337,'BW00010000000056003',56,'unused',0,0),
	(338,'BW00010000000056004',56,'unused',0,0),
	(339,'BW00010000000056005',56,'unused',0,0),
	(345,'T000010000000060001',60,'unused',0,0),
	(346,'T000010000000060002',60,'unused',0,0),
	(347,'T000010000000060003',60,'unused',0,0),
	(348,'T000010000000060004',60,'unused',0,0),
	(353,'T000010000000062001',62,'unused',0,0),
	(354,'T000010000000062002',62,'unused',0,0),
	(355,'T000010000000062003',62,'unused',0,0),
	(356,'T000010000000062004',62,'unused',0,0),
	(371,'T000010000000067001',67,'unused',0,0),
	(372,'T000010000000067002',67,'unused',0,0),
	(373,'T000010000000067003',67,'unused',0,0),
	(374,'T000010000000067004',67,'unused',0,0),
	(383,'T000010000000070001',70,'unused',0,0),
	(384,'T000010000000070002',70,'unused',0,0),
	(385,'T000010000000070003',70,'unused',0,0),
	(386,'T000010000000070004',70,'unused',0,0),
	(415,'T000010000000082001',82,'unused',0,0),
	(416,'T000010000000082002',82,'unused',0,0);

/*!40000 ALTER TABLE `tickets` ENABLE KEYS */;
UNLOCK TABLES;


# Dump of table user_message_status
# ------------------------------------------------------------

DROP TABLE IF EXISTS `user_message_status`;

CREATE TABLE `user_message_status` (
  `id` int(10) unsigned NOT NULL AUTO_INCREMENT,
  `user_id` int(10) unsigned NOT NULL COMMENT '用户id',
  `message_id` int(10) unsigned NOT NULL COMMENT '消息',
  `user_type` enum('org','system') NOT NULL COMMENT '用户平台，分销前台机构|分销后台用户',
  `status` enum('read','deleted') DEFAULT 'read' COMMENT '消息',
  PRIMARY KEY (`id`),
  UNIQUE KEY `user_id_msg_id_type` (`user_id`,`message_id`,`user_type`)
) ENGINE=InnoDB DEFAULT CHARSET=utf8;

LOCK TABLES `user_message_status` WRITE;
/*!40000 ALTER TABLE `user_message_status` DISABLE KEYS */;

INSERT INTO `user_message_status` (`id`, `user_id`, `message_id`, `user_type`, `status`)
VALUES
	(1,35,1,'org','deleted'),
	(3,41,1,'org','read'),
	(4,41,2,'org','read'),
	(5,35,3,'org','read'),
	(6,35,2,'org','read');

/*!40000 ALTER TABLE `user_message_status` ENABLE KEYS */;
UNLOCK TABLES;


# Dump of table users
# ------------------------------------------------------------

DROP TABLE IF EXISTS `users`;

CREATE TABLE `users` (
  `id` int(10) unsigned NOT NULL AUTO_INCREMENT,
  `account` varchar(100) NOT NULL,
  `password` varchar(100) NOT NULL,
  `name` varchar(100) DEFAULT NULL,
  `organization_id` int(10) unsigned DEFAULT NULL,
  `gender` enum('male','female') NOT NULL DEFAULT 'male',
  `email` varchar(100) DEFAULT NULL,
  `mobile` varchar(100) DEFAULT NULL,
  `telephone` varchar(100) DEFAULT NULL,
  `birthday` date DEFAULT NULL,
  `identity` varchar(100) DEFAULT NULL,
  `position` varchar(100) DEFAULT NULL,
  `biography` text,
  `status` tinyint(1) NOT NULL DEFAULT '1' COMMENT '״̬',
  `created_by` int(10) unsigned DEFAULT NULL,
  `created_at` timestamp NOT NULL DEFAULT '0000-00-00 00:00:00',
  `updated_at` timestamp NOT NULL DEFAULT '0000-00-00 00:00:00',
  `deleted_at` timestamp NULL DEFAULT NULL,
  `is_super` enum('0','1') NOT NULL DEFAULT '0' COMMENT '是否超级管理员 0：否 1：是',
  PRIMARY KEY (`id`),
  UNIQUE KEY `users_account_unique` (`account`),
  KEY `created_by` (`created_by`),
  CONSTRAINT `users_ibfk_1` FOREIGN KEY (`created_by`) REFERENCES `users` (`id`)
) ENGINE=InnoDB DEFAULT CHARSET=utf8;

LOCK TABLES `users` WRITE;
/*!40000 ALTER TABLE `users` DISABLE KEYS */;

INSERT INTO `users` (`id`, `account`, `password`, `name`, `organization_id`, `gender`, `email`, `mobile`, `telephone`, `birthday`, `identity`, `position`, `biography`, `status`, `created_by`, `created_at`, `updated_at`, `deleted_at`, `is_super`)
VALUES
	(1,'blindshadow','$2y$08$tm.V44yc3F1LqMVz4Il.O.39RRpp9YSrLT.DTvTf4zdzqsOd4oF/q','杨超',1,'male','blindshadow@foxmail.com','18621527275','+86 027 84675357','1987-08-18','870105198708182098','程序员','介绍你妹的介绍..凑够500个字要把爹累死阿...',1,1,'2013-08-20 19:21:31','2013-10-21 08:32:44',NULL,'1'),
	(2,'douqilong','$2y$08$wCfqhUd2km/CxIgD7naqUOh4RkaMxrwJLuMRHKWbod5eoluQcjafS','窦奇龙',2,'female','kane@gmail.com','18627566547','10086','0000-00-00','580105198098212234','小龙龙','介绍你妹的介绍..凑够600个字要把爹累死阿...',1,1,'1987-08-18 19:21:31','2013-08-21 12:10:02',NULL,'1'),
	(3,'zhaiqianqing','$2y$08$QJ1O2un1jhBks/4W358o7OcdG5BaEPFvYJ0yqTCxS3DFotYLqTlc2','翟倩卿',1,'female','zhaiqianqing@acelinked.com','13244567893','123456',NULL,NULL,NULL,'介绍你妹的介绍..凑够500个字要把爹累死阿...',1,2,'1987-08-18 19:21:31','2013-08-21 12:10:02',NULL,'1'),
	(4,'lifei','$2y$08$sibmuy5q5f5oq4bF.UfALu6Xo56nkXhHPdVNa1NR1zwOW.MWWGzHS','李飞',2,'male','lifei@gmail.com','12321527275',NULL,NULL,NULL,'CSS脚本专员','介绍你妹的介绍..凑够500个字要把爹累死阿...',1,3,'1987-08-18 19:21:31','2013-10-24 08:41:09',NULL,'1'),
	(5,'zhouxun','$2y$08$Rfq5pQwIsQdKYEFUTVl48epb37lpDSxATv00BO6AxZdh.KqgZTpya','周循',1,'male','zhouxun@acelinked.com','18621522346','+86 027 84675357',NULL,NULL,'产品经理','介绍你妹的介绍..凑够500个字要把爹累死阿...',1,1,'1987-08-18 19:21:31','2013-08-21 12:10:02',NULL,'1'),
	(6,'liuhe9','$2y$08$ffUu7QpJUaB2.0P.Urb5p.CmzJmiFQYwx303W3/c0/vPq/e7jgomC','刘德华',2,'male','liuhe9@qq.com','13122956617','','1987-01-08','420821198701084017','鸟不拉屎大王','鸟不拉屎星球鸟不拉屎大王',1,1,'2013-09-27 09:34:54','2013-09-27 09:34:54',NULL,'1'),
	(7,'test007','$2y$08$tm.V44yc3F1LqMVz4Il.O.39RRpp9YSrLT.DTvTf4zdzqsOd4oF/q','詹姆斯邦德',2,'male','007@union.com','13122956617','','1985-02-06','420102939201920391','007','007专员',1,6,'2013-09-29 04:20:31','2013-10-21 07:43:17',NULL,'1'),
	(8,'liuhe009','$2y$08$uzKMiuv8i9WAPz.2qsPKK.ycqqmYN1w/Ey1GbZaNAryWR.MrVBxLO','刘德华009',3,'male','liuhe9@qq.com','13122938872','','2013-08-29','420102020202020202','super man','are you ready',1,6,'2013-09-29 07:58:06','2013-10-14 04:32:21',NULL,'1'),
	(9,'abc123','$2y$08$SIVDfDXhG7iXL06V86L1/OzdZKtMniPJtlwTdvUfZO.yj9xApB.M2','吴斌',2,'male','','','','2013-10-10','','','',1,8,'2013-10-21 09:54:21','2013-10-21 09:54:21',NULL,'1'),
	(10,'aaa123','$2y$08$m9Z.csM4uoLO.vkHLf445O8TlL4/FU.svgFLKiNKddZUgncYV0N4i','',1,'male','','','','1970-01-01','','','',1,9,'2013-10-21 10:04:57','2013-10-21 10:04:57',NULL,'1'),
	(11,'checkin','$2y$08$vDg.gEfn2zTw0Yq7ykQwq.fYBhcniEdIn6/wxgdyeovBXaxqEMdhO','打卡平台专用',2,'male','','','','2013-10-02','','','不要删除',1,8,'2013-10-21 10:58:04','2013-10-21 10:58:04',NULL,'1'),
	(12,'shenxiaoyan','$2y$08$mRIeRHft33/YcavqCiBZ0uuKgI1UvGThGVXKczUiw0YzJ7ay.WGZO','小汇',2,'male','','13917306599','','2013-10-01','','','',1,8,'2013-10-22 03:08:53','2013-10-22 03:08:53',NULL,'1'),
	(13,'cuiyulei','$2y$08$z//HSpLp4QZqVzhgKs/hRuS2MT0iCgXpNmnLBX/KXBUDDjUhbtz9y','崔俊彦',2,'male','','13406389546','','2013-10-04','','','',1,8,'2013-10-23 07:59:21','2013-10-23 07:59:21',NULL,'1'),
	(15,'sunliang','$2y$08$VqzTnCO1xWSGFysgyLdOtubZj7J/1Of2c1CbM46hl9qwrO7lFriwG','孙亮',3,'male','','','','2013-10-01','','','',1,8,'2013-10-25 11:01:18','2013-10-25 11:01:18',NULL,'1'),
	(16,'yuanwei','$2y$08$LvhhF3NETzs13.de79MbWeNOQsusnN8XgVj7xxS0N0aX/BwNZFNIm','袁薇',3,'female','','13545454545','','2013-10-03','','','',1,8,'2013-10-31 09:40:56','2013-11-21 09:38:09',NULL,'1'),
	(17,'zhengwenjun','$2y$08$EWx2hb9ftRKsct6T8dk3ZetkcuFJ0FXps4OsRB7I/KA0lcUZCtzDe','郑文君',4,'male','','','','1970-01-01','','','',1,8,'2013-11-15 02:35:45','2013-11-15 02:35:45',NULL,'1'),
	(18,'luzhiping','$2y$08$xr7CsLNCBeGLd5/JJrgDZOPFkSR6KYIczOoSO.RnAbhM3GZWhUVrG','卢山',4,'female','','','','1970-01-01','','','',1,17,'2013-11-15 03:23:38','2013-11-15 03:23:38',NULL,'1'),
	(19,'chenhonghai','$2y$08$L22VvSY4hDrtfwMVvetia.O/W2.B/3Ik4t9N8e2tjvI6vTstdr4mK','陈宏海',4,'male','','','','1970-01-01','','','',1,17,'2013-11-15 03:29:05','2013-11-15 03:29:05',NULL,'1'),
	(20,'aaaaaa','$2y$08$9Hn/WkuhaupZOnLEAZ1Nkepxc.qEv/nteiDqZn1mXyJDsXh0l527W','小王',3,'male',NULL,NULL,NULL,NULL,NULL,NULL,NULL,1,16,'2013-11-19 10:24:16','2013-11-20 04:28:15',NULL,'1'),
	(21,'cccccc','$2y$08$IkkZzlyxNx.3PmXaJoScveZaQhVIkZ4qHryNCVIaeKimT7szFJGOS','小在',3,'male',NULL,'13545454545',NULL,'1970-01-01',NULL,NULL,NULL,1,16,'2013-11-19 10:29:21','2013-11-20 04:17:43',NULL,'1'),
	(22,'dddddd','$2y$08$3Ogn40VYl4QKB3uzGpiize6UMDour5K4jWi0PjiOhC/iUeqQhN076','小城',3,'','','13532121212','','1970-01-01','','','',1,16,'2013-11-19 10:31:16','2013-11-20 02:56:28',NULL,'1'),
	(23,'eeeeee','$2y$08$HxPQI7wRruwDZP33FJkHLeuaF0BU0S3OSoRP/ina/rssMA95uvZIK','小小',3,'','','13645454545','','1970-01-01','','','',1,16,'2013-11-19 10:32:39','2013-11-20 02:49:20',NULL,'1'),
	(24,'bbbbbb','$2y$08$UlyacUFEA43YBcFxAJIZtuJqEqR/MaCNimyvFXg/DOAAACDbNOe.S','小样',3,'','','13654545454','','1970-01-01','','','',1,16,'2013-11-20 04:19:43','2013-11-20 04:28:15',NULL,'1'),
	(25,'sdsdsdsd','$2y$08$FsZbGe0bXX/x4KIBMftqUuCwkzrS6/9g/5vxSvwhqqkZka3ILQDkO','xiaoxiao',3,'','','13654545454','','1970-01-01','','','',1,16,'2013-11-20 04:32:43','2013-11-20 04:32:53',NULL,'1'),
	(26,'adsadsadsd','$2y$08$2y5MnVqZwfz/GyjNry0aMe0JnpK2IfgiGkhWnecA7R8Mo4Cr.fPEW','xiaoxiao',3,'','','13656565666','','1970-01-01','','','',1,16,'2013-11-20 04:36:17','2013-11-20 04:36:25',NULL,'1'),
	(27,'aaaaaaa','$2y$08$Gs3v79o4Gge9kNE6FlSuq.SXBYsG5fCtM0LfOF97m5GgRLY8NZcie','小样',3,'','','13656565656','','1970-01-01','','','',1,16,'2013-11-20 05:56:22','2013-11-20 05:57:05',NULL,'1'),
	(28,'yuanweiyw','$2y$08$gJFmFZEdeOsy2D.BNAwW8OalYBaK6xojtPP2suyCp66ivak23CHZW','yuanwei',3,'','','13656565645','','1970-01-01','','','',1,16,'2013-11-20 05:58:02','2013-11-20 05:58:13',NULL,'1'),
	(29,'yuanweiyww','$2y$08$ZST3RSn96SvY3IvHhEnWXu2JUuyPHNLFoAQhn194xPkJNWBHo7N0q','yuanwei',3,'','','13656565656','','1970-01-01','','','',1,16,'2013-11-20 05:59:27','2013-11-20 05:59:36',NULL,'1'),
	(30,'dsdsdsdsere','$2y$08$HLF0AsV0RPJmOwGeL5ax8.sIANmN2vO7Aki0z90Q35faluu.NS9rq','yuanwei',3,'','','13656565657','','1970-01-01','','','',1,16,'2013-11-20 06:18:33','2013-11-21 09:19:24',NULL,'1'),
	(31,'gdfdsdsds','$2y$08$xKsiPkaRERzch6RPkrK0r.yinV55HfX06pnpdWZwWRfUpyJd8Y1bK','abcs',3,'','','13567676733','','1970-01-01','','','',1,16,'2013-11-20 09:46:43','2013-11-21 08:59:10',NULL,'1'),
	(32,'434343','$2y$08$zeMaSBgrdGHvdlXmvlxg6uSVEEXYhcl1IfPX6OBfUH1UeIi9PrMNe','xiao',3,'','','13567676767','','1970-01-01','','','',1,16,'2013-11-20 09:50:33','2013-11-20 09:51:30',NULL,'1'),
	(33,'fdsafdsa','$2y$08$sgENixsCnv.tawcWWKa9r.xongoWHhO1NTnu6oonuxL6fmP9fKXcy','aaaaa',2,'','','15898667586','','1970-01-01','','','',1,9,'2013-11-22 03:44:57','2013-11-22 03:44:57',NULL,'1'),
	(34,'xiexuyang','$2y$08$r87R1n74oLvrrsl1Bb2MZuD8HRCpzN.IZv.hAvJUctNIfP8m7mmji','谢旭阳',3,'','','13140000000','','1970-01-01','','','',1,8,'2013-11-26 02:32:24','2013-11-26 02:32:24',NULL,'1'),
	(35,'test008','$2y$08$0OpzJbttRjJaWsFBMnrfLe/S6GICi5zp6aummC1oYkiA6x1.Q83bO','科比',5,'male','','','','1970-01-01','','','',1,8,'2013-11-27 02:51:47','2014-01-21 18:35:33',NULL,'1'),
	(36,'jfkdlsa','$2y$08$BNeUA52y9G/ckELWBodPuetfwqN60Y/aRILQVhvG.bTj24EXBLWmm','一个男人',2,'','','13838383838','','1970-01-01','','','',1,9,'2013-11-28 02:59:41','2013-11-28 02:59:55',NULL,'1'),
	(37,'zhufeng','$2y$08$5wf0I346JIGy.A2ADAo4qeyTD/5be3oo8.vBrgT8sjghCpjlYK5xy','',4,'male','','','','1970-01-01','','','',1,18,'2013-12-11 03:45:46','2013-12-11 03:45:46',NULL,'1'),
	(38,'wangjie','$2y$08$yztHQyzhXSVup6aOBjTntOhvdQt.ci9xLEqgA9rr.ZLr1eVws9QAq','',4,'male','','','','1970-01-01','','','',1,18,'2013-12-11 03:46:15','2013-12-11 03:46:15',NULL,'1'),
	(39,'cuijian','$2y$08$szZJnVba8WkrUCtO6VvOEe3vsRbimGN0whCuyL0yyEx8.tRmYsKYu','',4,'male','','','','1970-01-01','','','',1,18,'2013-12-11 03:47:06','2013-12-11 03:47:06',NULL,'1'),
	(40,'zhufeng1987','$2y$08$RjzVm9YW1fvC1WiM1g76WuSMP/6axjFRPkaI5SjKIiGKsoKcqVUOi','朱峰',1,'male','','','','1970-01-01','','','',1,17,'2013-12-12 06:10:51','2013-12-12 06:10:51',NULL,'1'),
	(41,'organization1','$2y$08$K1/MUGC2KUJKj9NFAeBYgOqKCaw1wzZtrBsgul0Je0AodfKzuB2OG','organization1',1,'male','','15902732986','','2013-12-14','','','',1,6,'2013-12-16 03:34:31','2014-01-21 17:50:05',NULL,'1'),
	(42,'organization2','$2y$08$UIm5njnTKTxeNsY.yVYOduUaJUH/sappITDXQEoTFM8CcvCNda2cK','organization2',2,'male','','','','2013-12-21','','','',1,6,'2013-12-16 03:34:58','2013-12-16 03:34:58',NULL,'1'),
	(43,'organization3','$2y$08$vZ9PZV5ydDPjIJGaLw0dYeHfQd/e5DO3JwJrBErWcVnO64qjoZTdi','organization3',3,'male','','','','1970-01-01','','','',1,6,'2013-12-16 03:35:15','2013-12-16 03:35:15',NULL,'1'),
	(44,'organization5','$2y$08$Sbc8FFRyABMNeuYsQ1JI1eWD4TtzoEOnjhZMBzl2i2Gqpibbz0Ut2','organization5',5,'male','','13596879708','','1970-01-01','','','',1,6,'2013-12-16 03:35:34','2013-12-16 03:35:34',NULL,'1'),
	(45,'yangchanglei','$2y$08$yNs2aHcIBCF2IKy9idY35u9s7YSOMbCNv.trtvwHkTickFuVPHnU6','杨长磊',1,'male','','','','1970-01-01','','','',1,17,'2013-12-16 09:54:11','2013-12-16 09:54:11',NULL,'1'),
	(46,'zhangxiaofei','$2y$08$4JoQWCh77AD5UcHuLzTN3.i267TFFrWgIOEBIXpyMN/HxrKKyCR.6','张小飞',1,'male','','','','1970-01-01','','','',1,17,'2013-12-16 09:54:43','2013-12-16 09:54:43',NULL,'1'),
	(47,'xuqunli','$2y$08$st3WTWzuqnOYbu5pbnT.xOUXXclEz5aLP5xUfwfjUOwfzs8Nm1fkG','徐群立',1,'male','','','','1970-01-01','','','',1,17,'2013-12-16 09:58:58','2013-12-16 09:58:58',NULL,'1'),
	(48,'panhaitao','$2y$08$jCuR9ehWicq/KKBI9vh.2ed5jOetGtDY.hw.h/mVtHqIuoOmo4XNK','潘海涛',1,'male','','','','1970-01-01','','','',1,17,'2013-12-16 09:59:25','2013-12-16 09:59:25',NULL,'1'),
	(49,'douxiaolong','$2y$08$.bcOIRtoth6rc0G6EVOC0ejlr8X2PrKtaVgJyjP69/DnLmxc0dz2G','窦小龙',2,'male',NULL,'13512341234',NULL,NULL,NULL,NULL,NULL,1,9,'0000-00-00 00:00:00','0000-00-00 00:00:00',NULL,'1'),
	(50,'kaka123','$2y$08$MqsX681JhvatTO5BEawu5OfA8UWIcZ4vU6Y5GF78y/Qn4CrafsgV.','kaka123',5,'male',NULL,'13838383838',NULL,NULL,NULL,NULL,NULL,0,35,'0000-00-00 00:00:00','0000-00-00 00:00:00',NULL,'1'),
	(51,'321432435453453','$2y$08$BWCQBuwf70V8Z9yhtAUJZO5k6qZOcXhpD2TzFknQrLrwM04WolxrK','dasa',3,'male',NULL,'13545454545',NULL,NULL,NULL,NULL,NULL,1,16,'0000-00-00 00:00:00','0000-00-00 00:00:00',NULL,'1'),
	(52,'JoJo00','$2y$08$LHWEikzEeREQrluWTHcC6ukzizS0tuyqsza7E/ZY2Envfv0FV9JyO','JoJo',6,'male',NULL,'15901995260',NULL,NULL,NULL,NULL,NULL,1,9,'0000-00-00 00:00:00','0000-00-00 00:00:00',NULL,'1'),
	(53,'test111','$2y$08$O1Kx9p1j8RfQFaM4Z.rRk.qRnrdk0zzSQ0sy0FRDN1XhQv015MhG2',NULL,7,'male',NULL,NULL,NULL,NULL,NULL,NULL,NULL,1,NULL,'2014-01-15 12:06:11','0000-00-00 00:00:00',NULL,'1'),
	(54,'xldxpy','$2y$08$.wfb0a1UVJgg3rDdWBIcx.8SaPyVST1wZCZdyhaUlADRLEKMvYjFq','新来的小朋友',5,'male',NULL,'13838383838',NULL,NULL,NULL,NULL,NULL,1,35,'2014-01-16 18:54:41','0000-00-00 00:00:00',NULL,'0'),
	(55,'213121','$2y$08$hDK888rLHcUrz/E1ZzXnSOUsOpH7wQv4aLUWijjusHPSidhu/5qia',NULL,8,'male',NULL,NULL,NULL,NULL,NULL,NULL,NULL,1,NULL,'2014-01-17 16:46:57','0000-00-00 00:00:00',NULL,'0'),
	(56,'213122','$2y$08$nkuyt.uSqNd/ax8awon1H.cBKylCqkhwGrCGpzbU2nO2TPnVqrsJy',NULL,9,'male',NULL,NULL,NULL,NULL,NULL,NULL,NULL,1,NULL,'2014-01-17 17:24:13','0000-00-00 00:00:00',NULL,'0'),
	(57,'123001','$2y$08$ORp1VrDddpB3EE2bfBGioejJ1ECYKjAce5BLW9gGE7z2HpP6Qe4mC',NULL,10,'male',NULL,NULL,NULL,NULL,NULL,NULL,NULL,1,NULL,'2014-01-18 11:43:24','0000-00-00 00:00:00',NULL,'1'),
	(58,'123002','$2y$08$/S8h5Tvs3lu1QR1txNzFruqDrEQrLAAO51QIXT47ScDrk5Hfrih2G',NULL,11,'male',NULL,NULL,NULL,NULL,NULL,NULL,NULL,1,NULL,'2014-01-18 11:46:22','0000-00-00 00:00:00',NULL,'1'),
	(59,'wocane','$2y$08$X1GDZ0Xh5IqLkIChVj2QwOaqJEJTEUfsm20SEduzC/AXmC2RO/dbS',NULL,12,'male',NULL,NULL,NULL,NULL,NULL,NULL,NULL,1,NULL,'2014-01-18 11:47:14','0000-00-00 00:00:00',NULL,'1'),
	(60,'123003','$2y$08$Ycz.GlextGMDwYYaOYGXveRTnFNvMKY5LzD/1XHExyFoGIzCjtucm',NULL,13,'male',NULL,NULL,NULL,NULL,NULL,NULL,NULL,1,NULL,'2014-01-18 14:40:19','0000-00-00 00:00:00',NULL,'1'),
	(61,'123004','$2y$08$Z14uJmQtly8cmZKuHrw3yuAyg.kh3jevj9umzLK6XCswS49Q872au',NULL,14,'male',NULL,NULL,NULL,NULL,NULL,NULL,NULL,1,NULL,'2014-01-20 11:15:41','0000-00-00 00:00:00',NULL,'1'),
	(62,'123005','$2y$08$tJP89oYP5BDMV6rofMrZduYUXJLi2kYqQKWRKYihNtSoVHoGLdPsu',NULL,15,'male',NULL,NULL,NULL,NULL,NULL,NULL,NULL,1,NULL,'2014-01-21 14:24:24','0000-00-00 00:00:00',NULL,'1'),
	(63,'justtest','$2y$08$harMUwQPdrnccVYam/w4hOMTQWn187.8htCkYaDh57Zvu52UHWhV2',NULL,16,'male',NULL,NULL,NULL,NULL,NULL,NULL,NULL,1,NULL,'2014-01-22 13:57:42','0000-00-00 00:00:00',NULL,'1'),
	(64,'sfdsfdsfs','$2y$08$vSR9fzc.oU/2ZtJcPQ5tceh.s4gQk/H/ILClPu3.cUZZp3fGLXIE6',NULL,17,'male',NULL,NULL,NULL,NULL,NULL,NULL,NULL,1,NULL,'2014-01-22 14:05:32','0000-00-00 00:00:00',NULL,'1'),
	(65,'1321321321','$2y$08$E30wtRb2gvMIBWGJBOzANOIzB2IPt64yh1hbfehHuTqhOC3NsSU3a',NULL,18,'male',NULL,NULL,NULL,NULL,NULL,NULL,NULL,1,NULL,'2014-01-22 14:05:58','0000-00-00 00:00:00',NULL,'1'),
	(66,'test123','$2y$08$5zLkmesM9A3NmsO.cP04pOlCK6QO3f4l9HbiIdkADqzuDK8hOIMZ2',NULL,19,'male',NULL,NULL,NULL,NULL,NULL,NULL,NULL,1,NULL,'2014-01-22 14:06:56','0000-00-00 00:00:00',NULL,'1'),
	(67,'niaobulashi','$2y$08$o46REbkCM/a1Pp5biB8K/.rgJCbUAd4Qz3ntIWxJ3TxhIBAuUPC5q',NULL,20,'male',NULL,NULL,NULL,NULL,NULL,NULL,NULL,1,NULL,'2014-01-22 14:29:32','0000-00-00 00:00:00',NULL,'1'),
	(68,'123006','$2y$08$hjZqQCWYLqXbmw.Wj5LYfu7eZ80lLQRPSjMSey6HW5oClZPmYUoFG','死鬼',21,'male',NULL,'13838383838',NULL,NULL,NULL,NULL,NULL,1,NULL,'2014-01-22 14:49:24','0000-00-00 00:00:00',NULL,'1'),
	(69,'123007','$2y$08$owWCVTIR39K2DTB9K8ZLhecOjQ3KpieclDAO4zU/pgvxflBM1jQ/q',NULL,23,'male',NULL,NULL,NULL,NULL,NULL,NULL,NULL,1,NULL,'2014-02-28 11:21:20','0000-00-00 00:00:00',NULL,'1'),
	(70,'organization2_1','$2y$08$tXq.XcIam1qTYf/Aqo9WxuB.NoJIaqJ3xRn12rwMvVv7NrsMRDVyy','organization2_1',2,'male',NULL,'',NULL,NULL,NULL,NULL,NULL,1,6,'2014-03-10 21:23:43','2014-03-10 21:23:43',NULL,'0');

/*!40000 ALTER TABLE `users` ENABLE KEYS */;
UNLOCK TABLES;



/*!40111 SET SQL_NOTES=@OLD_SQL_NOTES */;
/*!40101 SET SQL_MODE=@OLD_SQL_MODE */;
/*!40014 SET FOREIGN_KEY_CHECKS=@OLD_FOREIGN_KEY_CHECKS */;
/*!40101 SET CHARACTER_SET_CLIENT=@OLD_CHARACTER_SET_CLIENT */;
/*!40101 SET CHARACTER_SET_RESULTS=@OLD_CHARACTER_SET_RESULTS */;
/*!40101 SET COLLATION_CONNECTION=@OLD_COLLATION_CONNECTION */;
